{"level":"info","msg":"数据库表创建成功","time":"2025-12-12 08:53:18"}
{"level":"info","mode":"debug","msg":"服务器启动","time":"2025-12-12 08:53:18"}
{"level":"debug","msg":"限流器状态","name":"local","time":"2025-12-12 08:53:26","tokens":99}
{"duration":"6.784ms","level":"info","method":"POST","msg":"请求处理完成","path":"/employee/refresh","request_id":"dfc43a92-5051-4ef8-879f-36a0deb9f96f","status":200,"time":"2025-12-12 08:53:26"}
{"level":"debug","msg":"限流器状态","name":"local","time":"2025-12-12 08:53:28","tokens":99}
{"duration":"5.4566ms","level":"info","method":"POST","msg":"请求处理完成","path":"/employee/refresh","request_id":"0756a787-e1a9-4ea9-9758-886fd783fbad","status":200,"time":"2025-12-12 08:53:28"}
{"level":"debug","msg":"限流器状态","name":"local","time":"2025-12-12 08:53:29","tokens":99}
{"duration":"3.3916ms","level":"info","method":"POST","msg":"请求处理完成","path":"/employee/refresh","request_id":"65b2a961-f3c3-4267-ad3a-0fe16d7b214c","status":200,"time":"2025-12-12 08:53:29"}
{"level":"debug","msg":"限流器状态","name":"local","time":"2025-12-12 08:53:30","tokens":99}
{"duration":"3.7181ms","level":"info","method":"POST","msg":"请求处理完成","path":"/employee/refresh","request_id":"8eb974f9-146a-406a-9f20-5318ca134397","status":200,"time":"2025-12-12 08:53:30"}
{"level":"debug","msg":"限流器状态","name":"local","time":"2025-12-12 08:57:58","tokens":99}
{"error":"token is malformed: token contains an invalid number of segments","level":"error","msg":"JWT token解析错误","time":"2025-12-12 08:57:58"}
{"duration":"2.5363ms","level":"info","method":"POST","msg":"请求处理完成","path":"/employee/refresh","request_id":"0a8efcce-a217-4c4d-b22e-aa460916be7a","status":401,"time":"2025-12-12 08:57:58"}
{"level":"debug","msg":"限流器状态","name":"local","time":"2025-12-12 08:57:58","tokens":98}
{"error":"token is malformed: token contains an invalid number of segments","level":"error","msg":"JWT token解析错误","time":"2025-12-12 08:57:58"}
{"duration":"2.1114ms","level":"info","method":"POST","msg":"请求处理完成","path":"/employee/refresh","request_id":"7ebf86fc-8127-4651-bbf3-dbfbf8b1c970","status":401,"time":"2025-12-12 08:57:58"}
{"level":"debug","msg":"限流器状态","name":"local","time":"2025-12-12 08:57:58","tokens":97}
{"error":"token is malformed: token contains an invalid number of segments","level":"error","msg":"JWT token解析错误","time":"2025-12-12 08:57:58"}
{"duration":"1.5831ms","level":"info","method":"POST","msg":"请求处理完成","path":"/employee/refresh","request_id":"cc299d8b-d409-4be8-aaac-2f5173ba503d","status":401,"time":"2025-12-12 08:57:58"}
{"level":"debug","msg":"限流器状态","name":"local","time":"2025-12-12 08:57:59","tokens":99}
{"error":"token is malformed: token contains an invalid number of segments","level":"error","msg":"JWT token解析错误","time":"2025-12-12 08:57:59"}
{"duration":"2.5315ms","level":"info","method":"POST","msg":"请求处理完成","path":"/employee/refresh","request_id":"29919edc-dfb3-4010-9cc1-920887c08c8d","status":401,"time":"2025-12-12 08:57:59"}
{"level":"debug","msg":"限流器状态","name":"local","time":"2025-12-12 08:57:59","tokens":98}
{"error":"token is malformed: token contains an invalid number of segments","level":"error","msg":"JWT token解析错误","time":"2025-12-12 08:57:59"}
{"duration":"1.1983ms","level":"info","method":"POST","msg":"请求处理完成","path":"/employee/refresh","request_id":"8f8fd89a-c2aa-4a20-8d41-6b2656616158","status":401,"time":"2025-12-12 08:57:59"}
{"level":"debug","msg":"限流器状态","name":"local","time":"2025-12-12 08:57:59","tokens":97}
{"error":"token is malformed: token contains an invalid number of segments","level":"error","msg":"JWT token解析错误","time":"2025-12-12 08:57:59"}
{"duration":"1.7987ms","level":"info","method":"POST","msg":"请求处理完成","path":"/employee/refresh","request_id":"572bd747-01cb-4912-856b-b7b22416212e","status":401,"time":"2025-12-12 08:57:59"}
{"level":"debug","msg":"限流器状态","name":"local","time":"2025-12-12 08:58:00","tokens":99}
{"error":"token is malformed: token contains an invalid number of segments","level":"error","msg":"JWT token解析错误","time":"2025-12-12 08:58:00"}
{"duration":"2.2127ms","level":"info","method":"POST","msg":"请求处理完成","path":"/employee/refresh","request_id":"ea0058d4-afb8-4dc7-9df8-aaf492207ccc","status":401,"time":"2025-12-12 08:58:00"}
{"level":"debug","msg":"限流器状态","name":"local","time":"2025-12-12 08:58:00","tokens":98}
{"error":"token is malformed: token contains an invalid number of segments","level":"error","msg":"JWT token解析错误","time":"2025-12-12 08:58:00"}
{"duration":"527.3µs","level":"info","method":"POST","msg":"请求处理完成","path":"/employee/refresh","request_id":"46787d83-7d96-4991-8ff1-761de87aea7e","status":429,"time":"2025-12-12 08:58:00"}
{"duration":"4.0367ms","level":"info","method":"POST","msg":"请求处理完成","path":"/employee/refresh","request_id":"71c80843-ad6d-4c4c-951d-120fdb630c18","status":401,"time":"2025-12-12 08:58:00"}
{"duration":"1.0519ms","level":"info","method":"POST","msg":"请求处理完成","path":"/employee/refresh","request_id":"74600805-5388-490e-a978-5fe9ce952453","status":429,"time":"2025-12-12 08:58:01"}
{"duration":"1.6895ms","level":"info","method":"POST","msg":"请求处理完成","path":"/employee/refresh","request_id":"d5bef2e3-045d-49e4-920a-f9e16497cb97","status":429,"time":"2025-12-12 08:58:01"}
{"level":"debug","msg":"限流器状态","name":"local","time":"2025-12-12 08:58:01","tokens":99}
{"level":"debug","msg":"限流器状态","name":"local","time":"2025-12-12 08:58:01","tokens":99}
{"duration":"3.9645ms","level":"info","method":"POST","msg":"请求处理完成","path":"/employee/refresh","request_id":"0d291007-5348-4061-a262-22ccdd00b5a1","status":429,"time":"2025-12-12 08:58:01"}
{"error":"token is malformed: token contains an invalid number of segments","level":"error","msg":"JWT token解析错误","time":"2025-12-12 08:58:01"}
{"duration":"5.1549ms","level":"info","method":"POST","msg":"请求处理完成","path":"/employee/refresh","request_id":"4fb6d8c2-d3d7-4b28-bf02-0c2463c86b2a","status":401,"time":"2025-12-12 08:58:01"}
{"error":"token is malformed: token contains an invalid number of segments","level":"error","msg":"JWT token解析错误","time":"2025-12-12 08:58:01"}
{"duration":"4.103ms","level":"info","method":"POST","msg":"请求处理完成","path":"/employee/refresh","request_id":"621c9da2-f99b-487b-b992-b2936bc49e76","status":429,"time":"2025-12-12 08:58:01"}
{"duration":"4.103ms","level":"info","method":"POST","msg":"请求处理完成","path":"/employee/refresh","request_id":"15f2bcf6-32d9-4430-8b85-236c355893f8","status":401,"time":"2025-12-12 08:58:01"}
{"level":"debug","msg":"限流器状态","name":"local","time":"2025-12-12 08:58:01","tokens":98}
{"error":"token is malformed: token contains an invalid number of segments","level":"error","msg":"JWT token解析错误","time":"2025-12-12 08:58:01"}
{"duration":"4.6307ms","level":"info","method":"POST","msg":"请求处理完成","path":"/employee/refresh","request_id":"44cec770-4af1-4d0c-8e3a-287d60417418","status":401,"time":"2025-12-12 08:58:01"}
{"level":"debug","msg":"限流器状态","name":"local","time":"2025-12-12 08:58:02","tokens":99}
{"error":"token is malformed: token contains an invalid number of segments","level":"error","msg":"JWT token解析错误","time":"2025-12-12 08:58:02"}
{"duration":"2.0809ms","level":"info","method":"POST","msg":"请求处理完成","path":"/employee/refresh","request_id":"3eb77284-e518-412d-8379-69841bfd9766","status":401,"time":"2025-12-12 08:58:02"}
{"duration":"5.3118ms","level":"info","method":"POST","msg":"请求处理完成","path":"/employee/refresh","request_id":"b4e41894-0e22-4568-92d7-6379734ce7b6","status":429,"time":"2025-12-12 08:58:02"}
{"level":"debug","msg":"限流器状态","name":"local","time":"2025-12-12 08:58:02","tokens":99}
{"error":"token is malformed: token contains an invalid number of segments","level":"error","msg":"JWT token解析错误","time":"2025-12-12 08:58:02"}
{"duration":"25.8731ms","level":"info","method":"POST","msg":"请求处理完成","path":"/employee/refresh","request_id":"7b762c63-b591-42ad-9d58-17e2a457ef69","status":401,"time":"2025-12-12 08:58:02"}
{"level":"debug","msg":"限流器状态","name":"local","time":"2025-12-12 08:58:03","tokens":99}
{"error":"token is malformed: token contains an invalid number of segments","level":"error","msg":"JWT token解析错误","time":"2025-12-12 08:58:03"}
{"duration":"5.2525ms","level":"info","method":"POST","msg":"请求处理完成","path":"/employee/refresh","request_id":"4a317c01-45b1-4673-8ce4-6c6345ce2be5","status":401,"time":"2025-12-12 08:58:03"}
{"level":"debug","msg":"限流器状态","name":"local","time":"2025-12-12 08:58:03","tokens":99}
{"error":"token is malformed: token contains an invalid number of segments","level":"error","msg":"JWT token解析错误","time":"2025-12-12 08:58:03"}
{"duration":"2.1831ms","level":"info","method":"POST","msg":"请求处理完成","path":"/employee/refresh","request_id":"1cb3b70b-57ef-4097-b5ea-e40ea61e7204","status":401,"time":"2025-12-12 08:58:03"}
{"level":"debug","msg":"限流器状态","name":"local","time":"2025-12-12 08:58:03","tokens":98}
{"error":"token is malformed: token contains an invalid number of segments","level":"error","msg":"JWT token解析错误","time":"2025-12-12 08:58:03"}
{"duration":"1.7019ms","level":"info","method":"POST","msg":"请求处理完成","path":"/employee/refresh","request_id":"307f91bd-1995-44f0-805d-8a145d624563","status":401,"time":"2025-12-12 08:58:03"}
{"level":"debug","msg":"限流器状态","name":"local","time":"2025-12-12 08:58:04","tokens":99}
{"error":"token is malformed: token contains an invalid number of segments","level":"error","msg":"JWT token解析错误","time":"2025-12-12 08:58:04"}
{"duration":"1.4456ms","level":"info","method":"POST","msg":"请求处理完成","path":"/employee/refresh","request_id":"550f8fa8-8314-414b-abd0-c491916d422d","status":401,"time":"2025-12-12 08:58:04"}
{"level":"debug","msg":"限流器状态","name":"local","time":"2025-12-12 08:58:04","tokens":98}
{"error":"token is malformed: token contains an invalid number of segments","level":"error","msg":"JWT token解析错误","time":"2025-12-12 08:58:04"}
{"duration":"5.7266ms","level":"info","method":"POST","msg":"请求处理完成","path":"/employee/refresh","request_id":"bef29f23-a49c-41a7-8819-b27f29dc90f6","status":401,"time":"2025-12-12 08:58:04"}
{"duration":"1.2824ms","level":"info","method":"POST","msg":"请求处理完成","path":"/employee/refresh","request_id":"3f51fe10-b204-462b-93ca-91a6e6b0672d","status":429,"time":"2025-12-12 08:58:04"}
{"level":"debug","msg":"限流器状态","name":"local","time":"2025-12-12 08:58:04","tokens":97}
{"duration":"1.0919ms","level":"info","method":"POST","msg":"请求处理完成","path":"/employee/refresh","request_id":"76724d36-1771-43c1-9563-02ea2ad12f17","status":429,"time":"2025-12-12 08:58:04"}
{"level":"debug","msg":"限流器状态","name":"local","time":"2025-12-12 08:58:04","tokens":96}
{"error":"token is malformed: token contains an invalid number of segments","level":"error","msg":"JWT token解析错误","time":"2025-12-12 08:58:04"}
{"duration":"1.7613ms","level":"info","method":"POST","msg":"请求处理完成","path":"/employee/refresh","request_id":"bc1e6f53-375e-444f-a114-097b606bdc44","status":401,"time":"2025-12-12 08:58:04"}
{"error":"token is malformed: token contains an invalid number of segments","level":"error","msg":"JWT token解析错误","time":"2025-12-12 08:58:04"}
{"duration":"1.8107ms","level":"info","method":"POST","msg":"请求处理完成","path":"/employee/refresh","request_id":"361473c8-deb7-4597-a346-5fae581cd896","status":401,"time":"2025-12-12 08:58:04"}
{"level":"debug","msg":"限流器状态","name":"local","time":"2025-12-12 08:58:04","tokens":96}
{"error":"token is malformed: token contains an invalid number of segments","level":"error","msg":"JWT token解析错误","time":"2025-12-12 08:58:04"}
{"duration":"3.197ms","level":"info","method":"POST","msg":"请求处理完成","path":"/employee/refresh","request_id":"208ef2e0-9fd8-46cd-b734-909c151d4db9","status":401,"time":"2025-12-12 08:58:04"}
{"level":"debug","msg":"限流器状态","name":"local","time":"2025-12-12 08:58:04","tokens":99}
{"error":"token is malformed: token contains an invalid number of segments","level":"error","msg":"JWT token解析错误","time":"2025-12-12 08:58:04"}
{"duration":"1.8042ms","level":"info","method":"POST","msg":"请求处理完成","path":"/employee/refresh","request_id":"3f21ed2e-0175-4f11-aeb5-ac53f5543b7d","status":401,"time":"2025-12-12 08:58:04"}
{"level":"debug","msg":"限流器状态","name":"local","time":"2025-12-12 08:58:04","tokens":98}
{"error":"token is malformed: token contains an invalid number of segments","level":"error","msg":"JWT token解析错误","time":"2025-12-12 08:58:04"}
{"duration":"1.9515ms","level":"info","method":"POST","msg":"请求处理完成","path":"/employee/refresh","request_id":"496e8779-afdd-4a47-9335-355600f921bb","status":401,"time":"2025-12-12 08:58:04"}
{"level":"debug","msg":"限流器状态","name":"local","time":"2025-12-12 08:58:04","tokens":97}
{"error":"token is malformed: token contains an invalid number of segments","level":"error","msg":"JWT token解析错误","time":"2025-12-12 08:58:04"}
{"duration":"1.218ms","level":"info","method":"POST","msg":"请求处理完成","path":"/employee/refresh","request_id":"a2054d60-42d6-4c0e-b444-cfac7fa65102","status":401,"time":"2025-12-12 08:58:04"}
{"level":"debug","msg":"限流器状态","name":"local","time":"2025-12-12 08:58:06","tokens":99}
{"error":"token is malformed: token contains an invalid number of segments","level":"error","msg":"JWT token解析错误","time":"2025-12-12 08:58:06"}
{"duration":"2.0045ms","level":"info","method":"POST","msg":"请求处理完成","path":"/employee/refresh","request_id":"3f1beb65-1806-432b-86c7-f6b718aea3bf","status":401,"time":"2025-12-12 08:58:06"}
{"level":"debug","msg":"限流器状态","name":"local","time":"2025-12-12 08:58:06","tokens":98}
{"error":"token is malformed: token contains an invalid number of segments","level":"error","msg":"JWT token解析错误","time":"2025-12-12 08:58:06"}
{"duration":"2.4523ms","level":"info","method":"POST","msg":"请求处理完成","path":"/employee/refresh","request_id":"d7ab5b36-f7b2-459c-8186-ee63493aeb23","status":401,"time":"2025-12-12 08:58:06"}
{"level":"debug","msg":"限流器状态","name":"local","time":"2025-12-12 08:58:06","tokens":97}
{"error":"token is malformed: token contains an invalid number of segments","level":"error","msg":"JWT token解析错误","time":"2025-12-12 08:58:06"}
{"duration":"4.8363ms","level":"info","method":"POST","msg":"请求处理完成","path":"/employee/refresh","request_id":"7daa4ce9-d1cb-427e-9a51-832bb7fa8e86","status":401,"time":"2025-12-12 08:58:06"}
{"level":"debug","msg":"限流器状态","name":"local","time":"2025-12-12 08:58:07","tokens":99}
{"error":"token is malformed: token contains an invalid number of segments","level":"error","msg":"JWT token解析错误","time":"2025-12-12 08:58:07"}
{"duration":"2.1533ms","level":"info","method":"POST","msg":"请求处理完成","path":"/employee/refresh","request_id":"b93b5b23-6122-45d6-a358-f56a4d604bf6","status":401,"time":"2025-12-12 08:58:07"}
{"level":"debug","msg":"限流器状态","name":"local","time":"2025-12-12 08:58:07","tokens":98}
{"error":"token is malformed: token contains an invalid number of segments","level":"error","msg":"JWT token解析错误","time":"2025-12-12 08:58:07"}
{"duration":"1.9374ms","level":"info","method":"POST","msg":"请求处理完成","path":"/employee/refresh","request_id":"6006642e-50d9-4d78-a998-b5dadbd4bf78","status":401,"time":"2025-12-12 08:58:07"}
{"level":"debug","msg":"限流器状态","name":"local","time":"2025-12-12 08:58:07","tokens":99}
{"error":"token is malformed: token contains an invalid number of segments","level":"error","msg":"JWT token解析错误","time":"2025-12-12 08:58:07"}
{"duration":"8.7042ms","level":"info","method":"POST","msg":"请求处理完成","path":"/employee/refresh","request_id":"dd3004e9-0523-444d-bda3-bdff9feaba92","status":401,"time":"2025-12-12 08:58:07"}
{"level":"debug","msg":"限流器状态","name":"local","time":"2025-12-12 08:58:07","tokens":98}
{"duration":"543.7µs","level":"info","method":"POST","msg":"请求处理完成","path":"/employee/refresh","request_id":"06c577d1-8c4c-4f73-900a-10a1f89fc3e5","status":429,"time":"2025-12-12 08:58:07"}
{"duration":"543.7µs","level":"info","method":"POST","msg":"请求处理完成","path":"/employee/refresh","request_id":"ec40022a-aeb1-47d5-86e5-ec7aa1b0870a","status":429,"time":"2025-12-12 08:58:07"}
{"error":"token is malformed: token contains an invalid number of segments","level":"error","msg":"JWT token解析错误","time":"2025-12-12 08:58:07"}
{"duration":"1.6217ms","level":"info","method":"POST","msg":"请求处理完成","path":"/employee/refresh","request_id":"9eafa2ea-1d9b-4a6b-b119-c322e4732fbd","status":401,"time":"2025-12-12 08:58:07"}
{"duration":"549.5µs","level":"info","method":"POST","msg":"请求处理完成","path":"/employee/refresh","request_id":"d2d85fd9-206a-4568-81f4-4151051d624e","status":429,"time":"2025-12-12 08:58:07"}
{"level":"debug","msg":"限流器状态","name":"local","time":"2025-12-12 08:58:07","tokens":98}
{"error":"token is malformed: token contains an invalid number of segments","level":"error","msg":"JWT token解析错误","time":"2025-12-12 08:58:07"}
{"duration":"7.9707ms","level":"info","method":"POST","msg":"请求处理完成","path":"/employee/refresh","request_id":"fee28c2e-c91a-490c-ad39-df3ab19cde04","status":401,"time":"2025-12-12 08:58:07"}
{"level":"debug","msg":"限流器状态","name":"local","time":"2025-12-12 08:58:07","tokens":98}
{"error":"token is malformed: token contains an invalid number of segments","level":"error","msg":"JWT token解析错误","time":"2025-12-12 08:58:07"}
{"duration":"1.2902ms","level":"info","method":"POST","msg":"请求处理完成","path":"/employee/refresh","request_id":"990de51e-c9ae-41be-9254-ab91dd6f1587","status":401,"time":"2025-12-12 08:58:07"}
{"level":"debug","msg":"限流器状态","name":"local","time":"2025-12-12 08:58:08","tokens":99}
{"error":"token is malformed: token contains an invalid number of segments","level":"error","msg":"JWT token解析错误","time":"2025-12-12 08:58:08"}
{"duration":"2.0279ms","level":"info","method":"POST","msg":"请求处理完成","path":"/employee/refresh","request_id":"cab94ffe-9eb5-4290-b07a-8d99bc35b1bb","status":401,"time":"2025-12-12 08:58:08"}
{"level":"debug","msg":"限流器状态","name":"local","time":"2025-12-12 08:58:09","tokens":99}
{"duration":"2.197ms","level":"info","method":"POST","msg":"请求处理完成","path":"/employee/refresh","request_id":"b26fc66e-0a77-4583-a36b-621fc21f863b","status":429,"time":"2025-12-12 08:58:09"}
{"error":"token is malformed: token contains an invalid number of segments","level":"error","msg":"JWT token解析错误","time":"2025-12-12 08:58:09"}
{"duration":"2.7112ms","level":"info","method":"POST","msg":"请求处理完成","path":"/employee/refresh","request_id":"d7bf207d-f6e0-41fc-baa5-94dd2d008095","status":401,"time":"2025-12-12 08:58:09"}
{"level":"debug","msg":"限流器状态","name":"local","time":"2025-12-12 08:58:10","tokens":99}
{"error":"token is malformed: token contains an invalid number of segments","level":"error","msg":"JWT token解析错误","time":"2025-12-12 08:58:10"}
{"duration":"2.2321ms","level":"info","method":"POST","msg":"请求处理完成","path":"/employee/refresh","request_id":"b9b3af9c-a248-4fec-a52b-abc9ad920ca4","status":401,"time":"2025-12-12 08:58:10"}
{"level":"debug","msg":"限流器状态","name":"local","time":"2025-12-12 08:58:10","tokens":98}
{"error":"token is malformed: token contains an invalid number of segments","level":"error","msg":"JWT token解析错误","time":"2025-12-12 08:58:10"}
{"duration":"1.878ms","level":"info","method":"POST","msg":"请求处理完成","path":"/employee/refresh","request_id":"656f162f-df24-4828-a441-c5098c574aeb","status":401,"time":"2025-12-12 08:58:10"}
{"level":"debug","msg":"限流器状态","name":"local","time":"2025-12-12 08:58:10","tokens":97}
{"error":"token is malformed: token contains an invalid number of segments","level":"error","msg":"JWT token解析错误","time":"2025-12-12 08:58:10"}
{"duration":"1.1395ms","level":"info","method":"POST","msg":"请求处理完成","path":"/employee/refresh","request_id":"8fcd33d6-d576-4f58-b561-1c47c524defe","status":401,"time":"2025-12-12 08:58:10"}
{"level":"debug","msg":"限流器状态","name":"local","time":"2025-12-12 08:58:10","tokens":99}
{"error":"token is malformed: token contains an invalid number of segments","level":"error","msg":"JWT token解析错误","time":"2025-12-12 08:58:10"}
{"duration":"2.2227ms","level":"info","method":"POST","msg":"请求处理完成","path":"/employee/refresh","request_id":"971b99eb-971c-4c85-bea2-419359ce31fb","status":401,"time":"2025-12-12 08:58:10"}
{"level":"debug","msg":"限流器状态","name":"local","time":"2025-12-12 08:58:11","tokens":99}
{"duration":"1.1788ms","level":"info","method":"POST","msg":"请求处理完成","path":"/employee/refresh","request_id":"00359dd8-9294-4b77-a463-902db33af223","status":429,"time":"2025-12-12 08:58:11"}
{"error":"token is malformed: token contains an invalid number of segments","level":"error","msg":"JWT token解析错误","time":"2025-12-12 08:58:11"}
{"duration":"1.7154ms","level":"info","method":"POST","msg":"请求处理完成","path":"/employee/refresh","request_id":"5208b56c-559e-4879-935d-2fc22903ec15","status":401,"time":"2025-12-12 08:58:11"}
{"level":"debug","msg":"限流器状态","name":"local","time":"2025-12-12 08:58:11","tokens":98}
{"error":"token is malformed: token contains an invalid number of segments","level":"error","msg":"JWT token解析错误","time":"2025-12-12 08:58:11"}
{"duration":"1.7407ms","level":"info","method":"POST","msg":"请求处理完成","path":"/employee/refresh","request_id":"81a440e2-6651-4519-b354-b0c43c78d39a","status":401,"time":"2025-12-12 08:58:11"}
{"level":"debug","msg":"限流器状态","name":"local","time":"2025-12-12 08:58:11","tokens":97}
{"error":"token is malformed: token contains an invalid number of segments","level":"error","msg":"JWT token解析错误","time":"2025-12-12 08:58:11"}
{"duration":"1.6114ms","level":"info","method":"POST","msg":"请求处理完成","path":"/employee/refresh","request_id":"969a9699-5006-4c3d-bbb0-e0f41412303e","status":401,"time":"2025-12-12 08:58:11"}
{"level":"debug","msg":"限流器状态","name":"local","time":"2025-12-12 08:58:11","tokens":96}
{"error":"token is malformed: token contains an invalid number of segments","level":"error","msg":"JWT token解析错误","time":"2025-12-12 08:58:11"}
{"duration":"513.2µs","level":"info","method":"POST","msg":"请求处理完成","path":"/employee/refresh","request_id":"4762cb40-1dad-4fc7-ad0e-44934c3b5009","status":401,"time":"2025-12-12 08:58:11"}
{"level":"debug","msg":"限流器状态","name":"local","time":"2025-12-12 08:58:11","tokens":96}
{"error":"token is malformed: token contains an invalid number of segments","level":"error","msg":"JWT token解析错误","time":"2025-12-12 08:58:11"}
{"duration":"2.5734ms","level":"info","method":"POST","msg":"请求处理完成","path":"/employee/refresh","request_id":"664da060-c6cb-4cbd-9c83-fa892e95b6e9","status":401,"time":"2025-12-12 08:58:11"}
{"level":"debug","msg":"限流器状态","name":"local","time":"2025-12-12 08:58:11","tokens":96}
{"error":"token is malformed: token contains an invalid number of segments","level":"error","msg":"JWT token解析错误","time":"2025-12-12 08:58:11"}
{"duration":"3.4108ms","level":"info","method":"POST","msg":"请求处理完成","path":"/employee/refresh","request_id":"26116b78-084f-4829-bba9-17d5b8fd49eb","status":401,"time":"2025-12-12 08:58:11"}
{"duration":"1.0845ms","level":"info","method":"POST","msg":"请求处理完成","path":"/employee/refresh","request_id":"9ca1d427-f3e0-4a78-b2ca-08281eab5df5","status":429,"time":"2025-12-12 08:58:14"}
{"duration":"1.6121ms","level":"info","method":"POST","msg":"请求处理完成","path":"/employee/refresh","request_id":"6ff4532d-4c0f-4dbd-8cd2-f54db5041953","status":429,"time":"2025-12-12 08:58:14"}
{"level":"debug","msg":"限流器状态","name":"local","time":"2025-12-12 08:58:14","tokens":99}
{"error":"token is malformed: token contains an invalid number of segments","level":"error","msg":"JWT token解析错误","time":"2025-12-12 08:58:14"}
{"duration":"1.6121ms","level":"info","method":"POST","msg":"请求处理完成","path":"/employee/refresh","request_id":"c541ab79-1ebe-4a88-8be6-01ce252fcc25","status":401,"time":"2025-12-12 08:58:14"}
{"duration":"1.0652ms","level":"info","method":"POST","msg":"请求处理完成","path":"/employee/refresh","request_id":"5b5c9d24-d5c2-44cd-95aa-5d6d5b89b3d6","status":429,"time":"2025-12-12 08:58:14"}
{"level":"debug","msg":"限流器状态","name":"local","time":"2025-12-12 08:58:14","tokens":98}
{"error":"token is malformed: token contains an invalid number of segments","level":"error","msg":"JWT token解析错误","time":"2025-12-12 08:58:14"}
{"duration":"2.4156ms","level":"info","method":"POST","msg":"请求处理完成","path":"/employee/refresh","request_id":"f89650e4-a31f-4edd-9478-c8622fdaa5ce","status":401,"time":"2025-12-12 08:58:14"}
{"level":"debug","msg":"限流器状态","name":"local","time":"2025-12-12 08:58:14","tokens":97}
{"error":"token is malformed: token contains an invalid number of segments","level":"error","msg":"JWT token解析错误","time":"2025-12-12 08:58:14"}
{"duration":"1.5796ms","level":"info","method":"POST","msg":"请求处理完成","path":"/employee/refresh","request_id":"159b1a1a-adbf-4b8e-a809-379acdfe5ce6","status":401,"time":"2025-12-12 08:58:14"}
{"level":"debug","msg":"限流器状态","name":"local","time":"2025-12-12 08:58:14","tokens":97}
{"error":"token is malformed: token contains an invalid number of segments","level":"error","msg":"JWT token解析错误","time":"2025-12-12 08:58:14"}
{"duration":"1.4952ms","level":"info","method":"POST","msg":"请求处理完成","path":"/employee/refresh","request_id":"1927651f-0984-4d08-9f33-9df95aa5b0e9","status":401,"time":"2025-12-12 08:58:14"}
{"level":"debug","msg":"限流器状态","name":"local","time":"2025-12-12 08:58:18","tokens":99}
{"duration":"595µs","level":"info","method":"POST","msg":"请求处理完成","path":"/employee/refresh","request_id":"c6147689-a177-497a-ad34-6e2e998f1a28","status":429,"time":"2025-12-12 08:58:18"}
{"duration":"1.1019ms","level":"info","method":"POST","msg":"请求处理完成","path":"/employee/refresh","request_id":"7a65b148-6bbe-467c-a9ab-146e10f02313","status":429,"time":"2025-12-12 08:58:18"}
{"error":"token is malformed: token contains an invalid number of segments","level":"error","msg":"JWT token解析错误","time":"2025-12-12 08:58:18"}
{"duration":"2.5091ms","level":"info","method":"POST","msg":"请求处理完成","path":"/employee/refresh","request_id":"c308053f-843b-4f2d-b88e-7a79261420cf","status":401,"time":"2025-12-12 08:58:18"}
{"level":"debug","msg":"限流器状态","name":"local","time":"2025-12-12 08:58:18","tokens":98}
{"error":"token is malformed: token contains an invalid number of segments","level":"error","msg":"JWT token解析错误","time":"2025-12-12 08:58:18"}
{"duration":"1.0184ms","level":"info","method":"POST","msg":"请求处理完成","path":"/employee/refresh","request_id":"130b0ab9-6927-4ce3-8c8b-3f18e6083293","status":401,"time":"2025-12-12 08:58:18"}
{"level":"debug","msg":"限流器状态","name":"local","time":"2025-12-12 08:58:18","tokens":97}
{"duration":"1.3349ms","level":"info","method":"POST","msg":"请求处理完成","path":"/employee/refresh","request_id":"08192a00-80c7-41ef-835e-3f258f9e7326","status":429,"time":"2025-12-12 08:58:18"}
{"error":"token is malformed: token contains an invalid number of segments","level":"error","msg":"JWT token解析错误","time":"2025-12-12 08:58:18"}
{"duration":"2.5365ms","level":"info","method":"POST","msg":"请求处理完成","path":"/employee/refresh","request_id":"308483cb-4d10-425b-9068-a08d8bb4a53e","status":401,"time":"2025-12-12 08:58:18"}
{"level":"debug","msg":"限流器状态","name":"local","time":"2025-12-12 08:58:18","tokens":97}
{"error":"token is malformed: token contains an invalid number of segments","level":"error","msg":"JWT token解析错误","time":"2025-12-12 08:58:18"}
{"duration":"1.8209ms","level":"info","method":"POST","msg":"请求处理完成","path":"/employee/refresh","request_id":"1168a77b-92d2-4a60-acc7-cf72a1514074","status":401,"time":"2025-12-12 08:58:18"}
{"duration":"2.5091ms","level":"info","method":"POST","msg":"请求处理完成","path":"/employee/refresh","request_id":"7d1d7c9d-26a3-4b6b-a55f-0317adef39b8","status":429,"time":"2025-12-12 08:58:22"}
{"duration":"2.5091ms","level":"info","method":"POST","msg":"请求处理完成","path":"/employee/refresh","request_id":"8c9cddf7-54dc-4ae7-be41-ec850ac28437","status":429,"time":"2025-12-12 08:58:22"}
{"level":"debug","msg":"限流器状态","name":"local","time":"2025-12-12 08:58:22","tokens":99}
{"error":"token is malformed: token contains an invalid number of segments","level":"error","msg":"JWT token解析错误","time":"2025-12-12 08:58:22"}
{"duration":"2.5091ms","level":"info","method":"POST","msg":"请求处理完成","path":"/employee/refresh","request_id":"b9f41f4a-2f25-414c-83c3-c3239e80bec6","status":401,"time":"2025-12-12 08:58:22"}
{"level":"debug","msg":"限流器状态","name":"local","time":"2025-12-12 08:58:22","tokens":98}
{"error":"token is malformed: token contains an invalid number of segments","level":"error","msg":"JWT token解析错误","time":"2025-12-12 08:58:22"}
{"duration":"2.8972ms","level":"info","method":"POST","msg":"请求处理完成","path":"/employee/refresh","request_id":"67231e50-83d5-45e9-bfe6-769aed2630b2","status":401,"time":"2025-12-12 08:58:22"}
{"level":"debug","msg":"限流器状态","name":"local","time":"2025-12-12 08:58:22","tokens":97}
{"duration":"1.294ms","level":"info","method":"POST","msg":"请求处理完成","path":"/employee/refresh","request_id":"82ae1779-1700-4c36-bcb1-5ebcec90190f","status":429,"time":"2025-12-12 08:58:22"}
{"error":"token is malformed: token contains an invalid number of segments","level":"error","msg":"JWT token解析错误","time":"2025-12-12 08:58:22"}
{"duration":"1.294ms","level":"info","method":"POST","msg":"请求处理完成","path":"/employee/refresh","request_id":"079682d7-dcd2-46e1-bd86-81af0b3f88e9","status":401,"time":"2025-12-12 08:58:22"}
{"level":"debug","msg":"限流器状态","name":"local","time":"2025-12-12 08:58:22","tokens":97}
{"error":"token is malformed: token contains an invalid number of segments","level":"error","msg":"JWT token解析错误","time":"2025-12-12 08:58:22"}
{"duration":"2.2809ms","level":"info","method":"POST","msg":"请求处理完成","path":"/employee/refresh","request_id":"b8897507-490d-4d1b-aeb6-a5aef13a3775","status":401,"time":"2025-12-12 08:58:22"}
{"duration":"1.0788ms","level":"info","method":"POST","msg":"请求处理完成","path":"/employee/refresh","request_id":"06c3ca6f-ea75-429f-9769-fbb367d5c4ca","status":429,"time":"2025-12-12 08:58:26"}
{"level":"debug","msg":"限流器状态","name":"local","time":"2025-12-12 08:58:26","tokens":99}
{"error":"token is malformed: token contains an invalid number of segments","level":"error","msg":"JWT token解析错误","time":"2025-12-12 08:58:26"}
{"duration":"2.1812ms","level":"info","method":"POST","msg":"请求处理完成","path":"/employee/refresh","request_id":"3d6268ec-9fae-43d1-a6af-7376afb1994c","status":401,"time":"2025-12-12 08:58:26"}
{"level":"debug","msg":"限流器状态","name":"local","time":"2025-12-12 08:58:26","tokens":98}
{"error":"token is malformed: token contains an invalid number of segments","level":"error","msg":"JWT token解析错误","time":"2025-12-12 08:58:26"}
{"duration":"2.2043ms","level":"info","method":"POST","msg":"请求处理完成","path":"/employee/refresh","request_id":"0f010fe0-55de-4fa0-bfc0-c873bd8236d8","status":401,"time":"2025-12-12 08:58:26"}
{"duration":"1.0663ms","level":"info","method":"POST","msg":"请求处理完成","path":"/employee/refresh","request_id":"7824f070-8339-4d65-98df-549609114b1f","status":429,"time":"2025-12-12 08:58:26"}
{"level":"debug","msg":"限流器状态","name":"local","time":"2025-12-12 08:58:26","tokens":97}
{"duration":"1.1198ms","level":"info","method":"POST","msg":"请求处理完成","path":"/employee/refresh","request_id":"9147c8b4-a8ec-4b8d-8d36-43e8d8418eef","status":429,"time":"2025-12-12 08:58:26"}
{"error":"token is malformed: token contains an invalid number of segments","level":"error","msg":"JWT token解析错误","time":"2025-12-12 08:58:26"}
{"duration":"1.6419ms","level":"info","method":"POST","msg":"请求处理完成","path":"/employee/refresh","request_id":"4a59e990-92e3-4050-9585-81784c715a4e","status":401,"time":"2025-12-12 08:58:26"}
{"level":"debug","msg":"限流器状态","name":"local","time":"2025-12-12 08:58:26","tokens":99}
{"error":"token is malformed: token contains an invalid number of segments","level":"error","msg":"JWT token解析错误","time":"2025-12-12 08:58:26"}
{"duration":"2.0951ms","level":"info","method":"POST","msg":"请求处理完成","path":"/employee/refresh","request_id":"56425fe1-90e9-479c-bfcb-c2ef77a4fa54","status":401,"time":"2025-12-12 08:58:26"}
{"duration":"1.5103ms","level":"info","method":"POST","msg":"请求处理完成","path":"/employee/refresh","request_id":"325a1cfb-3e51-4aca-8780-ff1de975c75a","status":429,"time":"2025-12-12 08:58:29"}
{"level":"debug","msg":"限流器状态","name":"local","time":"2025-12-12 08:58:29","tokens":99}
{"level":"debug","msg":"限流器状态","name":"local","time":"2025-12-12 08:58:29","tokens":98}
{"error":"token is malformed: token contains an invalid number of segments","level":"error","msg":"JWT token解析错误","time":"2025-12-12 08:58:29"}
{"duration":"2.0554ms","level":"info","method":"POST","msg":"请求处理完成","path":"/employee/refresh","request_id":"fb4f3621-ed41-4be7-b4cf-f8b07070049e","status":401,"time":"2025-12-12 08:58:29"}
{"error":"token is malformed: token contains an invalid number of segments","level":"error","msg":"JWT token解析错误","time":"2025-12-12 08:58:29"}
{"duration":"2.0554ms","level":"info","method":"POST","msg":"请求处理完成","path":"/employee/refresh","request_id":"46aed935-97b4-4d21-b559-aa277d8150db","status":401,"time":"2025-12-12 08:58:29"}
{"duration":"0s","level":"info","method":"POST","msg":"请求处理完成","path":"/employee/refresh","request_id":"8490b792-6b2d-4da8-b816-61a2aae34ce5","status":429,"time":"2025-12-12 08:58:29"}
{"level":"debug","msg":"限流器状态","name":"local","time":"2025-12-12 08:58:29","tokens":97}
{"duration":"0s","level":"info","method":"POST","msg":"请求处理完成","path":"/employee/refresh","request_id":"72b81854-9f2b-4720-ace8-4556071d7f2e","status":429,"time":"2025-12-12 08:58:29"}
{"error":"token is malformed: token contains an invalid number of segments","level":"error","msg":"JWT token解析错误","time":"2025-12-12 08:58:29"}
{"duration":"0s","level":"info","method":"POST","msg":"请求处理完成","path":"/employee/refresh","request_id":"8d5334a9-cb12-4317-aa72-4c322805657f","status":401,"time":"2025-12-12 08:58:29"}
{"level":"debug","msg":"限流器状态","name":"local","time":"2025-12-12 08:58:30","tokens":99}
{"error":"token is malformed: token contains an invalid number of segments","level":"error","msg":"JWT token解析错误","time":"2025-12-12 08:58:30"}
{"duration":"2.2851ms","level":"info","method":"POST","msg":"请求处理完成","path":"/employee/refresh","request_id":"1f000a57-dd09-400b-b66a-e73431c1fba0","status":401,"time":"2025-12-12 08:58:30"}
{"duration":"1.5076ms","level":"info","method":"POST","msg":"请求处理完成","path":"/employee/refresh","request_id":"de98c2f5-ea3c-497d-9978-b92a57609fa8","status":429,"time":"2025-12-12 08:58:33"}
{"level":"debug","msg":"限流器状态","name":"local","time":"2025-12-12 08:58:33","tokens":99}
{"error":"token is malformed: token contains an invalid number of segments","level":"error","msg":"JWT token解析错误","time":"2025-12-12 08:58:33"}
{"duration":"2.0833ms","level":"info","method":"POST","msg":"请求处理完成","path":"/employee/refresh","request_id":"a723ce79-55cf-45cf-94a5-0542fbdfdfed","status":401,"time":"2025-12-12 08:58:33"}
{"level":"debug","msg":"限流器状态","name":"local","time":"2025-12-12 08:58:33","tokens":98}
{"error":"token is malformed: token contains an invalid number of segments","level":"error","msg":"JWT token解析错误","time":"2025-12-12 08:58:33"}
{"duration":"1.628ms","level":"info","method":"POST","msg":"请求处理完成","path":"/employee/refresh","request_id":"0784d3fd-079c-42cd-ac06-4ab82592c159","status":401,"time":"2025-12-12 08:58:33"}
{"level":"debug","msg":"限流器状态","name":"local","time":"2025-12-12 08:58:33","tokens":97}
{"error":"token is malformed: token contains an invalid number of segments","level":"error","msg":"JWT token解析错误","time":"2025-12-12 08:58:33"}
{"duration":"1.0411ms","level":"info","method":"POST","msg":"请求处理完成","path":"/employee/refresh","request_id":"29a2985f-d8f7-46fb-8875-8a6214710e1a","status":401,"time":"2025-12-12 08:58:33"}
{"level":"debug","msg":"限流器状态","name":"local","time":"2025-12-12 08:58:33","tokens":98}
{"duration":"1.0341ms","level":"info","method":"POST","msg":"请求处理完成","path":"/employee/refresh","request_id":"2a27f830-1d05-4ad6-9516-d1b20abe6909","status":429,"time":"2025-12-12 08:58:33"}
{"error":"token is malformed: token contains an invalid number of segments","level":"error","msg":"JWT token解析错误","time":"2025-12-12 08:58:33"}
{"duration":"1.3507ms","level":"info","method":"POST","msg":"请求处理完成","path":"/employee/refresh","request_id":"412d9aaa-75b2-48c3-bdcd-d5e02e1a1d6c","status":401,"time":"2025-12-12 08:58:33"}
{"level":"debug","msg":"限流器状态","name":"local","time":"2025-12-12 08:58:33","tokens":98}
{"error":"token is malformed: token contains an invalid number of segments","level":"error","msg":"JWT token解析错误","time":"2025-12-12 08:58:33"}
{"duration":"1.6676ms","level":"info","method":"POST","msg":"请求处理完成","path":"/employee/refresh","request_id":"d61c87cb-fab1-47de-b7cd-348564290caa","status":401,"time":"2025-12-12 08:58:33"}
{"level":"debug","msg":"限流器状态","name":"local","time":"2025-12-12 08:58:41","tokens":99}
{"duration":"3.4724ms","level":"info","method":"POST","msg":"请求处理完成","path":"/employee/refresh","request_id":"0ffb1107-d2e3-4510-b7c8-ebeae8e856bb","status":200,"time":"2025-12-12 08:58:41"}
{"level":"debug","msg":"限流器状态","name":"local","time":"2025-12-12 08:59:11","tokens":99}
{"duration":"3.3251ms","level":"info","method":"POST","msg":"请求处理完成","path":"/employee/login","request_id":"9eb0baaa-a817-45cb-9f68-2ef20f63edee","status":429,"time":"2025-12-12 08:59:11"}
{"level":"debug","msg":"限流器状态","name":"local","time":"2025-12-12 08:59:11","tokens":98}
{"duration":"6.7439ms","level":"info","method":"POST","msg":"请求处理完成","path":"/employee/login","request_id":"65cf4563-54d3-4c74-b8eb-c5530a7eecad","status":200,"time":"2025-12-12 08:59:11"}
{"duration":"5.37ms","level":"info","method":"POST","msg":"请求处理完成","path":"/employee/login","request_id":"74a052e5-4935-4cd3-8d72-8235ff75d212","status":200,"time":"2025-12-12 08:59:11"}
{"level":"debug","msg":"限流器状态","name":"local","time":"2025-12-12 08:59:15","tokens":99}
{"level":"debug","msg":"限流器状态","name":"local","time":"2025-12-12 08:59:15","tokens":98}
{"duration":"491.2µs","level":"info","method":"POST","msg":"请求处理完成","path":"/employee/login","request_id":"dcb95e7d-c35f-4289-b022-0d123621ff1b","status":429,"time":"2025-12-12 08:59:15"}
{"duration":"1.0021ms","level":"info","method":"POST","msg":"请求处理完成","path":"/employee/login","request_id":"72704103-6cd6-4e5e-9d4d-b1a3d119762c","status":429,"time":"2025-12-12 08:59:15"}
{"duration":"7.0928ms","level":"info","method":"POST","msg":"请求处理完成","path":"/employee/login","request_id":"5e664d5e-deeb-4e6d-8b3a-fd5414cd103c","status":200,"time":"2025-12-12 08:59:15"}
{"level":"debug","msg":"限流器状态","name":"local","time":"2025-12-12 08:59:15","tokens":97}
{"duration":"3.6369ms","level":"info","method":"POST","msg":"请求处理完成","path":"/employee/login","request_id":"1cdfa14f-4b74-4cb1-86f9-0008957a493c","status":200,"time":"2025-12-12 08:59:15"}
{"duration":"4.5265ms","level":"info","method":"POST","msg":"请求处理完成","path":"/employee/login","request_id":"b8d3f31e-784c-4cb1-81a2-e9d598fe9d40","status":200,"time":"2025-12-12 08:59:15"}
{"level":"debug","msg":"限流器状态","name":"local","time":"2025-12-12 08:59:15","tokens":96}
{"duration":"2.289ms","level":"info","method":"POST","msg":"请求处理完成","path":"/employee/login","request_id":"5cf0e3e2-c8ef-470f-a74c-d9904b530929","status":429,"time":"2025-12-12 08:59:15"}
{"duration":"5.0363ms","level":"info","method":"POST","msg":"请求处理完成","path":"/employee/login","request_id":"f952d922-5f8a-4303-9a96-554edb8ecb67","status":200,"time":"2025-12-12 08:59:15"}
{"level":"info","msg":"数据库表创建成功","time":"2025-12-12 09:55:27"}
{"level":"info","mode":"debug","msg":"服务器启动","time":"2025-12-12 09:55:27"}
{"error":"ERR Error compiling script (new function): user_script:2: unexpected symbol near '/'","level":"error","msg":"限流器执行脚本失败","name":"local","time":"2025-12-12 09:55:35"}
{"client_ip":"::1","level":"warning","msg":"请求过于频繁","time":"2025-12-12 09:55:35"}
{"duration":"7.4893ms","level":"info","method":"POST","msg":"请求处理完成","path":"/employee/login","request_id":"94b66bc8-cae2-418d-a620-8ec09661badf","status":429,"time":"2025-12-12 09:55:35"}
{"level":"info","msg":"数据库表创建成功","time":"2025-12-12 10:30:25"}
{"level":"info","mode":"debug","msg":"服务器启动","time":"2025-12-12 10:30:25"}
{"error":"ERR Error compiling script (new function): user_script:2: unexpected symbol near '/'","level":"error","msg":"限流器执行脚本失败","name":"local","time":"2025-12-12 10:30:28"}
{"client_ip":"::1","level":"warning","msg":"请求过于频繁","time":"2025-12-12 10:30:28"}
{"duration":"648.4µs","level":"info","method":"POST","msg":"请求处理完成","path":"/employee/login","request_id":"ba7a15eb-4e4f-4ac7-9136-0e3a5d243846","status":429,"time":"2025-12-12 10:30:28"}
{"level":"info","msg":"数据库表创建成功","time":"2025-12-12 10:36:01"}
{"level":"info","mode":"debug","msg":"服务器启动","time":"2025-12-12 10:36:01"}
{"error":"ERR Error compiling script (new function): user_script:2: unexpected symbol near '/'","level":"error","msg":"限流器执行脚本失败","name":"local","time":"2025-12-12 10:36:05"}
{"client_ip":"::1","level":"warning","msg":"请求过于频繁","time":"2025-12-12 10:36:05"}
{"duration":"623.8µs","level":"info","method":"POST","msg":"请求处理完成","path":"/employee/login","request_id":"8bd8f4ee-8248-47ac-8b9a-808278cde02c","status":429,"time":"2025-12-12 10:36:05"}
{"level":"info","msg":"数据库表创建成功","time":"2025-12-12 10:39:57"}
{"level":"info","mode":"debug","msg":"服务器启动","time":"2025-12-12 10:39:57"}
{"level":"debug","msg":"限流器状态","name":"local","time":"2025-12-12 10:39:59","tokens":99}
{"duration":"8.7843ms","level":"info","method":"POST","msg":"请求处理完成","path":"/employee/login","request_id":"9c35650e-9dcf-4967-a3b2-3ae0bb245a94","status":200,"time":"2025-12-12 10:39:59"}
{"level":"debug","msg":"限流器状态","name":"local","time":"2025-12-12 10:40:26","tokens":99}
{"duration":"1.5109ms","level":"info","method":"POST","msg":"请求处理完成","path":"/employee/login","request_id":"c0b300bf-a575-4ce4-b557-edf7716c479c","status":200,"time":"2025-12-12 10:40:26"}
{"level":"debug","msg":"限流器状态","name":"local","time":"2025-12-12 10:40:26","tokens":98}
{"duration":"999.2µs","level":"info","method":"POST","msg":"请求处理完成","path":"/employee/login","request_id":"130a765e-0871-49e5-93ed-5386c7af8938","status":200,"time":"2025-12-12 10:40:26"}
{"level":"debug","msg":"限流器状态","name":"local","time":"2025-12-12 10:40:26","tokens":97}
{"duration":"2.0505ms","level":"info","method":"POST","msg":"请求处理完成","path":"/employee/login","request_id":"e7c6291e-9b59-4c56-a649-f7e29449550a","status":200,"time":"2025-12-12 10:40:26"}
{"level":"debug","msg":"限流器状态","name":"local","time":"2025-12-12 10:40:28","tokens":99}
{"level":"debug","msg":"限流器状态","name":"local","time":"2025-12-12 10:40:28","tokens":98}
{"level":"debug","msg":"限流器状态","name":"local","time":"2025-12-12 10:40:28","tokens":97}
{"level":"debug","msg":"限流器状态","name":"local","time":"2025-12-12 10:40:28","tokens":93}
{"level":"debug","msg":"限流器状态","name":"local","time":"2025-12-12 10:40:28","tokens":92}
{"level":"debug","msg":"限流器状态","name":"local","time":"2025-12-12 10:40:28","tokens":94}
{"level":"debug","msg":"限流器状态","name":"local","time":"2025-12-12 10:40:28","tokens":95}
{"duration":"2.2348ms","level":"info","method":"POST","msg":"请求处理完成","path":"/employee/login","request_id":"9ee13320-a285-4b1c-8aba-62de130387c3","status":200,"time":"2025-12-12 10:40:28"}
{"duration":"2.7616ms","level":"info","method":"POST","msg":"请求处理完成","path":"/employee/login","request_id":"6a3b2b6c-bfd7-4908-9d0f-88eb7bf31830","status":200,"time":"2025-12-12 10:40:28"}
{"duration":"2.2979ms","level":"info","method":"POST","msg":"请求处理完成","path":"/employee/login","request_id":"8bb0d2b9-f70b-485a-81cc-217221463280","status":200,"time":"2025-12-12 10:40:28"}
{"duration":"3.4763ms","level":"info","method":"POST","msg":"请求处理完成","path":"/employee/login","request_id":"80c17a97-491b-4d02-b02f-a89ab082b0e7","status":200,"time":"2025-12-12 10:40:28"}
{"duration":"4.5213ms","level":"info","method":"POST","msg":"请求处理完成","path":"/employee/login","request_id":"e9f56b0b-4da0-4c94-a8a8-0fea1494b395","status":200,"time":"2025-12-12 10:40:28"}
{"duration":"4.5213ms","level":"info","method":"POST","msg":"请求处理完成","path":"/employee/login","request_id":"d0d7c1e5-1e4d-4c19-8332-3001a986a230","status":200,"time":"2025-12-12 10:40:28"}
{"duration":"5.048ms","level":"info","method":"POST","msg":"请求处理完成","path":"/employee/login","request_id":"ae68f65f-9b7d-4d87-b103-6dd46a3b8309","status":200,"time":"2025-12-12 10:40:28"}
{"level":"info","msg":"数据库表创建成功","time":"2025-12-12 10:41:25"}
{"level":"info","mode":"debug","msg":"服务器启动","time":"2025-12-12 10:41:25"}
{"level":"debug","msg":"限流器状态","name":"local","time":"2025-12-12 10:41:32","tokens":99}
{"level":"debug","msg":"限流器状态","name":"local","time":"2025-12-12 10:41:32","tokens":98}
{"level":"debug","msg":"限流器状态","name":"local","time":"2025-12-12 10:41:32","tokens":96}
{"duration":"2.6666ms","level":"info","method":"POST","msg":"请求处理完成","path":"/employee/login","request_id":"9dcc4939-a6a8-4d03-bc99-fb2fcd9a1784","status":200,"time":"2025-12-12 10:41:32"}
{"duration":"3.1875ms","level":"info","method":"POST","msg":"请求处理完成","path":"/employee/login","request_id":"bdce880b-6fa8-428a-a347-d2c652f0a494","status":200,"time":"2025-12-12 10:41:32"}
{"duration":"2.5875ms","level":"info","method":"POST","msg":"请求处理完成","path":"/employee/login","request_id":"f9ab013a-a9b9-49a7-9d91-5023786f8f00","status":200,"time":"2025-12-12 10:41:32"}
{"level":"debug","msg":"限流器状态","name":"local","time":"2025-12-12 10:41:33","tokens":97}
{"level":"debug","msg":"限流器状态","name":"local","time":"2025-12-12 10:41:33","tokens":99}
{"level":"debug","msg":"限流器状态","name":"local","time":"2025-12-12 10:41:33","tokens":96}
{"duration":"1.5496ms","level":"info","method":"POST","msg":"请求处理完成","path":"/employee/login","request_id":"236ab654-8112-47eb-8979-42f1abf2b678","status":200,"time":"2025-12-12 10:41:33"}
{"duration":"2.9818ms","level":"info","method":"POST","msg":"请求处理完成","path":"/employee/login","request_id":"f94e8733-9ed9-48ff-bc78-a420e725f34f","status":200,"time":"2025-12-12 10:41:33"}
{"duration":"2.0905ms","level":"info","method":"POST","msg":"请求处理完成","path":"/employee/login","request_id":"114aaba3-63ef-4c4f-99a8-05963f4eced0","status":200,"time":"2025-12-12 10:41:33"}
{"level":"debug","msg":"限流器状态","name":"local","time":"2025-12-12 10:41:34","tokens":97}
{"level":"debug","msg":"限流器状态","name":"local","time":"2025-12-12 10:41:34","tokens":99}
{"level":"debug","msg":"限流器状态","name":"local","time":"2025-12-12 10:41:34","tokens":95}
{"duration":"1.5397ms","level":"info","method":"POST","msg":"请求处理完成","path":"/employee/login","request_id":"9fd83dcf-872f-4d36-b806-645d26912ee7","status":200,"time":"2025-12-12 10:41:34"}
{"duration":"1.5397ms","level":"info","method":"POST","msg":"请求处理完成","path":"/employee/login","request_id":"6d811043-3bde-4d25-a8c7-8fb024be3246","status":200,"time":"2025-12-12 10:41:34"}
{"duration":"2.5717ms","level":"info","method":"POST","msg":"请求处理完成","path":"/employee/login","request_id":"b67957d8-e545-4ff2-84d4-6cbedd4b67c2","status":200,"time":"2025-12-12 10:41:34"}
{"level":"debug","msg":"限流器状态","name":"local","time":"2025-12-12 10:41:34","tokens":97}
{"level":"debug","msg":"限流器状态","name":"local","time":"2025-12-12 10:41:34","tokens":98}
{"level":"debug","msg":"限流器状态","name":"local","time":"2025-12-12 10:41:34","tokens":99}
{"level":"debug","msg":"限流器状态","name":"local","time":"2025-12-12 10:41:34","tokens":96}
{"level":"debug","msg":"限流器状态","name":"local","time":"2025-12-12 10:41:34","tokens":95}
{"duration":"2.111ms","level":"info","method":"POST","msg":"请求处理完成","path":"/employee/login","request_id":"189375ad-1f7a-4312-9bec-899042202d0e","status":200,"time":"2025-12-12 10:41:34"}
{"duration":"1.5501ms","level":"info","method":"POST","msg":"请求处理完成","path":"/employee/login","request_id":"662bbc7d-beda-456a-a1fb-d2decb2d0ccd","status":200,"time":"2025-12-12 10:41:34"}
{"duration":"2.111ms","level":"info","method":"POST","msg":"请求处理完成","path":"/employee/login","request_id":"3d4c5e4e-e488-4e01-8845-64b11437fafe","status":200,"time":"2025-12-12 10:41:34"}
{"level":"debug","msg":"限流器状态","name":"local","time":"2025-12-12 10:41:34","tokens":93}
{"level":"debug","msg":"限流器状态","name":"local","time":"2025-12-12 10:41:34","tokens":92}
{"duration":"2.0646ms","level":"info","method":"POST","msg":"请求处理完成","path":"/employee/login","request_id":"e5746b93-2afd-4c1d-93b5-63b81a6f545e","status":200,"time":"2025-12-12 10:41:34"}
{"duration":"2.6255ms","level":"info","method":"POST","msg":"请求处理完成","path":"/employee/login","request_id":"3381a924-a259-4b1d-bfe9-c17c9980170f","status":200,"time":"2025-12-12 10:41:34"}
{"duration":"2.6255ms","level":"info","method":"POST","msg":"请求处理完成","path":"/employee/login","request_id":"c0d56fb0-edef-41c2-b3b2-c73bf89e77e1","status":200,"time":"2025-12-12 10:41:34"}
{"duration":"3.6853ms","level":"info","method":"POST","msg":"请求处理完成","path":"/employee/login","request_id":"891ab9cf-d49b-4a76-90af-ddea00483e13","status":200,"time":"2025-12-12 10:41:34"}
{"level":"debug","msg":"限流器状态","name":"local","time":"2025-12-12 10:41:35","tokens":99}
{"level":"debug","msg":"限流器状态","name":"local","time":"2025-12-12 10:41:35","tokens":97}
{"level":"debug","msg":"限流器状态","name":"local","time":"2025-12-12 10:41:35","tokens":96}
{"duration":"1.65ms","level":"info","method":"POST","msg":"请求处理完成","path":"/employee/login","request_id":"e42ac52b-a430-4d0e-9845-e894024644c7","status":200,"time":"2025-12-12 10:41:35"}
{"duration":"1.65ms","level":"info","method":"POST","msg":"请求处理完成","path":"/employee/login","request_id":"56155f65-bf6a-43d0-a450-3e454e8fa651","status":200,"time":"2025-12-12 10:41:35"}
{"duration":"1.584ms","level":"info","method":"POST","msg":"请求处理完成","path":"/employee/login","request_id":"351d857c-e5bd-450e-bc51-c7b60a74216d","status":200,"time":"2025-12-12 10:41:35"}
{"level":"debug","msg":"限流器状态","name":"local","time":"2025-12-12 10:41:35","tokens":97}
{"level":"debug","msg":"限流器状态","name":"local","time":"2025-12-12 10:41:35","tokens":99}
{"level":"debug","msg":"限流器状态","name":"local","time":"2025-12-12 10:41:35","tokens":96}
{"duration":"2.6479ms","level":"info","method":"POST","msg":"请求处理完成","path":"/employee/login","request_id":"8a155211-d05b-4e01-ba95-91e1d6964805","status":200,"time":"2025-12-12 10:41:35"}
{"duration":"2.6479ms","level":"info","method":"POST","msg":"请求处理完成","path":"/employee/login","request_id":"57a7ba3d-966f-46d7-b0e5-f05141b64bab","status":200,"time":"2025-12-12 10:41:35"}
{"duration":"2.7236ms","level":"info","method":"POST","msg":"请求处理完成","path":"/employee/login","request_id":"dcd7d537-ca75-4f27-821a-17e5e6ea1fde","status":200,"time":"2025-12-12 10:41:35"}
{"level":"debug","msg":"限流器状态","name":"local","time":"2025-12-12 10:41:36","tokens":99}
{"level":"debug","msg":"限流器状态","name":"local","time":"2025-12-12 10:41:36","tokens":97}
{"level":"debug","msg":"限流器状态","name":"local","time":"2025-12-12 10:41:36","tokens":96}
{"duration":"1.0208ms","level":"info","method":"POST","msg":"请求处理完成","path":"/employee/login","request_id":"89c164ad-7c36-4014-b349-0e405e7c3e3f","status":200,"time":"2025-12-12 10:41:36"}
{"duration":"1.0208ms","level":"info","method":"POST","msg":"请求处理完成","path":"/employee/login","request_id":"f3980018-6ef0-4260-9430-ea8976348937","status":200,"time":"2025-12-12 10:41:36"}
{"duration":"1.5416ms","level":"info","method":"POST","msg":"请求处理完成","path":"/employee/login","request_id":"ea835ac3-c699-4db0-ac72-acf0bc3da03f","status":200,"time":"2025-12-12 10:41:36"}
{"level":"debug","msg":"限流器状态","name":"local","time":"2025-12-12 10:41:37","tokens":99}
{"duration":"2.8603ms","level":"info","method":"POST","msg":"请求处理完成","path":"/employee/login","request_id":"23fd368a-11e3-4fda-bdf3-5c988e869a48","status":200,"time":"2025-12-12 10:41:37"}
{"level":"debug","msg":"限流器状态","name":"local","time":"2025-12-12 10:41:37","tokens":98}
{"level":"debug","msg":"限流器状态","name":"local","time":"2025-12-12 10:41:37","tokens":96}
{"level":"debug","msg":"限流器状态","name":"local","time":"2025-12-12 10:41:37","tokens":97}
{"duration":"1.1056ms","level":"info","method":"POST","msg":"请求处理完成","path":"/employee/login","request_id":"8ca54301-daca-4fb9-ac51-edf9f5cc9033","status":200,"time":"2025-12-12 10:41:37"}
{"duration":"1.1056ms","level":"info","method":"POST","msg":"请求处理完成","path":"/employee/login","request_id":"6c807dc8-6611-42fa-9c90-16674cc6f866","status":200,"time":"2025-12-12 10:41:37"}
{"duration":"1.7413ms","level":"info","method":"POST","msg":"请求处理完成","path":"/employee/login","request_id":"efdad5ed-4f13-4daa-a14b-47eb31772478","status":200,"time":"2025-12-12 10:41:37"}
{"level":"debug","msg":"限流器状态","name":"local","time":"2025-12-12 10:41:37","tokens":95}
{"level":"debug","msg":"限流器状态","name":"local","time":"2025-12-12 10:41:37","tokens":93}
{"level":"debug","msg":"限流器状态","name":"local","time":"2025-12-12 10:41:37","tokens":94}
{"duration":"503.2µs","level":"info","method":"POST","msg":"请求处理完成","path":"/employee/login","request_id":"3b5caca1-df1a-43a8-a8c1-18a8ef2e0a37","status":200,"time":"2025-12-12 10:41:37"}
{"duration":"1.0328ms","level":"info","method":"POST","msg":"请求处理完成","path":"/employee/login","request_id":"9944f77e-1bd3-46aa-9c4e-30aa2e3ab4b6","status":200,"time":"2025-12-12 10:41:37"}
{"duration":"1.548ms","level":"info","method":"POST","msg":"请求处理完成","path":"/employee/login","request_id":"9228c9e2-bc7f-4eda-ab28-fe073dbd4396","status":200,"time":"2025-12-12 10:41:37"}
{"level":"debug","msg":"限流器状态","name":"local","time":"2025-12-12 10:41:37","tokens":99}
{"level":"debug","msg":"限流器状态","name":"local","time":"2025-12-12 10:41:37","tokens":98}
{"duration":"1.5332ms","level":"info","method":"POST","msg":"请求处理完成","path":"/employee/login","request_id":"4aee2992-2a4b-48a3-aee4-fddb313d0683","status":200,"time":"2025-12-12 10:41:37"}
{"duration":"1.5332ms","level":"info","method":"POST","msg":"请求处理完成","path":"/employee/login","request_id":"7a2d71e2-7189-4fcc-9a05-a5a4227b5011","status":200,"time":"2025-12-12 10:41:37"}
{"level":"debug","msg":"限流器状态","name":"local","time":"2025-12-12 10:41:37","tokens":97}
{"duration":"504.9µs","level":"info","method":"POST","msg":"请求处理完成","path":"/employee/login","request_id":"aacd98db-5e7b-4908-b113-80303af822d1","status":200,"time":"2025-12-12 10:41:37"}
{"level":"debug","msg":"限流器状态","name":"local","time":"2025-12-12 10:41:38","tokens":99}
{"duration":"1.0295ms","level":"info","method":"POST","msg":"请求处理完成","path":"/employee/login","request_id":"c090d72c-be79-41d1-8055-3e6ba9e00637","status":200,"time":"2025-12-12 10:41:38"}
{"level":"debug","msg":"限流器状态","name":"local","time":"2025-12-12 10:41:38","tokens":98}
{"level":"debug","msg":"限流器状态","name":"local","time":"2025-12-12 10:41:38","tokens":97}
{"duration":"1.1308ms","level":"info","method":"POST","msg":"请求处理完成","path":"/employee/login","request_id":"032d8eb7-7fe7-424e-b366-9f4388cedd7f","status":200,"time":"2025-12-12 10:41:38"}
{"duration":"1.2166ms","level":"info","method":"POST","msg":"请求处理完成","path":"/employee/login","request_id":"980b9c2f-958b-4358-b46d-796e5fb2aa79","status":200,"time":"2025-12-12 10:41:38"}
{"level":"debug","msg":"限流器状态","name":"local","time":"2025-12-12 10:41:39","tokens":99}
{"duration":"1.084ms","level":"info","method":"POST","msg":"请求处理完成","path":"/employee/login","request_id":"3aab9a2d-1b1a-4a6f-87c2-8ad586526e5f","status":200,"time":"2025-12-12 10:41:39"}
{"level":"debug","msg":"限流器状态","name":"local","time":"2025-12-12 10:41:39","tokens":98}
{"level":"debug","msg":"限流器状态","name":"local","time":"2025-12-12 10:41:39","tokens":96}
{"duration":"1.4186ms","level":"info","method":"POST","msg":"请求处理完成","path":"/employee/login","request_id":"52e09045-95a3-4645-9e60-c49c01642f03","status":200,"time":"2025-12-12 10:41:39"}
{"duration":"1.4186ms","level":"info","method":"POST","msg":"请求处理完成","path":"/employee/login","request_id":"d499178a-0d7b-4314-b682-996243d77357","status":200,"time":"2025-12-12 10:41:39"}
{"level":"debug","msg":"限流器状态","name":"local","time":"2025-12-12 10:41:39","tokens":99}
{"duration":"1.0248ms","level":"info","method":"POST","msg":"请求处理完成","path":"/employee/login","request_id":"03a2db47-4c70-4c1e-8274-c12028c047c7","status":200,"time":"2025-12-12 10:41:39"}
{"level":"debug","msg":"限流器状态","name":"local","time":"2025-12-12 10:41:39","tokens":98}
{"level":"debug","msg":"限流器状态","name":"local","time":"2025-12-12 10:41:39","tokens":96}
{"level":"debug","msg":"限流器状态","name":"local","time":"2025-12-12 10:41:39","tokens":97}
{"duration":"1.2609ms","level":"info","method":"POST","msg":"请求处理完成","path":"/employee/login","request_id":"b7d74a1f-a40a-4d1d-9bc5-527c1a19764f","status":200,"time":"2025-12-12 10:41:39"}
{"level":"debug","msg":"限流器状态","name":"local","time":"2025-12-12 10:41:39","tokens":95}
{"duration":"1.2609ms","level":"info","method":"POST","msg":"请求处理完成","path":"/employee/login","request_id":"dc7077de-1ecf-4c62-98a9-66406505860d","status":200,"time":"2025-12-12 10:41:39"}
{"level":"debug","msg":"限流器状态","name":"local","time":"2025-12-12 10:41:39","tokens":93}
{"duration":"2.4564ms","level":"info","method":"POST","msg":"请求处理完成","path":"/employee/login","request_id":"614d3814-d765-4292-b1ac-6748625de8ed","status":200,"time":"2025-12-12 10:41:39"}
{"duration":"1.1955ms","level":"info","method":"POST","msg":"请求处理完成","path":"/employee/login","request_id":"da4918c6-21df-4423-9194-51aa99db13da","status":200,"time":"2025-12-12 10:41:39"}
{"duration":"1.1955ms","level":"info","method":"POST","msg":"请求处理完成","path":"/employee/login","request_id":"d517081c-ca03-4a03-82b4-f69bf5b31ead","status":200,"time":"2025-12-12 10:41:39"}
{"level":"debug","msg":"限流器状态","name":"local","time":"2025-12-12 10:41:39","tokens":99}
{"duration":"2.3854ms","level":"info","method":"POST","msg":"请求处理完成","path":"/employee/login","request_id":"c4479a83-4fe9-49fa-9bac-01cbb0e8dac1","status":200,"time":"2025-12-12 10:41:39"}
{"level":"debug","msg":"限流器状态","name":"local","time":"2025-12-12 10:41:40","tokens":99}
{"level":"debug","msg":"限流器状态","name":"local","time":"2025-12-12 10:41:40","tokens":98}
{"duration":"1.1755ms","level":"info","method":"POST","msg":"请求处理完成","path":"/employee/login","request_id":"62ddcf11-57fc-4a8d-b73e-1eda09cecafc","status":200,"time":"2025-12-12 10:41:40"}
{"duration":"1.0446ms","level":"info","method":"POST","msg":"请求处理完成","path":"/employee/login","request_id":"81f18c82-2b48-4fe7-8186-f6d1b7ac7bc5","status":200,"time":"2025-12-12 10:41:40"}
{"level":"debug","msg":"限流器状态","name":"local","time":"2025-12-12 10:41:40","tokens":97}
{"duration":"502.8µs","level":"info","method":"POST","msg":"请求处理完成","path":"/employee/login","request_id":"5ef5b206-c7f7-44a0-9f4a-50ff0ad77227","status":200,"time":"2025-12-12 10:41:40"}
{"level":"debug","msg":"限流器状态","name":"local","time":"2025-12-12 10:41:41","tokens":99}
{"duration":"1.5161ms","level":"info","method":"POST","msg":"请求处理完成","path":"/employee/login","request_id":"bcfd1103-09a4-480b-8a75-bd1f6ff0e65a","status":200,"time":"2025-12-12 10:41:41"}
{"level":"debug","msg":"限流器状态","name":"local","time":"2025-12-12 10:41:41","tokens":98}
{"level":"debug","msg":"限流器状态","name":"local","time":"2025-12-12 10:41:41","tokens":99}
{"level":"debug","msg":"限流器状态","name":"local","time":"2025-12-12 10:41:41","tokens":95}
{"level":"debug","msg":"限流器状态","name":"local","time":"2025-12-12 10:41:41","tokens":97}
{"level":"debug","msg":"限流器状态","name":"local","time":"2025-12-12 10:41:41","tokens":96}
{"duration":"2.8278ms","level":"info","method":"POST","msg":"请求处理完成","path":"/employee/login","request_id":"4c8b46ec-f1ab-48ee-b880-9117288467cc","status":200,"time":"2025-12-12 10:41:41"}
{"duration":"2.8278ms","level":"info","method":"POST","msg":"请求处理完成","path":"/employee/login","request_id":"86cad59f-197b-4469-a724-269b65ff5770","status":200,"time":"2025-12-12 10:41:41"}
{"duration":"3.3506ms","level":"info","method":"POST","msg":"请求处理完成","path":"/employee/login","request_id":"4d3916b8-b5a0-492a-a0b9-c21542f0c6f3","status":200,"time":"2025-12-12 10:41:41"}
{"duration":"3.9484ms","level":"info","method":"POST","msg":"请求处理完成","path":"/employee/login","request_id":"7ed20e9f-bd52-4153-b8aa-585567f7ecca","status":200,"time":"2025-12-12 10:41:41"}
{"duration":"3.9484ms","level":"info","method":"POST","msg":"请求处理完成","path":"/employee/login","request_id":"d138bb24-ba96-4e88-ab3f-c2cbaf448587","status":200,"time":"2025-12-12 10:41:41"}
{"level":"debug","msg":"限流器状态","name":"local","time":"2025-12-12 10:41:42","tokens":99}
{"duration":"2.1478ms","level":"info","method":"POST","msg":"请求处理完成","path":"/employee/login","request_id":"19d3d12a-dbcd-4ae2-a4c9-4969e62208e8","status":200,"time":"2025-12-12 10:41:42"}
{"level":"debug","msg":"限流器状态","name":"local","time":"2025-12-12 10:41:43","tokens":99}
{"duration":"1.6214ms","level":"info","method":"POST","msg":"请求处理完成","path":"/employee/login","request_id":"8e5bc79f-b78c-4210-97da-25fdb6cd1526","status":200,"time":"2025-12-12 10:41:43"}
{"level":"debug","msg":"限流器状态","name":"local","time":"2025-12-12 10:41:43","tokens":99}
{"level":"debug","msg":"限流器状态","name":"local","time":"2025-12-12 10:41:43","tokens":97}
{"level":"debug","msg":"限流器状态","name":"local","time":"2025-12-12 10:41:43","tokens":98}
{"level":"debug","msg":"限流器状态","name":"local","time":"2025-12-12 10:41:43","tokens":96}
{"level":"debug","msg":"限流器状态","name":"local","time":"2025-12-12 10:41:43","tokens":95}
{"level":"debug","msg":"限流器状态","name":"local","time":"2025-12-12 10:41:43","tokens":94}
{"duration":"1.0383ms","level":"info","method":"POST","msg":"请求处理完成","path":"/employee/login","request_id":"dfe4a2a1-a279-4745-9910-57c6d8003d92","status":200,"time":"2025-12-12 10:41:43"}
{"duration":"1.5969ms","level":"info","method":"POST","msg":"请求处理完成","path":"/employee/login","request_id":"266689a4-26e2-4512-b831-48e815e03ac4","status":200,"time":"2025-12-12 10:41:43"}
{"duration":"1.0922ms","level":"info","method":"POST","msg":"请求处理完成","path":"/employee/login","request_id":"1256656c-45b8-40c8-b4b6-a50722b89847","status":200,"time":"2025-12-12 10:41:43"}
{"duration":"2.1257ms","level":"info","method":"POST","msg":"请求处理完成","path":"/employee/login","request_id":"fe510883-85b0-4391-aa07-a45050db7bbc","status":200,"time":"2025-12-12 10:41:43"}
{"duration":"1.0874ms","level":"info","method":"POST","msg":"请求处理完成","path":"/employee/login","request_id":"4637bcfe-d065-447c-b0a0-b23dbd2bdde7","status":200,"time":"2025-12-12 10:41:43"}
{"duration":"2.1257ms","level":"info","method":"POST","msg":"请求处理完成","path":"/employee/login","request_id":"d69cbf2f-c659-405e-81d6-932adf2cee12","status":200,"time":"2025-12-12 10:41:43"}
{"level":"debug","msg":"限流器状态","name":"local","time":"2025-12-12 10:41:46","tokens":99}
{"duration":"2.2923ms","level":"info","method":"POST","msg":"请求处理完成","path":"/employee/login","request_id":"412db20a-53c1-40d7-8bfc-b99e3c829b4a","status":200,"time":"2025-12-12 10:41:46"}
{"level":"debug","msg":"限流器状态","name":"local","time":"2025-12-12 10:41:46","tokens":95}
{"level":"debug","msg":"限流器状态","name":"local","time":"2025-12-12 10:41:46","tokens":99}
{"level":"debug","msg":"限流器状态","name":"local","time":"2025-12-12 10:41:46","tokens":96}
{"level":"debug","msg":"限流器状态","name":"local","time":"2025-12-12 10:41:46","tokens":98}
{"level":"debug","msg":"限流器状态","name":"local","time":"2025-12-12 10:41:46","tokens":93}
{"duration":"1.7339ms","level":"info","method":"POST","msg":"请求处理完成","path":"/employee/login","request_id":"3b474143-ce68-489d-b915-bf1334fb5d9e","status":200,"time":"2025-12-12 10:41:46"}
{"duration":"2.2435ms","level":"info","method":"POST","msg":"请求处理完成","path":"/employee/login","request_id":"6740f56a-f715-4bd0-af7a-db8c82a5d28a","status":200,"time":"2025-12-12 10:41:46"}
{"duration":"1.7339ms","level":"info","method":"POST","msg":"请求处理完成","path":"/employee/login","request_id":"a3792671-eb59-4d3d-80d5-3e5891470b61","status":200,"time":"2025-12-12 10:41:46"}
{"duration":"2.7658ms","level":"info","method":"POST","msg":"请求处理完成","path":"/employee/login","request_id":"63d7a8d9-2302-40fb-8988-0b9c92b9567f","status":200,"time":"2025-12-12 10:41:46"}
{"duration":"2.2562ms","level":"info","method":"POST","msg":"请求处理完成","path":"/employee/login","request_id":"eb360054-512c-451a-99c2-b7b145a238ae","status":200,"time":"2025-12-12 10:41:46"}
{"level":"debug","msg":"限流器状态","name":"local","time":"2025-12-12 10:41:46","tokens":99}
{"duration":"1.6063ms","level":"info","method":"POST","msg":"请求处理完成","path":"/employee/login","request_id":"cc59693a-1fa5-404d-a23b-fb217875178f","status":200,"time":"2025-12-12 10:41:46"}
{"level":"debug","msg":"限流器状态","name":"local","time":"2025-12-12 10:41:48","tokens":99}
{"duration":"2.8031ms","level":"info","method":"POST","msg":"请求处理完成","path":"/employee/login","request_id":"00dcb453-489f-479c-9afa-a6774efcffab","status":200,"time":"2025-12-12 10:41:48"}
{"level":"debug","msg":"限流器状态","name":"local","time":"2025-12-12 10:41:48","tokens":94}
{"level":"debug","msg":"限流器状态","name":"local","time":"2025-12-12 10:41:48","tokens":92}
{"level":"debug","msg":"限流器状态","name":"local","time":"2025-12-12 10:41:48","tokens":96}
{"level":"debug","msg":"限流器状态","name":"local","time":"2025-12-12 10:41:48","tokens":98}
{"duration":"2.0354ms","level":"info","method":"POST","msg":"请求处理完成","path":"/employee/login","request_id":"ee9ba39f-5b28-4aba-9ca3-17d6e54ef01a","status":200,"time":"2025-12-12 10:41:48"}
{"duration":"2.5639ms","level":"info","method":"POST","msg":"请求处理完成","path":"/employee/login","request_id":"ad249892-611f-44b4-b1e1-c9e13a5aa98a","status":200,"time":"2025-12-12 10:41:48"}
{"level":"debug","msg":"限流器状态","name":"local","time":"2025-12-12 10:41:48","tokens":91}
{"level":"debug","msg":"限流器状态","name":"local","time":"2025-12-12 10:41:48","tokens":90}
{"duration":"1.6985ms","level":"info","method":"POST","msg":"请求处理完成","path":"/employee/login","request_id":"19ffa358-3c81-4b03-992c-a20aaf6d167d","status":200,"time":"2025-12-12 10:41:48"}
{"duration":"3.7339ms","level":"info","method":"POST","msg":"请求处理完成","path":"/employee/login","request_id":"bb2c15c1-1ad0-46eb-85f8-b6661180e73c","status":200,"time":"2025-12-12 10:41:48"}
{"duration":"4.3181ms","level":"info","method":"POST","msg":"请求处理完成","path":"/employee/login","request_id":"4d8ad939-fcdc-4573-8456-d19e1c6d4799","status":200,"time":"2025-12-12 10:41:48"}
{"duration":"1.7542ms","level":"info","method":"POST","msg":"请求处理完成","path":"/employee/login","request_id":"69fe96e3-fdc7-4706-8597-9e25dfc9a6db","status":200,"time":"2025-12-12 10:41:48"}
{"level":"debug","msg":"限流器状态","name":"local","time":"2025-12-12 10:41:51","tokens":99}
{"level":"debug","msg":"限流器状态","name":"local","time":"2025-12-12 10:41:51","tokens":98}
{"duration":"1.3218ms","level":"info","method":"POST","msg":"请求处理完成","path":"/employee/login","request_id":"ed2759d5-6e7d-4131-8d00-e1d7d5f8208f","status":200,"time":"2025-12-12 10:41:51"}
{"duration":"1.2092ms","level":"info","method":"POST","msg":"请求处理完成","path":"/employee/login","request_id":"d2e338c5-5f15-46f4-8c28-396bc0387db5","status":200,"time":"2025-12-12 10:41:51"}
{"level":"debug","msg":"限流器状态","name":"local","time":"2025-12-12 10:41:51","tokens":97}
{"level":"debug","msg":"限流器状态","name":"local","time":"2025-12-12 10:41:51","tokens":93}
{"level":"debug","msg":"限流器状态","name":"local","time":"2025-12-12 10:41:51","tokens":95}
{"level":"debug","msg":"限流器状态","name":"local","time":"2025-12-12 10:41:51","tokens":91}
{"level":"debug","msg":"限流器状态","name":"local","time":"2025-12-12 10:41:51","tokens":89}
{"duration":"1.075ms","level":"info","method":"POST","msg":"请求处理完成","path":"/employee/login","request_id":"23f12fc9-8394-4b27-ae3b-a739d268d3ae","status":200,"time":"2025-12-12 10:41:51"}
{"duration":"1.075ms","level":"info","method":"POST","msg":"请求处理完成","path":"/employee/login","request_id":"c3b3ba15-00f5-465c-ba62-1ae027868ad6","status":200,"time":"2025-12-12 10:41:51"}
{"duration":"1.075ms","level":"info","method":"POST","msg":"请求处理完成","path":"/employee/login","request_id":"f6a21b2b-3770-49b9-9b29-9d3feb0e5132","status":200,"time":"2025-12-12 10:41:51"}
{"duration":"1.6161ms","level":"info","method":"POST","msg":"请求处理完成","path":"/employee/login","request_id":"0c369ebb-48fd-40fc-9def-861da138cbe2","status":200,"time":"2025-12-12 10:41:51"}
{"duration":"1.6161ms","level":"info","method":"POST","msg":"请求处理完成","path":"/employee/login","request_id":"55078367-dd3c-4bcb-96f3-250940615f26","status":200,"time":"2025-12-12 10:41:51"}
{"level":"debug","msg":"限流器状态","name":"local","time":"2025-12-12 10:41:54","tokens":99}
{"duration":"1.6141ms","level":"info","method":"POST","msg":"请求处理完成","path":"/employee/login","request_id":"d4bce69b-4877-4f8c-a3b0-d2888f9b10e1","status":200,"time":"2025-12-12 10:41:54"}
{"level":"debug","msg":"限流器状态","name":"local","time":"2025-12-12 10:41:54","tokens":98}
{"duration":"1.0263ms","level":"info","method":"POST","msg":"请求处理完成","path":"/employee/login","request_id":"27c6ffe7-3009-4c60-832b-c8812f9d239f","status":200,"time":"2025-12-12 10:41:54"}
{"level":"debug","msg":"限流器状态","name":"local","time":"2025-12-12 10:41:54","tokens":97}
{"level":"debug","msg":"限流器状态","name":"local","time":"2025-12-12 10:41:54","tokens":94}
{"level":"debug","msg":"限流器状态","name":"local","time":"2025-12-12 10:41:54","tokens":96}
{"level":"debug","msg":"限流器状态","name":"local","time":"2025-12-12 10:41:54","tokens":95}
{"duration":"1.2541ms","level":"info","method":"POST","msg":"请求处理完成","path":"/employee/login","request_id":"f47bfc1c-f4c6-46e9-8acd-6d39aa15b6aa","status":200,"time":"2025-12-12 10:41:54"}
{"duration":"1.8073ms","level":"info","method":"POST","msg":"请求处理完成","path":"/employee/login","request_id":"d8f33f58-6e15-4ed9-b6a4-c88824aa3a50","status":200,"time":"2025-12-12 10:41:54"}
{"duration":"1.8073ms","level":"info","method":"POST","msg":"请求处理完成","path":"/employee/login","request_id":"6a1092fa-05bb-4b40-8d4d-b40f2ee7a057","status":200,"time":"2025-12-12 10:41:54"}
{"duration":"2.3249ms","level":"info","method":"POST","msg":"请求处理完成","path":"/employee/login","request_id":"2aa6ac3d-9871-46c3-b225-37d1462f0d8b","status":200,"time":"2025-12-12 10:41:54"}
{"level":"debug","msg":"限流器状态","name":"local","time":"2025-12-12 10:41:54","tokens":99}
{"duration":"1.213ms","level":"info","method":"POST","msg":"请求处理完成","path":"/employee/login","request_id":"0d57b90b-4c71-40d5-a1bd-84426dd1926f","status":200,"time":"2025-12-12 10:41:54"}
{"level":"debug","msg":"限流器状态","name":"local","time":"2025-12-12 10:41:56","tokens":99}
{"duration":"1.6843ms","level":"info","method":"POST","msg":"请求处理完成","path":"/employee/login","request_id":"9420bb7f-c9b0-4dbe-a326-1b9dbe3101a9","status":200,"time":"2025-12-12 10:41:56"}
{"level":"debug","msg":"限流器状态","name":"local","time":"2025-12-12 10:41:56","tokens":98}
{"duration":"1.0257ms","level":"info","method":"POST","msg":"请求处理完成","path":"/employee/login","request_id":"998bfd57-8842-447b-a76e-3b983d7e1050","status":200,"time":"2025-12-12 10:41:56"}
{"level":"debug","msg":"限流器状态","name":"local","time":"2025-12-12 10:41:56","tokens":97}
{"level":"debug","msg":"限流器状态","name":"local","time":"2025-12-12 10:41:56","tokens":95}
{"level":"debug","msg":"限流器状态","name":"local","time":"2025-12-12 10:41:56","tokens":96}
{"level":"debug","msg":"限流器状态","name":"local","time":"2025-12-12 10:41:56","tokens":94}
{"level":"debug","msg":"限流器状态","name":"local","time":"2025-12-12 10:41:56","tokens":93}
{"duration":"1.5542ms","level":"info","method":"POST","msg":"请求处理完成","path":"/employee/login","request_id":"784cc250-b80b-4b6c-9766-f68ebfae7be1","status":200,"time":"2025-12-12 10:41:56"}
{"duration":"1.5542ms","level":"info","method":"POST","msg":"请求处理完成","path":"/employee/login","request_id":"7be70026-b969-4afc-a185-00c3112cb955","status":200,"time":"2025-12-12 10:41:56"}
{"duration":"2.2128ms","level":"info","method":"POST","msg":"请求处理完成","path":"/employee/login","request_id":"07e092ae-7203-4cf2-84f2-38ca04ba66e5","status":200,"time":"2025-12-12 10:41:56"}
{"duration":"2.7664ms","level":"info","method":"POST","msg":"请求处理完成","path":"/employee/login","request_id":"ccaf6464-f747-4160-a860-85a05d2f5a18","status":200,"time":"2025-12-12 10:41:56"}
{"duration":"2.9655ms","level":"info","method":"POST","msg":"请求处理完成","path":"/employee/login","request_id":"c059ec64-dcd9-4496-868d-e0a9084c8801","status":200,"time":"2025-12-12 10:41:56"}
{"level":"info","msg":"数据库表创建成功","time":"2025-12-14 16:04:28"}
{"level":"info","mode":"debug","msg":"服务器启动","time":"2025-12-14 16:04:30"}
{"level":"info","msg":"数据库表创建成功","time":"2025-12-14 17:48:47"}
{"level":"info","mode":"debug","msg":"服务器启动","time":"2025-12-14 17:48:49"}
{"level":"debug","msg":"限流器状态","name":"local","time":"2025-12-14 17:49:07","tokens":99}
{"duration":"6.9659ms","level":"info","method":"POST","msg":"请求处理完成","path":"/employee/login","request_id":"612bd7e1-1476-4603-9446-40457b8d3d07","status":401,"time":"2025-12-14 17:49:07"}
{"level":"info","msg":"数据库表创建成功","time":"2025-12-14 17:51:53"}
{"level":"info","mode":"debug","msg":"服务器启动","time":"2025-12-14 17:51:53"}
{"level":"debug","msg":"限流器状态","name":"local","time":"2025-12-14 17:52:04","tokens":99}
{"duration":"2.0004ms","level":"info","method":"POST","msg":"请求处理完成","path":"/employee/login","request_id":"6b341ee0-5894-4702-8a74-14f4802cd6ff","status":401,"time":"2025-12-14 17:52:04"}
{"level":"debug","msg":"限流器状态","name":"local","time":"2025-12-14 17:52:06","tokens":99}
{"duration":"2.3911ms","level":"info","method":"POST","msg":"请求处理完成","path":"/employee/login","request_id":"9313a618-4c56-4e04-b550-faeeb7510e9d","status":401,"time":"2025-12-14 17:52:06"}
{"level":"info","msg":"数据库表创建成功","time":"2025-12-14 17:55:40"}
{"level":"info","mode":"debug","msg":"服务器启动","time":"2025-12-14 17:55:42"}
{"level":"info","msg":"数据库表创建成功","time":"2025-12-14 17:59:25"}
{"level":"info","mode":"debug","msg":"服务器启动","time":"2025-12-14 17:59:27"}
{"level":"info","msg":"数据库表创建成功","time":"2025-12-14 18:01:48"}
{"level":"info","mode":"debug","msg":"服务器启动","time":"2025-12-14 18:01:50"}
{"level":"debug","msg":"限流器状态","name":"local","time":"2025-12-14 18:02:03","tokens":99}
{"duration":"5.0003ms","level":"info","method":"POST","msg":"请求处理完成","path":"/employee/login","request_id":"f33fefa5-0237-475a-8ef2-16cad3c2890b","status":200,"time":"2025-12-14 18:02:03"}
{"error":"failed to parse field: LuggageStorage, error: failed to parse field: PhotoUrl, error: unsupported data type: \u0026[]","level":"error","msg":"创建行李表失败","time":"2025-12-14 21:15:35"}
{"error":"failed to parse field: PhotoUrl, error: unsupported data type: \u0026[]","level":"error","msg":"创建行李存储表失败","time":"2025-12-14 21:15:35"}
{"level":"info","msg":"数据库表创建成功","time":"2025-12-14 21:15:35"}
{"level":"info","mode":"debug","msg":"服务器启动","time":"2025-12-14 21:15:37"}
{"error":"failed to parse field: LuggageStorage, error: failed to parse field: PhotoUrl, error: unsupported data type: \u0026[]","level":"error","msg":"创建行李表失败","time":"2025-12-14 21:23:50"}
{"error":"failed to parse field: PhotoUrl, error: unsupported data type: \u0026[]","level":"error","msg":"创建行李存储表失败","time":"2025-12-14 21:23:50"}
{"level":"info","msg":"数据库表创建成功","time":"2025-12-14 21:23:50"}
{"level":"info","mode":"debug","msg":"服务器启动","time":"2025-12-14 21:23:52"}
{"level":"info","msg":"数据库表创建成功","time":"2025-12-14 21:27:19"}
{"level":"info","mode":"debug","msg":"服务器启动","time":"2025-12-14 21:27:21"}
{"level":"info","msg":"数据库表创建成功","time":"2025-12-14 21:41:12"}
{"level":"info","mode":"debug","msg":"服务器启动","time":"2025-12-14 21:41:12"}
{"level":"debug","msg":"限流器状态","name":"local","time":"2025-12-14 21:41:39","tokens":99}
{"duration":"7.4857ms","level":"info","method":"POST","msg":"请求处理完成","path":"/employee/login","request_id":"7b316961-4271-42e2-abb2-2ce5ac77557b","status":200,"time":"2025-12-14 21:41:39"}
{"level":"info","msg":"数据库表创建成功","time":"2025-12-14 22:23:41"}
{"level":"info","mode":"debug","msg":"服务器启动","time":"2025-12-14 22:23:41"}
{"level":"debug","msg":"限流器状态","name":"local","time":"2025-12-14 22:23:44","tokens":99}
{"duration":"4.2361ms","level":"info","method":"POST","msg":"请求处理完成","path":"/employee/login","request_id":"147e7453-98f3-45de-b539-6d214076ab11","status":200,"time":"2025-12-14 22:23:44"}
{"level":"debug","msg":"限流器状态","name":"local","time":"2025-12-14 22:25:08","tokens":99}
{"error":"Error 1054 (42S22): Unknown column 'guest_name' in 'where clause'","guest_name":"","level":"error","msg":"查询客户失败","time":"2025-12-14 22:25:08"}
{"duration":"11.0934ms","level":"info","method":"POST","msg":"请求处理完成","path":"/employee/add/luggage","request_id":"6488345b-304a-4848-9d67-e84507cc64de","status":400,"time":"2025-12-14 22:25:08"}
{"level":"debug","msg":"限流器状态","name":"local","time":"2025-12-14 22:26:03","tokens":99}
{"error":"Error 1054 (42S22): Unknown column 'guest_name' in 'where clause'","guest_name":"","level":"error","msg":"查询客户失败","time":"2025-12-14 22:26:03"}
{"duration":"6.5066ms","level":"info","method":"POST","msg":"请求处理完成","path":"/employee/add/luggage","request_id":"1d449110-72aa-41b6-8aae-1806d8438dcb","status":400,"time":"2025-12-14 22:26:03"}
{"level":"info","msg":"数据库表创建成功","time":"2025-12-14 22:26:08"}
{"level":"info","mode":"debug","msg":"服务器启动","time":"2025-12-14 22:26:08"}
{"level":"debug","msg":"限流器状态","name":"local","time":"2025-12-14 22:26:10","tokens":99}
{"duration":"3.4264ms","level":"info","method":"POST","msg":"请求处理完成","path":"/employee/add/luggage","request_id":"e07b6920-362b-4901-9696-223a1d3cc7d4","status":400,"time":"2025-12-14 22:26:10"}
{"level":"info","msg":"数据库表创建成功","time":"2025-12-14 22:27:27"}
{"level":"info","mode":"debug","msg":"服务器启动","time":"2025-12-14 22:27:27"}
{"level":"debug","msg":"限流器状态","name":"local","time":"2025-12-14 22:27:29","tokens":99}
{"duration":"5.3893ms","level":"info","method":"POST","msg":"请求处理完成","path":"/employee/add/luggage","request_id":"c0c9856c-d316-4bf7-bb84-49930d37fbd8","status":400,"time":"2025-12-14 22:27:29"}
{"level":"info","msg":"数据库表创建成功","time":"2025-12-14 22:28:10"}
{"level":"info","mode":"debug","msg":"服务器启动","time":"2025-12-14 22:28:10"}
{"level":"debug","msg":"限流器状态","name":"local","time":"2025-12-14 22:28:11","tokens":99}
{"duration":"4.7022ms","level":"info","method":"POST","msg":"请求处理完成","path":"/employee/add/luggage","request_id":"4caea3cf-c417-4868-8032-18bbdaf20495","status":400,"time":"2025-12-14 22:28:11"}
{"level":"info","msg":"数据库表创建成功","time":"2025-12-14 22:29:45"}
{"level":"info","mode":"debug","msg":"服务器启动","time":"2025-12-14 22:29:45"}
{"level":"debug","msg":"限流器状态","name":"local","time":"2025-12-14 22:29:48","tokens":99}
{"duration":"4.0862ms","level":"info","method":"POST","msg":"请求处理完成","path":"/employee/add/luggage","request_id":"17404d57-9692-4557-b06d-337cccbe62bc","status":400,"time":"2025-12-14 22:29:48"}
{"level":"debug","msg":"限流器状态","name":"local","time":"2025-12-14 22:30:25","tokens":99}
{"error":"json: cannot unmarshal string into Go struct field LuggageStorage.operator_id of type uint","level":"error","msg":"行李数据绑定错误","time":"2025-12-14 22:30:25"}
{"duration":"2.6608ms","level":"info","method":"POST","msg":"请求处理完成","path":"/employee/add/luggage","request_id":"56f02e32-20e8-4323-923b-9594601b02dd","status":400,"time":"2025-12-14 22:30:25"}
{"level":"debug","msg":"限流器状态","name":"local","time":"2025-12-14 22:30:57","tokens":99}
{"error":"json: cannot unmarshal string into Go struct field LuggageStorage.operator_id of type uint","level":"error","msg":"行李数据绑定错误","time":"2025-12-14 22:30:57"}
{"duration":"3.0029ms","level":"info","method":"POST","msg":"请求处理完成","path":"/employee/add/luggage","request_id":"34667ca9-2e08-457a-b209-e4b4611fbd60","status":400,"time":"2025-12-14 22:30:57"}
{"level":"info","msg":"数据库表创建成功","time":"2025-12-14 22:31:26"}
{"level":"info","mode":"debug","msg":"服务器启动","time":"2025-12-14 22:31:26"}
{"level":"debug","msg":"限流器状态","name":"local","time":"2025-12-14 22:31:29","tokens":99}
{"error":"json: cannot unmarshal string into Go struct field LuggageStorage.operator_id of type uint","level":"error","msg":"行李数据绑定错误","time":"2025-12-14 22:31:29"}
{"duration":"4.9747ms","level":"info","method":"POST","msg":"请求处理完成","path":"/employee/add/luggage","request_id":"60b614ff-1c43-4ca1-bf79-d876d0792afd","status":400,"time":"2025-12-14 22:31:29"}
{"level":"debug","msg":"限流器状态","name":"local","time":"2025-12-14 22:33:02","tokens":99}
{"error":"invalid character '}' looking for beginning of object key string","level":"error","msg":"行李数据绑定错误","time":"2025-12-14 22:33:02"}
{"duration":"4.9053ms","level":"info","method":"POST","msg":"请求处理完成","path":"/employee/add/luggage","request_id":"ecfa0d92-69eb-48e8-ab9b-ac64b38ad186","status":400,"time":"2025-12-14 22:33:02"}
{"level":"debug","msg":"限流器状态","name":"local","time":"2025-12-14 22:33:08","tokens":99}
{"error":"Error 1054 (42S22): Unknown column 'guest_name' in 'where clause'","guest_name":"李四","level":"error","msg":"查询客户失败","time":"2025-12-14 22:33:08"}
{"duration":"3.3866ms","level":"info","method":"POST","msg":"请求处理完成","path":"/employee/add/luggage","request_id":"818973e4-acc7-480e-9e75-54cefca56747","status":500,"time":"2025-12-14 22:33:08"}
{"level":"info","msg":"数据库表创建成功","time":"2025-12-14 22:33:42"}
{"level":"info","mode":"debug","msg":"服务器启动","time":"2025-12-14 22:33:42"}
{"level":"debug","msg":"限流器状态","name":"local","time":"2025-12-14 22:33:44","tokens":99}
{"level":"info","msg":"数据库表创建成功","time":"2025-12-14 22:37:19"}
{"level":"info","mode":"debug","msg":"服务器启动","time":"2025-12-14 22:37:19"}
{"level":"debug","msg":"限流器状态","name":"local","time":"2025-12-14 22:37:22","tokens":99}
{"duration":"12.4058ms","level":"info","method":"POST","msg":"请求处理完成","path":"/employee/add/luggage","request_id":"b78a51d5-5bd2-4fc8-8804-cca3f1887a99","status":201,"time":"2025-12-14 22:37:22"}
{"level":"info","msg":"数据库表创建成功","time":"2025-12-14 22:43:07"}
{"level":"info","mode":"debug","msg":"服务器启动","time":"2025-12-14 22:43:07"}
{"error":"MISCONF Redis is configured to save RDB snapshots, but it's currently unable to persist to disk. Commands that may modify the data set are disabled, because this instance is configured to report errors during writes if RDB snapshotting fails (stop-writes-on-bgsave-error option). Please check the Redis logs for details about the RDB error. script: 28e2beabd17123c3991c66f202d51fd23c624dbc, on @user_script:26.","level":"error","msg":"限流器执行脚本失败","name":"local","time":"2025-12-14 22:43:11"}
{"client_ip":"::1","level":"warning","msg":"请求过于频繁","time":"2025-12-14 22:43:11"}
{"duration":"915.9µs","level":"info","method":"POST","msg":"请求处理完成","path":"/employee/add/luggage","request_id":"9b21d680-8a13-4859-9b0d-ecc38b4e3b11","status":429,"time":"2025-12-14 22:43:11"}
{"level":"info","msg":"数据库表创建成功","time":"2025-12-14 22:43:49"}
{"level":"info","mode":"debug","msg":"服务器启动","time":"2025-12-14 22:43:49"}
{"level":"info","msg":"数据库表创建成功","time":"2025-12-14 22:44:13"}
{"level":"info","mode":"debug","msg":"服务器启动","time":"2025-12-14 22:44:13"}
{"level":"debug","msg":"限流器状态","name":"local","time":"2025-12-14 22:44:19","tokens":99}
{"duration":"5.5217ms","level":"info","method":"POST","msg":"请求处理完成","path":"/employee/login","request_id":"c4734cdb-81f0-48b2-b63e-e0ff16fda0bd","status":200,"time":"2025-12-14 22:44:19"}
{"level":"debug","msg":"限流器状态","name":"local","time":"2025-12-14 22:44:23","tokens":99}
{"duration":"40.3075ms","level":"info","method":"POST","msg":"请求处理完成","path":"/employee/add/luggage","request_id":"0a1b79a7-9b12-4536-abf8-74f3dd156898","status":201,"time":"2025-12-14 22:44:23"}
{"level":"debug","msg":"限流器状态","name":"local","time":"2025-12-14 22:44:35","tokens":99}
{"duration":"3.1839ms","level":"info","method":"GET","msg":"请求处理完成","path":"/tool/get/employee","request_id":"0602d632-28d4-4ef9-8570-cf4865fd1d2f","status":200,"time":"2025-12-14 22:44:35"}
{"error":"invalid field found for struct hotel/models.Luggage's field Photos: define a valid foreign key for relations or implement the Valuer/Scanner interface","level":"error","msg":"创建行李表失败","time":"2025-12-15 16:45:15"}
{"level":"info","msg":"数据库表创建成功","time":"2025-12-15 16:45:15"}
{"level":"info","mode":"debug","msg":"服务器启动","time":"2025-12-15 16:45:17"}
{"level":"info","msg":"数据库表创建成功","time":"2025-12-15 16:46:13"}
{"level":"info","mode":"debug","msg":"服务器启动","time":"2025-12-15 16:46:16"}
{"level":"info","msg":"数据库表创建成功","time":"2025-12-15 16:46:26"}
{"level":"info","mode":"debug","msg":"服务器启动","time":"2025-12-15 16:46:26"}
{"level":"debug","msg":"限流器状态","name":"local","time":"2025-12-15 16:46:46","tokens":99}
{"duration":"7.2837ms","level":"info","method":"POST","msg":"请求处理完成","path":"/employee/login","request_id":"866e5dff-2931-4c83-b1a8-550b37e07f35","status":200,"time":"2025-12-15 16:46:46"}
{"level":"debug","msg":"限流器状态","name":"local","time":"2025-12-15 16:49:24","tokens":99}
{"error":"Error 1452 (23000): Cannot add or update a child row: a foreign key constraint fails (`study`.`luggages`, CONSTRAINT `fk_locations_luggage` FOREIGN KEY (`location_id`) REFERENCES `locations` (`id`))","level":"error","msg":"创建行李记录失败","time":"2025-12-15 16:49:24"}
{"duration":"27.3302ms","level":"info","method":"POST","msg":"请求处理完成","path":"/employee/add/luggage","request_id":"e5b729c6-b546-4771-8647-f3519f53224d","status":500,"time":"2025-12-15 16:49:24"}
{"level":"info","msg":"数据库表创建成功","time":"2025-12-15 16:56:56"}
{"level":"info","mode":"debug","msg":"服务器启动","time":"2025-12-15 16:56:56"}
{"level":"debug","msg":"限流器状态","name":"local","time":"2025-12-15 16:56:59","tokens":99}
{"duration":"18.4857ms","level":"info","method":"POST","msg":"请求处理完成","path":"/employee/add/luggage","request_id":"615247b0-a3d2-4d5d-be56-dc066f9aa30c","status":201,"time":"2025-12-15 16:56:59"}
{"level":"info","msg":"数据库表创建成功","time":"2025-12-15 17:14:24"}
{"level":"info","mode":"debug","msg":"服务器启动","time":"2025-12-15 17:14:24"}
{"level":"debug","msg":"限流器状态","name":"local","time":"2025-12-15 17:15:01","tokens":99}
{"duration":"4.2298ms","level":"info","method":"POST","msg":"请求处理完成","path":"/employee/login","request_id":"4b4e28f0-4dcf-4e52-9ab9-d952c500c876","status":200,"time":"2025-12-15 17:15:01"}
{"level":"debug","msg":"限流器状态","name":"local","time":"2025-12-15 17:15:04","tokens":99}
{"error":"请求数据格式错误","level":"error","msg":"请求数据格式错误","time":"2025-12-15 17:15:04"}
{"duration":"2.2371ms","level":"info","method":"POST","msg":"请求处理完成","path":"/employee/add/luggage","request_id":"de1300d1-91a5-4768-9194-4279d011ad60","status":400,"time":"2025-12-15 17:15:04"}
{"level":"info","msg":"数据库表创建成功","time":"2025-12-15 17:28:19"}
{"level":"info","mode":"debug","msg":"服务器启动","time":"2025-12-15 17:28:19"}
{"level":"debug","msg":"限流器状态","name":"local","time":"2025-12-15 17:28:31","tokens":99}
{"duration":"4.2284ms","level":"info","method":"GET","msg":"请求处理完成","path":"/employee/get/all","request_id":"f1dcd3e0-1edd-4f16-bb77-e9b940c4855d","status":200,"time":"2025-12-15 17:28:31"}
{"level":"debug","msg":"限流器状态","name":"local","time":"2025-12-15 17:28:52","tokens":99}
{"duration":"16.0429ms","level":"info","method":"POST","msg":"请求处理完成","path":"/employee/delete/luggage","request_id":"98b904b5-add4-4e31-b275-5fa854ef1501","status":200,"time":"2025-12-15 17:28:52"}
{"level":"debug","msg":"限流器状态","name":"local","time":"2025-12-15 17:28:55","tokens":99}
{"duration":"5.0687ms","level":"info","method":"GET","msg":"请求处理完成","path":"/employee/get/all","request_id":"a2e74840-d1a9-4f4d-9f6e-03844b35b552","status":200,"time":"2025-12-15 17:28:55"}
{"level":"info","msg":"数据库表创建成功","time":"2025-12-15 17:34:37"}
{"level":"info","mode":"debug","msg":"服务器启动","time":"2025-12-15 17:34:37"}
{"level":"debug","msg":"限流器状态","name":"local","time":"2025-12-15 17:34:41","tokens":99}
{"duration":"3.6244ms","level":"info","method":"POST","msg":"请求处理完成","path":"/employee/login","request_id":"72d432c7-60f7-4df9-86ce-e96a8be961a7","status":200,"time":"2025-12-15 17:34:41"}
{"level":"debug","msg":"限流器状态","name":"local","time":"2025-12-15 17:35:40","tokens":99}
{"duration":"18.3243ms","level":"info","method":"POST","msg":"请求处理完成","path":"/employee/add/luggage","request_id":"301526ac-f052-432d-bf04-98f485563ab6","status":201,"time":"2025-12-15 17:35:40"}
{"level":"debug","msg":"限流器状态","name":"local","time":"2025-12-15 17:35:42","tokens":99}
{"duration":"3.624ms","level":"info","method":"GET","msg":"请求处理完成","path":"/employee/get/all","request_id":"edac66d9-a107-4c1a-ace4-a76a254843f5","status":200,"time":"2025-12-15 17:35:42"}
{"level":"info","msg":"数据库表创建成功","time":"2025-12-15 17:37:25"}
{"level":"info","mode":"debug","msg":"服务器启动","time":"2025-12-15 17:37:25"}
{"level":"debug","msg":"限流器状态","name":"local","time":"2025-12-15 17:37:30","tokens":99}
{"error":"Employee: unsupported relations for schema Luggage","level":"error","msg":"获取行李失败","time":"2025-12-15 17:37:30"}
{"duration":"6.4067ms","level":"info","method":"GET","msg":"请求处理完成","path":"/employee/get/all","request_id":"31903a8d-96d3-4b3e-9c2b-389d6d60a64e","status":500,"time":"2025-12-15 17:37:30"}
{"level":"debug","msg":"限流器状态","name":"local","time":"2025-12-15 17:37:35","tokens":99}
{"error":"Employee: unsupported relations for schema Luggage","level":"error","msg":"获取行李失败","time":"2025-12-15 17:37:35"}
{"duration":"6.3527ms","level":"info","method":"GET","msg":"请求处理完成","path":"/employee/get/all","request_id":"c07ad7e4-feb1-4e9d-a235-73bdbbe49e03","status":500,"time":"2025-12-15 17:37:35"}
{"level":"info","msg":"数据库表创建成功","time":"2025-12-15 17:38:40"}
{"level":"info","mode":"debug","msg":"服务器启动","time":"2025-12-15 17:38:40"}
{"level":"debug","msg":"限流器状态","name":"local","time":"2025-12-15 17:38:42","tokens":99}
{"duration":"3.6853ms","level":"info","method":"GET","msg":"请求处理完成","path":"/employee/get/all","request_id":"8ab8d382-e634-4056-bcff-a60e9b5e2730","status":200,"time":"2025-12-15 17:38:42"}
{"level":"info","msg":"数据库表创建成功","time":"2025-12-15 17:44:16"}
{"level":"info","mode":"debug","msg":"服务器启动","time":"2025-12-15 17:44:16"}
{"level":"debug","msg":"限流器状态","name":"local","time":"2025-12-15 17:44:18","tokens":99}
{"duration":"3.8616ms","level":"info","method":"GET","msg":"请求处理完成","path":"/employee/get/all","request_id":"e17430e8-66b8-436c-aacf-f25ebbdbed52","status":200,"time":"2025-12-15 17:44:18"}
{"level":"debug","msg":"限流器状态","name":"local","time":"2025-12-15 17:44:26","tokens":99}
{"duration":"4.0493ms","level":"info","method":"GET","msg":"请求处理完成","path":"/employee/get/all","request_id":"7a5f7e3f-463b-4dee-8c34-0c3f622c27f0","status":200,"time":"2025-12-15 17:44:26"}
{"level":"debug","msg":"限流器状态","name":"local","time":"2025-12-15 17:44:27","tokens":99}
{"duration":"5.2796ms","level":"info","method":"GET","msg":"请求处理完成","path":"/employee/get/all","request_id":"b686cf3c-babb-488a-a13f-27b57bd75df4","status":200,"time":"2025-12-15 17:44:27"}
{"level":"debug","msg":"限流器状态","name":"local","time":"2025-12-15 17:44:28","tokens":99}
{"duration":"3.596ms","level":"info","method":"GET","msg":"请求处理完成","path":"/employee/get/all","request_id":"1328989a-30af-400d-89f4-7a0d10ab1317","status":200,"time":"2025-12-15 17:44:28"}
{"level":"debug","msg":"限流器状态","name":"local","time":"2025-12-15 17:44:28","tokens":99}
{"duration":"5.676ms","level":"info","method":"GET","msg":"请求处理完成","path":"/employee/get/all","request_id":"97062bd0-3553-4fc2-b6e9-5d8dd349b8bb","status":200,"time":"2025-12-15 17:44:28"}
{"level":"debug","msg":"限流器状态","name":"local","time":"2025-12-15 17:44:29","tokens":99}
{"duration":"2.257ms","level":"info","method":"GET","msg":"请求处理完成","path":"/employee/get/all","request_id":"7e60ecce-3791-453d-b053-ad53783154d7","status":200,"time":"2025-12-15 17:44:29"}
{"level":"debug","msg":"限流器状态","name":"local","time":"2025-12-15 17:44:54","tokens":99}
{"duration":"12.5475ms","level":"info","method":"POST","msg":"请求处理完成","path":"/employee/add/luggage","request_id":"6473f349-c980-42d8-bf23-3447c136d2d9","status":201,"time":"2025-12-15 17:44:54"}
{"level":"debug","msg":"限流器状态","name":"local","time":"2025-12-15 17:44:55","tokens":99}
{"duration":"12.2956ms","level":"info","method":"POST","msg":"请求处理完成","path":"/employee/add/luggage","request_id":"0ff26712-873e-4160-8280-2f9ac19fdb6f","status":201,"time":"2025-12-15 17:44:55"}
{"level":"debug","msg":"限流器状态","name":"local","time":"2025-12-15 17:44:56","tokens":99}
{"duration":"16.9901ms","level":"info","method":"POST","msg":"请求处理完成","path":"/employee/add/luggage","request_id":"0194bcc7-f8ef-4067-8193-bbfccc65da77","status":201,"time":"2025-12-15 17:44:56"}
{"level":"debug","msg":"限流器状态","name":"local","time":"2025-12-15 17:44:57","tokens":99}
{"duration":"9.2703ms","level":"info","method":"POST","msg":"请求处理完成","path":"/employee/add/luggage","request_id":"7cd76d33-d5f3-49a3-b449-79541d5c6178","status":201,"time":"2025-12-15 17:44:57"}
{"level":"debug","msg":"限流器状态","name":"local","time":"2025-12-15 17:44:57","tokens":99}
{"duration":"10.2529ms","level":"info","method":"POST","msg":"请求处理完成","path":"/employee/add/luggage","request_id":"f639643f-6450-4e00-9bdf-1a3c50698997","status":201,"time":"2025-12-15 17:44:57"}
{"level":"debug","msg":"限流器状态","name":"local","time":"2025-12-15 17:44:58","tokens":99}
{"duration":"18.4581ms","level":"info","method":"POST","msg":"请求处理完成","path":"/employee/add/luggage","request_id":"d531a954-906c-4f01-8e94-c8e8c04dcf95","status":201,"time":"2025-12-15 17:44:58"}
{"level":"debug","msg":"限流器状态","name":"local","time":"2025-12-15 17:44:58","tokens":99}
{"duration":"9.6271ms","level":"info","method":"POST","msg":"请求处理完成","path":"/employee/add/luggage","request_id":"214123a1-833f-4ac8-95c0-f03904554ea8","status":201,"time":"2025-12-15 17:44:58"}
{"level":"debug","msg":"限流器状态","name":"local","time":"2025-12-15 17:44:59","tokens":99}
{"duration":"12.0363ms","level":"info","method":"POST","msg":"请求处理完成","path":"/employee/add/luggage","request_id":"bd1baf2e-6705-445b-ad02-886865f26410","status":201,"time":"2025-12-15 17:44:59"}
{"level":"debug","msg":"限流器状态","name":"local","time":"2025-12-15 17:45:00","tokens":99}
{"duration":"8.2791ms","level":"info","method":"POST","msg":"请求处理完成","path":"/employee/add/luggage","request_id":"bde99550-241d-42b5-ac0c-37a90077a18e","status":201,"time":"2025-12-15 17:45:00"}
{"level":"debug","msg":"限流器状态","name":"local","time":"2025-12-15 17:45:00","tokens":99}
{"duration":"13.4899ms","level":"info","method":"POST","msg":"请求处理完成","path":"/employee/add/luggage","request_id":"8d9a581b-3bf2-4b71-8d61-30c2252cc18a","status":201,"time":"2025-12-15 17:45:00"}
{"level":"debug","msg":"限流器状态","name":"local","time":"2025-12-15 17:45:01","tokens":99}
{"duration":"15.3781ms","level":"info","method":"POST","msg":"请求处理完成","path":"/employee/add/luggage","request_id":"32b68f31-9061-4743-9d38-7528d3f5c811","status":201,"time":"2025-12-15 17:45:01"}
{"level":"debug","msg":"限流器状态","name":"local","time":"2025-12-15 17:45:01","tokens":99}
{"duration":"12.3672ms","level":"info","method":"POST","msg":"请求处理完成","path":"/employee/add/luggage","request_id":"3b828777-c3e2-4c6d-ac19-98620454f6c9","status":201,"time":"2025-12-15 17:45:01"}
{"level":"debug","msg":"限流器状态","name":"local","time":"2025-12-15 17:45:02","tokens":99}
{"duration":"12.1879ms","level":"info","method":"POST","msg":"请求处理完成","path":"/employee/add/luggage","request_id":"e2aa9451-d109-4172-89eb-9099bdf8542e","status":201,"time":"2025-12-15 17:45:02"}
{"level":"debug","msg":"限流器状态","name":"local","time":"2025-12-15 17:45:03","tokens":99}
{"duration":"9.3108ms","level":"info","method":"POST","msg":"请求处理完成","path":"/employee/add/luggage","request_id":"81d31800-966c-48e6-8656-5deb0ade3f24","status":201,"time":"2025-12-15 17:45:03"}
{"level":"debug","msg":"限流器状态","name":"local","time":"2025-12-15 17:45:03","tokens":99}
{"duration":"11.8726ms","level":"info","method":"POST","msg":"请求处理完成","path":"/employee/add/luggage","request_id":"469eda7e-0526-4282-891a-561eda42c95c","status":201,"time":"2025-12-15 17:45:03"}
{"level":"debug","msg":"限流器状态","name":"local","time":"2025-12-15 17:45:04","tokens":99}
{"duration":"16.5022ms","level":"info","method":"POST","msg":"请求处理完成","path":"/employee/add/luggage","request_id":"5ae55b3d-1ddf-4231-9a0b-c8b02f355654","status":201,"time":"2025-12-15 17:45:04"}
{"level":"debug","msg":"限流器状态","name":"local","time":"2025-12-15 17:45:04","tokens":99}
{"duration":"18.7078ms","level":"info","method":"POST","msg":"请求处理完成","path":"/employee/add/luggage","request_id":"664240e6-9060-492b-ae47-15014e1c138d","status":201,"time":"2025-12-15 17:45:04"}
{"level":"debug","msg":"限流器状态","name":"local","time":"2025-12-15 17:45:27","tokens":99}
{"duration":"7.1686ms","level":"info","method":"GET","msg":"请求处理完成","path":"/employee/get/all","request_id":"0966d8d5-1bb8-4730-8923-9e8b9ea2f3d8","status":200,"time":"2025-12-15 17:45:27"}
{"level":"info","msg":"数据库表创建成功","time":"2025-12-15 17:46:18"}
{"level":"info","mode":"debug","msg":"服务器启动","time":"2025-12-15 17:46:18"}
{"level":"debug","msg":"限流器状态","name":"local","time":"2025-12-15 17:46:20","tokens":99}
{"duration":"6.1514ms","level":"info","method":"GET","msg":"请求处理完成","path":"/employee/get/all","request_id":"4b199b40-f698-4e1a-9c42-e84ff066bb9b","status":200,"time":"2025-12-15 17:46:20"}
{"error":"MISCONF Redis is configured to save RDB snapshots, but it's currently unable to persist to disk. Commands that may modify the data set are disabled, because this instance is configured to report errors during writes if RDB snapshotting fails (stop-writes-on-bgsave-error option). Please check the Redis logs for details about the RDB error. script: 28e2beabd17123c3991c66f202d51fd23c624dbc, on @user_script:26.","level":"error","msg":"限流器执行脚本失败","name":"local","time":"2025-12-15 17:46:28"}
{"client_ip":"::1","level":"warning","msg":"请求过于频繁","time":"2025-12-15 17:46:28"}
{"duration":"584.1µs","level":"info","method":"GET","msg":"请求处理完成","path":"/employee/get/all","request_id":"d17b6796-9aee-42f5-b3c5-cfc8b7ca9a60","status":429,"time":"2025-12-15 17:46:28"}
{"error":"MISCONF Redis is configured to save RDB snapshots, but it's currently unable to persist to disk. Commands that may modify the data set are disabled, because this instance is configured to report errors during writes if RDB snapshotting fails (stop-writes-on-bgsave-error option). Please check the Redis logs for details about the RDB error. script: 28e2beabd17123c3991c66f202d51fd23c624dbc, on @user_script:26.","level":"error","msg":"限流器执行脚本失败","name":"local","time":"2025-12-15 17:46:29"}
{"client_ip":"::1","level":"warning","msg":"请求过于频繁","time":"2025-12-15 17:46:29"}
{"duration":"503.7µs","level":"info","method":"GET","msg":"请求处理完成","path":"/employee/get/all","request_id":"6c12ff7c-99a1-439d-9472-3dbfb4cb58b2","status":429,"time":"2025-12-15 17:46:29"}
{"level":"info","msg":"数据库表创建成功","time":"2025-12-15 17:46:47"}
{"level":"info","mode":"debug","msg":"服务器启动","time":"2025-12-15 17:46:47"}
{"level":"debug","msg":"限流器状态","name":"local","time":"2025-12-15 17:46:53","tokens":99}
{"duration":"3.1359ms","level":"info","method":"GET","msg":"请求处理完成","path":"/employee/get/all","request_id":"9f765d37-361f-4d73-9216-0a0d35548635","status":401,"time":"2025-12-15 17:46:53"}
{"level":"debug","msg":"限流器状态","name":"local","time":"2025-12-15 17:46:56","tokens":99}
{"duration":"4.0092ms","level":"info","method":"POST","msg":"请求处理完成","path":"/employee/login","request_id":"5d277ca2-11a4-4cea-ad31-c26d07b5c83a","status":200,"time":"2025-12-15 17:46:56"}
{"level":"debug","msg":"限流器状态","name":"local","time":"2025-12-15 17:46:59","tokens":99}
{"duration":"7.0241ms","level":"info","method":"GET","msg":"请求处理完成","path":"/employee/get/all","request_id":"41ddab04-631b-4056-8e63-b06795cbc282","status":200,"time":"2025-12-15 17:46:59"}
{"level":"debug","msg":"限流器状态","name":"local","time":"2025-12-15 17:47:28","tokens":99}
{"duration":"2.9038ms","level":"info","method":"POST","msg":"请求处理完成","path":"/employee/login","request_id":"d4bbd165-0c1f-44b3-b6b3-70993960754b","status":200,"time":"2025-12-15 17:47:28"}
{"level":"debug","msg":"限流器状态","name":"local","time":"2025-12-15 17:47:30","tokens":99}
{"duration":"91.3084ms","level":"info","method":"POST","msg":"请求处理完成","path":"/employee/add/luggage","request_id":"f8c93d53-3dc3-4f33-b0b7-04870477b6f1","status":201,"time":"2025-12-15 17:47:30"}
{"level":"debug","msg":"限流器状态","name":"local","time":"2025-12-15 17:47:41","tokens":99}
{"duration":"10.5366ms","level":"info","method":"POST","msg":"请求处理完成","path":"/employee/add/luggage","request_id":"ed50a862-cb7a-42ac-a965-62d84a6c0bf3","status":201,"time":"2025-12-15 17:47:41"}
{"level":"debug","msg":"限流器状态","name":"local","time":"2025-12-15 17:47:42","tokens":99}
{"duration":"6.6183ms","level":"info","method":"POST","msg":"请求处理完成","path":"/employee/add/luggage","request_id":"6dda8f89-294d-4bfd-bfad-196a83d22987","status":201,"time":"2025-12-15 17:47:42"}
{"level":"debug","msg":"限流器状态","name":"local","time":"2025-12-15 17:47:43","tokens":99}
{"duration":"9.7442ms","level":"info","method":"POST","msg":"请求处理完成","path":"/employee/add/luggage","request_id":"3e0d3030-d3e4-4003-9af0-840647f0dd3b","status":201,"time":"2025-12-15 17:47:43"}
{"level":"info","msg":"数据库表创建成功","time":"2025-12-15 17:49:18"}
{"level":"info","mode":"debug","msg":"服务器启动","time":"2025-12-15 17:49:18"}
{"level":"debug","msg":"限流器状态","name":"local","time":"2025-12-15 17:49:21","tokens":99}
{"duration":"12.2733ms","level":"info","method":"POST","msg":"请求处理完成","path":"/employee/add/luggage","request_id":"fff4e58c-9d8a-45ef-bc4a-294bfc0ad06c","status":201,"time":"2025-12-15 17:49:21"}
{"level":"debug","msg":"限流器状态","name":"local","time":"2025-12-15 17:49:25","tokens":99}
{"duration":"3.5573ms","level":"info","method":"GET","msg":"请求处理完成","path":"/employee/get/all","request_id":"32633f5e-ca64-4654-aa5c-fa179563c843","status":200,"time":"2025-12-15 17:49:25"}
{"level":"debug","msg":"限流器状态","name":"local","time":"2025-12-15 17:49:34","tokens":99}
{"duration":"6.3564ms","level":"info","method":"GET","msg":"请求处理完成","path":"/employee/get/all","request_id":"1666c13a-c15e-4d85-9fe2-0a78ef562a31","status":200,"time":"2025-12-15 17:49:34"}
{"level":"info","msg":"数据库表创建成功","time":"2025-12-15 17:54:45"}
{"level":"info","mode":"debug","msg":"服务器启动","time":"2025-12-15 17:54:45"}
{"level":"debug","msg":"限流器状态","name":"local","time":"2025-12-15 17:55:06","tokens":99}
{"error":"Error 1054 (42S22): Unknown column 'guests.guest_name' in 'where clause'","level":"error","msg":"获取行李失败","time":"2025-12-15 17:55:06"}
{"duration":"4.4991ms","level":"info","method":"GET","msg":"请求处理完成","path":"/employee/get/name","request_id":"cfaf1b75-eeaf-4154-8bf1-7abe545f011b","status":500,"time":"2025-12-15 17:55:06"}
{"level":"info","msg":"数据库表创建成功","time":"2025-12-15 17:57:38"}
{"level":"info","mode":"debug","msg":"服务器启动","time":"2025-12-15 17:57:38"}
{"level":"debug","msg":"限流器状态","name":"local","time":"2025-12-15 17:57:41","tokens":99}
{"error":"location: unsupported relations for schema Luggage","level":"error","msg":"获取行李失败","time":"2025-12-15 17:57:41"}
{"duration":"5.2493ms","level":"info","method":"GET","msg":"请求处理完成","path":"/employee/get/name","request_id":"fa4f3083-cb88-4f75-8617-b815c0984846","status":500,"time":"2025-12-15 17:57:41"}
{"level":"info","msg":"数据库表创建成功","time":"2025-12-15 17:58:35"}
{"level":"info","mode":"debug","msg":"服务器启动","time":"2025-12-15 17:58:35"}
{"level":"debug","msg":"限流器状态","name":"local","time":"2025-12-15 17:58:37","tokens":99}
{"duration":"9.2349ms","level":"info","method":"GET","msg":"请求处理完成","path":"/employee/get/name","request_id":"d0044c33-4fe3-4be3-b21b-e792fc0afa41","status":404,"time":"2025-12-15 17:58:37"}
{"level":"info","msg":"数据库表创建成功","time":"2025-12-15 18:01:44"}
{"level":"info","mode":"debug","msg":"服务器启动","time":"2025-12-15 18:01:44"}
{"level":"debug","msg":"限流器状态","name":"local","time":"2025-12-15 18:01:46","tokens":99}
{"error":"Luggage: unsupported relations for schema Guest","level":"error","msg":"获取行李失败","time":"2025-12-15 18:01:46"}
{"duration":"3.9165ms","level":"info","method":"GET","msg":"请求处理完成","path":"/employee/get/name","request_id":"d1166c5e-526d-41c9-bc8b-37b6b017a3e6","status":500,"time":"2025-12-15 18:01:46"}
{"level":"info","msg":"数据库表创建成功","time":"2025-12-15 18:02:36"}
{"level":"info","mode":"debug","msg":"服务器启动","time":"2025-12-15 18:02:36"}
{"level":"debug","msg":"限流器状态","name":"local","time":"2025-12-15 18:02:38","tokens":99}
{"duration":"652.5µs","level":"info","method":"GET","msg":"请求处理完成","path":"/employee/get/name","request_id":"57638afb-9abc-4dd7-9e50-adc742ccf0ee","status":401,"time":"2025-12-15 18:02:38"}
{"level":"debug","msg":"限流器状态","name":"local","time":"2025-12-15 18:02:41","tokens":99}
{"duration":"5.7961ms","level":"info","method":"POST","msg":"请求处理完成","path":"/employee/login","request_id":"d4781806-032b-4689-b2cf-1639ad0af845","status":200,"time":"2025-12-15 18:02:41"}
{"level":"debug","msg":"限流器状态","name":"local","time":"2025-12-15 18:02:46","tokens":99}
{"duration":"5.4358ms","level":"info","method":"GET","msg":"请求处理完成","path":"/employee/get/name","request_id":"0f17678f-714e-45e3-b003-c1ccd4e9d679","status":404,"time":"2025-12-15 18:02:46"}
{"level":"info","msg":"数据库表创建成功","time":"2025-12-15 18:03:12"}
{"level":"info","mode":"debug","msg":"服务器启动","time":"2025-12-15 18:03:12"}
{"level":"debug","msg":"限流器状态","name":"local","time":"2025-12-15 18:03:14","tokens":99}
{"duration":"6.6133ms","level":"info","method":"GET","msg":"请求处理完成","path":"/employee/get/name","request_id":"06993926-0155-45d6-9d63-16f74d7fcd4f","status":200,"time":"2025-12-15 18:03:14"}
{"level":"debug","msg":"限流器状态","name":"local","time":"2025-12-15 18:03:20","tokens":99}
{"duration":"7.0035ms","level":"info","method":"GET","msg":"请求处理完成","path":"/employee/get/all","request_id":"13793e8d-971b-49da-9031-611765ead153","status":200,"time":"2025-12-15 18:03:20"}
{"level":"debug","msg":"限流器状态","name":"local","time":"2025-12-15 18:03:32","tokens":99}
{"duration":"3.8166ms","level":"info","method":"GET","msg":"请求处理完成","path":"/employee/get/name","request_id":"90acba3b-fab4-47b2-a9cc-147e0145a46c","status":200,"time":"2025-12-15 18:03:32"}
{"level":"info","msg":"数据库表创建成功","time":"2025-12-15 18:05:30"}
{"level":"info","mode":"debug","msg":"服务器启动","time":"2025-12-15 18:05:30"}
{"level":"debug","msg":"限流器状态","name":"local","time":"2025-12-15 18:05:33","tokens":99}
{"duration":"4.669ms","level":"info","method":"GET","msg":"请求处理完成","path":"/employee/get/name","request_id":"48d1d1d2-d4dc-42e7-9a9d-7572bf50d10e","status":200,"time":"2025-12-15 18:05:33"}
{"level":"info","msg":"数据库表创建成功","time":"2025-12-15 18:11:06"}
{"level":"info","mode":"debug","msg":"服务器启动","time":"2025-12-15 18:11:06"}
{"level":"debug","msg":"限流器状态","name":"local","time":"2025-12-15 18:11:27","tokens":99}
{"duration":"5.7934ms","level":"info","method":"GET","msg":"请求处理完成","path":"/employee/get/all","request_id":"9d8e557b-6638-4d3c-a560-959e371f24d0","status":200,"time":"2025-12-15 18:11:27"}
{"level":"debug","msg":"限流器状态","name":"local","time":"2025-12-15 18:11:37","tokens":99}
{"duration":"4.6519ms","level":"info","method":"GET","msg":"请求处理完成","path":"/employee/get/guest_id","request_id":"7fa29f73-0090-4ad9-b818-8cba6b9a0c55","status":200,"time":"2025-12-15 18:11:37"}
{"level":"debug","msg":"限流器状态","name":"local","time":"2025-12-15 18:11:40","tokens":99}
{"duration":"3.1933ms","level":"info","method":"GET","msg":"请求处理完成","path":"/employee/get/name","request_id":"1b7a37f9-65d5-43e4-aa63-ec6d0207e002","status":200,"time":"2025-12-15 18:11:40"}
{"level":"debug","msg":"限流器状态","name":"local","time":"2025-12-15 18:11:52","tokens":99}
{"duration":"3.0328ms","level":"info","method":"GET","msg":"请求处理完成","path":"/employee/get/all","request_id":"6d4a9fd1-7f30-4ea4-971b-b2edec2dc423","status":200,"time":"2025-12-15 18:11:52"}
{"level":"info","msg":"数据库表创建成功","time":"2025-12-15 18:18:21"}
{"level":"info","mode":"debug","msg":"服务器启动","time":"2025-12-15 18:18:21"}
{"level":"debug","msg":"限流器状态","name":"local","time":"2025-12-15 18:18:24","tokens":99}
{"duration":"521.3µs","level":"info","method":"GET","msg":"请求处理完成","path":"/employee/get/all","request_id":"c95f80e6-8010-4333-823e-96fddd549588","status":401,"time":"2025-12-15 18:18:24"}
{"level":"debug","msg":"限流器状态","name":"local","time":"2025-12-15 18:18:27","tokens":99}
{"duration":"3.3865ms","level":"info","method":"POST","msg":"请求处理完成","path":"/employee/login","request_id":"79787a48-d3bf-4263-b488-16ddf769d698","status":200,"time":"2025-12-15 18:18:27"}
{"level":"debug","msg":"限流器状态","name":"local","time":"2025-12-15 18:18:30","tokens":99}
{"duration":"5.7137ms","level":"info","method":"GET","msg":"请求处理完成","path":"/employee/get/guest_id","request_id":"fe1b9386-02f1-4442-87b5-02511b1c1ad1","status":200,"time":"2025-12-15 18:18:30"}
{"level":"debug","msg":"限流器状态","name":"local","time":"2025-12-15 18:18:35","tokens":99}
{"duration":"5.7032ms","level":"info","method":"GET","msg":"请求处理完成","path":"/employee/get/name","request_id":"c24d1d4f-54c9-4fc5-b679-c4f18d1b29a0","status":200,"time":"2025-12-15 18:18:35"}
{"level":"info","msg":"数据库表创建成功","time":"2025-12-15 20:37:11"}
{"level":"info","mode":"debug","msg":"服务器启动","time":"2025-12-15 20:37:13"}
{"error":"dial tcp 127.0.0.1:6379: connectex: No connection could be made because the target machine actively refused it.","level":"error","msg":"限流器执行脚本失败","name":"local","time":"2025-12-15 20:37:28"}
{"client_ip":"::1","level":"warning","msg":"请求过于频繁","time":"2025-12-15 20:37:28"}
{"duration":"2.0875655s","level":"info","method":"GET","msg":"请求处理完成","path":"/employee/get/name","request_id":"07e9264c-78a4-4e58-ac60-b806dde13aef","status":429,"time":"2025-12-15 20:37:28"}
{"level":"info","msg":"数据库表创建成功","time":"2025-12-15 20:37:38"}
{"level":"info","mode":"debug","msg":"服务器启动","time":"2025-12-15 20:37:38"}
{"level":"info","msg":"数据库表创建成功","time":"2025-12-15 20:37:48"}
{"level":"info","mode":"debug","msg":"服务器启动","time":"2025-12-15 20:37:48"}
{"level":"debug","msg":"限流器状态","name":"local","time":"2025-12-15 20:37:51","tokens":99}
{"duration":"5.4258ms","level":"info","method":"POST","msg":"请求处理完成","path":"/employee/login","request_id":"b95b4261-7339-48d2-8ad7-d0239e19845c","status":200,"time":"2025-12-15 20:37:51"}
{"level":"debug","msg":"限流器状态","name":"local","time":"2025-12-15 20:37:55","tokens":99}
{"duration":"10.0169ms","level":"info","method":"GET","msg":"请求处理完成","path":"/employee/get/name","request_id":"e20bfed5-33a2-4103-bb8e-3d3aa014ffa2","status":200,"time":"2025-12-15 20:37:55"}
{"level":"debug","msg":"限流器状态","name":"local","time":"2025-12-15 20:39:23","tokens":99}
{"duration":"4.8642ms","level":"info","method":"GET","msg":"请求处理完成","path":"/employee/get/all","request_id":"9691fbe2-b14b-4a90-b965-c440bb03c639","status":200,"time":"2025-12-15 20:39:23"}
{"level":"debug","msg":"限流器状态","name":"local","time":"2025-12-15 20:40:00","tokens":99}
{"duration":"2.8945ms","level":"info","method":"GET","msg":"请求处理完成","path":"/employee/get/guest_id","request_id":"0986be0b-e511-4f4c-8259-5d4add26bfac","status":200,"time":"2025-12-15 20:40:00"}
{"level":"debug","msg":"限流器状态","name":"local","time":"2025-12-15 20:40:18","tokens":99}
{"error":"Error 1054 (42S22): Unknown column 'location' in 'where clause'","level":"error","msg":"获取行李失败","time":"2025-12-15 20:40:18"}
{"duration":"2.1842ms","level":"info","method":"GET","msg":"请求处理完成","path":"/employee/get/location","request_id":"3daa21a6-87b0-4ef6-97da-727e3d43f34d","status":500,"time":"2025-12-15 20:40:18"}
{"level":"info","msg":"数据库表创建成功","time":"2025-12-15 20:43:06"}
{"level":"info","mode":"debug","msg":"服务器启动","time":"2025-12-15 20:43:06"}
{"level":"debug","msg":"限流器状态","name":"local","time":"2025-12-15 20:43:11","tokens":99}
{"duration":"6.0318ms","level":"info","method":"GET","msg":"请求处理完成","path":"/employee/get/location","request_id":"3bb47867-77da-453e-8389-e6fba60589aa","status":200,"time":"2025-12-15 20:43:11"}
{"level":"debug","msg":"限流器状态","name":"local","time":"2025-12-15 20:43:28","tokens":99}
{"duration":"7.106ms","level":"info","method":"GET","msg":"请求处理完成","path":"/employee/get/all","request_id":"97ed0fa6-854f-4411-85fc-96bb35123d20","status":200,"time":"2025-12-15 20:43:28"}
{"level":"debug","msg":"限流器状态","name":"local","time":"2025-12-15 20:43:49","tokens":99}
{"duration":"5.925ms","level":"info","method":"GET","msg":"请求处理完成","path":"/employee/get/location","request_id":"b16646c4-30b1-461b-89c3-f69fa04e6244","status":200,"time":"2025-12-15 20:43:49"}
{"level":"info","msg":"数据库表创建成功","time":"2025-12-15 20:44:46"}
{"level":"info","mode":"debug","msg":"服务器启动","time":"2025-12-15 20:44:46"}
{"level":"info","msg":"数据库表创建成功","time":"2025-12-15 20:48:16"}
{"level":"info","mode":"debug","msg":"服务器启动","time":"2025-12-15 20:48:16"}
{"level":"debug","msg":"限流器状态","name":"local","time":"2025-12-15 20:48:19","tokens":99}
{"duration":"7.5925ms","level":"info","method":"GET","msg":"请求处理完成","path":"/employee/get/location","request_id":"af4b845f-9784-4e69-8420-f2dd78286df4","status":200,"time":"2025-12-15 20:48:19"}
{"level":"info","msg":"数据库表创建成功","time":"2025-12-15 20:57:55"}
{"level":"info","mode":"debug","msg":"服务器启动","time":"2025-12-15 20:57:55"}
{"level":"debug","msg":"限流器状态","name":"local","time":"2025-12-15 20:58:08","tokens":99}
{"duration":"1.0318ms","level":"info","method":"POST","msg":"请求处理完成","path":"/employee/get/guest_advance","request_id":"ad32e9d9-dee4-4d90-86de-8a93e9873de7","status":401,"time":"2025-12-15 20:58:08"}
{"level":"debug","msg":"限流器状态","name":"local","time":"2025-12-15 20:58:11","tokens":99}
{"duration":"2.6888ms","level":"info","method":"POST","msg":"请求处理完成","path":"/employee/login","request_id":"9f4a1f2c-dcc8-467c-9893-044069255eb1","status":200,"time":"2025-12-15 20:58:11"}
{"level":"debug","msg":"限流器状态","name":"local","time":"2025-12-15 20:58:12","tokens":99}
{"duration":"6.8573ms","level":"info","method":"POST","msg":"请求处理完成","path":"/employee/get/guest_advance","request_id":"2ecfdbde-9f15-400f-9a0d-872d0af70847","status":200,"time":"2025-12-15 20:58:12"}
{"level":"info","msg":"数据库表创建成功","time":"2025-12-15 20:59:40"}
{"level":"info","mode":"debug","msg":"服务器启动","time":"2025-12-15 20:59:40"}
{"level":"debug","msg":"限流器状态","name":"local","time":"2025-12-15 20:59:42","tokens":99}
{"duration":"6.0568ms","level":"info","method":"GET","msg":"请求处理完成","path":"/employee/count/sum","request_id":"f5120786-8a78-4e79-8b8c-544553d05257","status":200,"time":"2025-12-15 20:59:42"}
{"level":"debug","msg":"限流器状态","name":"local","time":"2025-12-15 20:59:46","tokens":99}
{"duration":"5.5907ms","level":"info","method":"GET","msg":"请求处理完成","path":"/employee/count/today","request_id":"c215d896-8939-49a1-8afc-f6284df15a43","status":200,"time":"2025-12-15 20:59:46"}
{"level":"debug","msg":"限流器状态","name":"local","time":"2025-12-15 20:59:53","tokens":99}
{"duration":"3.0029ms","level":"info","method":"GET","msg":"请求处理完成","path":"/tool/get/employee","request_id":"5267a326-4b6c-4591-a91c-52cc9fbc6aca","status":200,"time":"2025-12-15 20:59:53"}
{"level":"info","msg":"数据库表创建成功","time":"2025-12-15 21:13:23"}
{"level":"info","mode":"debug","msg":"服务器启动","time":"2025-12-15 21:13:23"}
{"level":"info","msg":"数据库表创建成功","time":"2025-12-15 21:23:57"}
{"level":"info","mode":"debug","msg":"服务器启动","time":"2025-12-15 21:23:57"}
{"level":"debug","msg":"限流器状态","name":"local","time":"2025-12-15 21:24:02","tokens":99}
{"duration":"4.8227ms","level":"info","method":"POST","msg":"请求处理完成","path":"/employee/login","request_id":"8dad13c9-9ee0-41c0-9277-10424bb6c63e","status":200,"time":"2025-12-15 21:24:02"}
{"level":"debug","msg":"限流器状态","name":"local","time":"2025-12-15 21:24:05","tokens":99}
{"duration":"3.4131ms","level":"info","method":"GET","msg":"请求处理完成","path":"/employee/get/all","request_id":"b4703211-6ed9-4a21-80c0-b3a9982dbeb9","status":200,"time":"2025-12-15 21:24:05"}
{"level":"debug","msg":"限流器状态","name":"local","time":"2025-12-15 21:24:14","tokens":99}
{"duration":"10.9894ms","level":"info","method":"POST","msg":"请求处理完成","path":"/employee/delete/luggage","request_id":"5dd2ae72-5c7b-42d4-a7d3-5740fb27f5a8","status":200,"time":"2025-12-15 21:24:14"}
{"level":"debug","msg":"限流器状态","name":"local","time":"2025-12-15 21:24:17","tokens":99}
{"duration":"3.6907ms","level":"info","method":"GET","msg":"请求处理完成","path":"/employee/get/all","request_id":"b74728c9-bfb7-4a1b-9139-40f99e048b59","status":200,"time":"2025-12-15 21:24:17"}
{"level":"debug","msg":"限流器状态","name":"local","time":"2025-12-15 21:24:23","tokens":99}
{"duration":"2.8517ms","level":"info","method":"GET","msg":"请求处理完成","path":"/employee/count/today","request_id":"c83b3846-c58b-4715-9a5c-29d7da9c20b6","status":200,"time":"2025-12-15 21:24:23"}
{"level":"debug","msg":"限流器状态","name":"local","time":"2025-12-15 21:24:27","tokens":99}
{"duration":"3.1733ms","level":"info","method":"GET","msg":"请求处理完成","path":"/employee/count/sum","request_id":"86bc403d-177b-4da7-91db-e35f404f1c7b","status":200,"time":"2025-12-15 21:24:27"}
{"level":"debug","msg":"限流器状态","name":"local","time":"2025-12-15 21:24:31","tokens":99}
{"duration":"2.327ms","level":"info","method":"GET","msg":"请求处理完成","path":"/employee/count/today","request_id":"aad8c234-4eb6-4b31-aacf-2906d2b20466","status":200,"time":"2025-12-15 21:24:31"}
{"level":"debug","msg":"限流器状态","name":"local","time":"2025-12-15 21:24:35","tokens":99}
{"duration":"3.3484ms","level":"info","method":"GET","msg":"请求处理完成","path":"/employee/get/all","request_id":"753dfafd-81b2-466b-b36a-d06ee43cd6c0","status":200,"time":"2025-12-15 21:24:35"}
{"level":"debug","msg":"限流器状态","name":"local","time":"2025-12-15 21:25:19","tokens":99}
{"duration":"28.1431ms","level":"info","method":"POST","msg":"请求处理完成","path":"/employee/delete/luggage","request_id":"c52d88a3-480c-45dc-ade9-e6b5658eaeca","status":200,"time":"2025-12-15 21:25:19"}
{"level":"debug","msg":"限流器状态","name":"local","time":"2025-12-15 21:25:22","tokens":99}
{"duration":"4.8543ms","level":"info","method":"GET","msg":"请求处理完成","path":"/employee/get/all","request_id":"d1d18d6e-bd90-4955-8fa1-4a5d67987118","status":200,"time":"2025-12-15 21:25:22"}
{"level":"debug","msg":"限流器状态","name":"local","time":"2025-12-15 21:25:26","tokens":99}
{"duration":"7.0476ms","level":"info","method":"GET","msg":"请求处理完成","path":"/employee/count/sum","request_id":"a1781f44-7e31-475b-ba20-050f21b0a1bf","status":200,"time":"2025-12-15 21:25:26"}
{"level":"debug","msg":"限流器状态","name":"local","time":"2025-12-15 21:25:29","tokens":99}
{"duration":"2.2783ms","level":"info","method":"GET","msg":"请求处理完成","path":"/employee/count/today","request_id":"f628a580-828d-4142-aeef-15a5e493442b","status":200,"time":"2025-12-15 21:25:29"}
{"level":"info","msg":"数据库表创建成功","time":"2025-12-15 21:33:03"}
{"level":"info","mode":"debug","msg":"服务器启动","time":"2025-12-15 21:33:03"}
{"level":"debug","msg":"限流器状态","name":"local","time":"2025-12-15 21:33:07","tokens":99}
{"duration":"9.0284ms","level":"info","method":"GET","msg":"请求处理完成","path":"/tool/get/employee","request_id":"ea8f993d-0aee-40e9-b310-3fe268fdadd7","status":200,"time":"2025-12-15 21:33:07"}
{"level":"debug","msg":"限流器状态","name":"local","time":"2025-12-15 21:33:12","tokens":99}
{"duration":"10.1953ms","level":"info","method":"GET","msg":"请求处理完成","path":"/tool/get/employee","request_id":"7936a377-5daa-456f-a95f-d81d229677a2","status":200,"time":"2025-12-15 21:33:12"}
{"level":"debug","msg":"限流器状态","name":"local","time":"2025-12-15 21:33:13","tokens":99}
{"duration":"5.8941ms","level":"info","method":"GET","msg":"请求处理完成","path":"/tool/get/employee","request_id":"288b3854-2579-4feb-9de1-5902fde70621","status":200,"time":"2025-12-15 21:33:13"}
{"level":"debug","msg":"限流器状态","name":"local","time":"2025-12-15 21:33:15","tokens":99}
{"duration":"13.1947ms","level":"info","method":"GET","msg":"请求处理完成","path":"/tool/get/employee","request_id":"f4ad5093-f5ed-4d29-b3b5-25ac55b7684b","status":200,"time":"2025-12-15 21:33:15"}
{"level":"debug","msg":"限流器状态","name":"local","time":"2025-12-15 21:33:16","tokens":99}
{"duration":"9.2135ms","level":"info","method":"GET","msg":"请求处理完成","path":"/tool/get/employee","request_id":"ed36c976-ae64-4aeb-bd5f-127a03b038a8","status":200,"time":"2025-12-15 21:33:16"}
{"level":"debug","msg":"限流器状态","name":"local","time":"2025-12-15 21:33:17","tokens":99}
{"duration":"9.1427ms","level":"info","method":"GET","msg":"请求处理完成","path":"/tool/get/employee","request_id":"e84fb6f3-6282-4958-94b4-4f65cf97c75a","status":200,"time":"2025-12-15 21:33:17"}
{"level":"debug","msg":"限流器状态","name":"local","time":"2025-12-15 21:33:19","tokens":99}
{"duration":"13.214ms","level":"info","method":"GET","msg":"请求处理完成","path":"/tool/get/employee","request_id":"0fea9dc7-d468-4728-bf4a-64f37cbffad3","status":200,"time":"2025-12-15 21:33:19"}
{"level":"debug","msg":"限流器状态","name":"local","time":"2025-12-15 21:33:20","tokens":99}
{"duration":"9.5932ms","level":"info","method":"GET","msg":"请求处理完成","path":"/tool/get/employee","request_id":"b086940c-5ad7-4b71-8377-7d5e15fa077f","status":200,"time":"2025-12-15 21:33:20"}
{"level":"debug","msg":"限流器状态","name":"local","time":"2025-12-15 21:33:21","tokens":99}
{"duration":"21.2898ms","level":"info","method":"GET","msg":"请求处理完成","path":"/tool/get/employee","request_id":"ebebb698-d555-40a0-b5d0-147a008d3314","status":200,"time":"2025-12-15 21:33:21"}
{"level":"debug","msg":"限流器状态","name":"local","time":"2025-12-15 21:33:22","tokens":99}
{"duration":"17.1224ms","level":"info","method":"GET","msg":"请求处理完成","path":"/tool/get/employee","request_id":"877659c0-a265-4779-9dc2-cac224c8fe85","status":200,"time":"2025-12-15 21:33:22"}
{"level":"debug","msg":"限流器状态","name":"local","time":"2025-12-15 21:33:23","tokens":99}
{"duration":"6.1412ms","level":"info","method":"GET","msg":"请求处理完成","path":"/tool/get/employee","request_id":"6fbfc807-3d60-425b-bf00-bb48fd6c2817","status":200,"time":"2025-12-15 21:33:23"}
{"level":"debug","msg":"限流器状态","name":"local","time":"2025-12-15 21:33:24","tokens":99}
{"duration":"10.6876ms","level":"info","method":"GET","msg":"请求处理完成","path":"/tool/get/employee","request_id":"7034d65c-c84c-4d98-a180-254f6cfc03a2","status":200,"time":"2025-12-15 21:33:24"}
{"level":"debug","msg":"限流器状态","name":"local","time":"2025-12-15 21:33:24","tokens":99}
{"duration":"15.3958ms","level":"info","method":"GET","msg":"请求处理完成","path":"/tool/get/employee","request_id":"95013602-038e-4c37-9811-faa3ef7c869d","status":200,"time":"2025-12-15 21:33:24"}
{"level":"debug","msg":"限流器状态","name":"local","time":"2025-12-15 21:33:25","tokens":99}
{"duration":"9.6359ms","level":"info","method":"GET","msg":"请求处理完成","path":"/tool/get/employee","request_id":"53a3e5f7-e93f-4058-8735-2d3bf2c15796","status":200,"time":"2025-12-15 21:33:25"}
{"level":"debug","msg":"限流器状态","name":"local","time":"2025-12-15 21:33:26","tokens":99}
{"duration":"9.6966ms","level":"info","method":"GET","msg":"请求处理完成","path":"/tool/get/employee","request_id":"fec5f5d9-d9b5-42bc-97b6-2063b7aff212","status":200,"time":"2025-12-15 21:33:26"}
{"level":"debug","msg":"限流器状态","name":"local","time":"2025-12-15 21:33:27","tokens":99}
{"duration":"5.8616ms","level":"info","method":"GET","msg":"请求处理完成","path":"/tool/get/employee","request_id":"efe91923-8525-4a1b-a620-e38e4a2fddfa","status":200,"time":"2025-12-15 21:33:27"}
{"level":"debug","msg":"限流器状态","name":"local","time":"2025-12-15 21:33:28","tokens":99}
{"duration":"9.7886ms","level":"info","method":"GET","msg":"请求处理完成","path":"/tool/get/employee","request_id":"2b07360a-c2b0-484e-ac60-bec377e60254","status":200,"time":"2025-12-15 21:33:28"}
{"level":"info","msg":"数据库表创建成功","time":"2025-12-15 21:42:12"}
{"level":"info","mode":"debug","msg":"服务器启动","time":"2025-12-15 21:42:12"}
{"error":"MISCONF Redis is configured to save RDB snapshots, but it's currently unable to persist to disk. Commands that may modify the data set are disabled, because this instance is configured to report errors during writes if RDB snapshotting fails (stop-writes-on-bgsave-error option). Please check the Redis logs for details about the RDB error. script: 28e2beabd17123c3991c66f202d51fd23c624dbc, on @user_script:26.","level":"error","msg":"限流器执行脚本失败","name":"local","time":"2025-12-15 21:42:20"}
{"client_ip":"::1","level":"warning","msg":"请求过于频繁","time":"2025-12-15 21:42:20"}
{"duration":"578.5µs","level":"info","method":"POST","msg":"请求处理完成","path":"/employee/login","request_id":"9db611ce-f00e-4ad4-9479-2cd3b92d72f5","status":429,"time":"2025-12-15 21:42:20"}
{"level":"debug","msg":"限流器状态","name":"local","time":"2025-12-15 21:42:44","tokens":99}
{"duration":"24.589ms","level":"info","method":"POST","msg":"请求处理完成","path":"/employee/login","request_id":"0319e6f3-6dd3-40db-9ddc-e88b575a38a1","status":200,"time":"2025-12-15 21:42:44"}
{"level":"debug","msg":"限流器状态","name":"local","time":"2025-12-15 21:42:45","tokens":99}
{"duration":"1.0209ms","level":"info","method":"POST","msg":"请求处理完成","path":"/employee/login","request_id":"db548604-511c-4f28-952f-f10e938aa2a8","status":200,"time":"2025-12-15 21:42:45"}
{"level":"debug","msg":"限流器状态","name":"local","time":"2025-12-15 21:42:45","tokens":99}
{"duration":"1.7269ms","level":"info","method":"POST","msg":"请求处理完成","path":"/employee/login","request_id":"42885bf6-94a6-4f36-afee-21f60154552a","status":200,"time":"2025-12-15 21:42:45"}
{"level":"debug","msg":"限流器状态","name":"local","time":"2025-12-15 21:42:46","tokens":99}
{"duration":"2.9411ms","level":"info","method":"POST","msg":"请求处理完成","path":"/employee/login","request_id":"728851bd-6202-4bd5-bdf5-57fa36c4b9bc","status":200,"time":"2025-12-15 21:42:46"}
{"level":"debug","msg":"限流器状态","name":"local","time":"2025-12-15 21:42:46","tokens":99}
{"duration":"1.8737ms","level":"info","method":"POST","msg":"请求处理完成","path":"/employee/login","request_id":"69b55680-4c37-488a-82da-14fdec0138df","status":200,"time":"2025-12-15 21:42:46"}
{"level":"debug","msg":"限流器状态","name":"local","time":"2025-12-15 21:42:47","tokens":99}
{"duration":"1.3177ms","level":"info","method":"POST","msg":"请求处理完成","path":"/employee/login","request_id":"419c21d0-2d8a-44d9-bc21-04f1c9464825","status":200,"time":"2025-12-15 21:42:47"}
{"level":"debug","msg":"限流器状态","name":"local","time":"2025-12-15 21:43:19","tokens":99}
{"duration":"1.8953ms","level":"info","method":"POST","msg":"请求处理完成","path":"/employee/login","request_id":"c6c651ee-1161-4ae1-afa3-e5acab83ef16","status":401,"time":"2025-12-15 21:43:19"}
{"level":"debug","msg":"限流器状态","name":"local","time":"2025-12-15 21:43:19","tokens":98}
{"duration":"1.9088ms","level":"info","method":"POST","msg":"请求处理完成","path":"/employee/login","request_id":"ab192c61-9b2d-43cc-8310-b1f3bab0b28b","status":401,"time":"2025-12-15 21:43:19"}
{"level":"debug","msg":"限流器状态","name":"local","time":"2025-12-15 21:43:19","tokens":97}
{"duration":"2.963ms","level":"info","method":"POST","msg":"请求处理完成","path":"/employee/login","request_id":"cba6b887-5497-4aa0-a18b-2b7ea23859f7","status":401,"time":"2025-12-15 21:43:19"}
{"level":"debug","msg":"限流器状态","name":"local","time":"2025-12-15 21:43:20","tokens":99}
{"level":"debug","msg":"限流器状态","name":"local","time":"2025-12-15 21:43:20","tokens":98}
{"duration":"1.091ms","level":"info","method":"POST","msg":"请求处理完成","path":"/employee/login","request_id":"a25be86b-423d-4fd2-90a0-5c148eb6a5ed","status":401,"time":"2025-12-15 21:43:20"}
{"duration":"1.7596ms","level":"info","method":"POST","msg":"请求处理完成","path":"/employee/login","request_id":"38394ea9-e1fa-4335-8c4c-f5b8fa95d11c","status":401,"time":"2025-12-15 21:43:20"}
{"level":"debug","msg":"限流器状态","name":"local","time":"2025-12-15 21:43:20","tokens":97}
{"duration":"797.2µs","level":"info","method":"POST","msg":"请求处理完成","path":"/employee/login","request_id":"b1880873-e464-4b07-8db2-185afe254bd6","status":401,"time":"2025-12-15 21:43:20"}
{"level":"debug","msg":"限流器状态","name":"local","time":"2025-12-15 21:43:21","tokens":98}
{"level":"debug","msg":"限流器状态","name":"local","time":"2025-12-15 21:43:21","tokens":99}
{"level":"debug","msg":"限流器状态","name":"local","time":"2025-12-15 21:43:21","tokens":97}
{"duration":"1.194ms","level":"info","method":"POST","msg":"请求处理完成","path":"/employee/login","request_id":"81e4b34f-f13f-4292-a7d2-5c815806cdb2","status":401,"time":"2025-12-15 21:43:21"}
{"duration":"1.194ms","level":"info","method":"POST","msg":"请求处理完成","path":"/employee/login","request_id":"579404d4-7d1d-48e7-a998-3c0c7bd2a959","status":401,"time":"2025-12-15 21:43:21"}
{"duration":"2.6161ms","level":"info","method":"POST","msg":"请求处理完成","path":"/employee/login","request_id":"5900477c-344b-4f0e-948f-8f842bf04bb8","status":401,"time":"2025-12-15 21:43:21"}
{"level":"debug","msg":"限流器状态","name":"local","time":"2025-12-15 21:43:22","tokens":99}
{"level":"debug","msg":"限流器状态","name":"local","time":"2025-12-15 21:43:22","tokens":98}
{"level":"debug","msg":"限流器状态","name":"local","time":"2025-12-15 21:43:22","tokens":97}
{"duration":"1.7357ms","level":"info","method":"POST","msg":"请求处理完成","path":"/employee/login","request_id":"69dabbe3-7705-4d40-9d29-dfcbff07ea31","status":401,"time":"2025-12-15 21:43:22"}
{"duration":"1.7357ms","level":"info","method":"POST","msg":"请求处理完成","path":"/employee/login","request_id":"4727ee3b-cee1-4210-be77-e68cdbc79243","status":401,"time":"2025-12-15 21:43:22"}
{"level":"debug","msg":"限流器状态","name":"local","time":"2025-12-15 21:43:22","tokens":94}
{"level":"debug","msg":"限流器状态","name":"local","time":"2025-12-15 21:43:22","tokens":96}
{"duration":"2.2715ms","level":"info","method":"POST","msg":"请求处理完成","path":"/employee/login","request_id":"d940aec6-05e8-433d-8f6b-de1c0ea68e8e","status":401,"time":"2025-12-15 21:43:22"}
{"level":"debug","msg":"限流器状态","name":"local","time":"2025-12-15 21:43:22","tokens":92}
{"level":"debug","msg":"限流器状态","name":"local","time":"2025-12-15 21:43:22","tokens":91}
{"duration":"535.8µs","level":"info","method":"POST","msg":"请求处理完成","path":"/employee/login","request_id":"620697de-a6ce-4074-a7b4-2f89c2c1fc0e","status":401,"time":"2025-12-15 21:43:22"}
{"duration":"535.8µs","level":"info","method":"POST","msg":"请求处理完成","path":"/employee/login","request_id":"887e5971-b551-4e33-9c1e-373abc6a4edb","status":401,"time":"2025-12-15 21:43:22"}
{"duration":"2.3298ms","level":"info","method":"POST","msg":"请求处理完成","path":"/employee/login","request_id":"58814723-7477-4cfe-b3a6-93c3ded63f03","status":401,"time":"2025-12-15 21:43:22"}
{"duration":"2.8666ms","level":"info","method":"POST","msg":"请求处理完成","path":"/employee/login","request_id":"f2e25f35-8551-404e-a1a0-65a151c94571","status":401,"time":"2025-12-15 21:43:22"}
{"level":"debug","msg":"限流器状态","name":"local","time":"2025-12-15 21:43:22","tokens":88}
{"level":"debug","msg":"限流器状态","name":"local","time":"2025-12-15 21:43:22","tokens":89}
{"duration":"2.8666ms","level":"info","method":"POST","msg":"请求处理完成","path":"/employee/login","request_id":"37406153-c896-4c9b-845b-423885233672","status":401,"time":"2025-12-15 21:43:22"}
{"level":"debug","msg":"限流器状态","name":"local","time":"2025-12-15 21:43:22","tokens":84}
{"level":"debug","msg":"限流器状态","name":"local","time":"2025-12-15 21:43:22","tokens":87}
{"level":"debug","msg":"限流器状态","name":"local","time":"2025-12-15 21:43:22","tokens":86}
{"duration":"3.4341ms","level":"info","method":"POST","msg":"请求处理完成","path":"/employee/login","request_id":"4ad89550-c442-4da8-af67-1b8b55def692","status":401,"time":"2025-12-15 21:43:22"}
{"duration":"3.4341ms","level":"info","method":"POST","msg":"请求处理完成","path":"/employee/login","request_id":"0d74e55b-b71e-457f-bf00-72752558e507","status":401,"time":"2025-12-15 21:43:22"}
{"duration":"3.4248ms","level":"info","method":"POST","msg":"请求处理完成","path":"/employee/login","request_id":"de8c1951-a424-47ce-aee7-6b6f1fdae7bb","status":401,"time":"2025-12-15 21:43:22"}
{"duration":"3.997ms","level":"info","method":"POST","msg":"请求处理完成","path":"/employee/login","request_id":"95e065a2-eb65-4fd2-b03b-4912548582fd","status":401,"time":"2025-12-15 21:43:22"}
{"level":"debug","msg":"限流器状态","name":"local","time":"2025-12-15 21:43:22","tokens":98}
{"level":"debug","msg":"限流器状态","name":"local","time":"2025-12-15 21:43:22","tokens":99}
{"duration":"751.1µs","level":"info","method":"POST","msg":"请求处理完成","path":"/employee/login","request_id":"377fb866-32d3-4eb5-8030-daf665470a56","status":401,"time":"2025-12-15 21:43:22"}
{"duration":"1.3038ms","level":"info","method":"POST","msg":"请求处理完成","path":"/employee/login","request_id":"c9aafca8-fa62-475d-88b7-807089ef541b","status":401,"time":"2025-12-15 21:43:22"}
{"level":"debug","msg":"限流器状态","name":"local","time":"2025-12-15 21:43:22","tokens":97}
{"duration":"1.0107ms","level":"info","method":"POST","msg":"请求处理完成","path":"/employee/login","request_id":"aeb2e9d2-fc9c-4af9-a236-405831eecd4b","status":401,"time":"2025-12-15 21:43:22"}
{"level":"debug","msg":"限流器状态","name":"local","time":"2025-12-15 21:43:23","tokens":99}
{"level":"debug","msg":"限流器状态","name":"local","time":"2025-12-15 21:43:23","tokens":98}
{"duration":"1.2763ms","level":"info","method":"POST","msg":"请求处理完成","path":"/employee/login","request_id":"306d480f-e52a-4ef0-b871-4fdd165ac7ad","status":401,"time":"2025-12-15 21:43:23"}
{"duration":"512.9µs","level":"info","method":"POST","msg":"请求处理完成","path":"/employee/login","request_id":"ac172836-c824-4d18-93de-0abc66fd35c0","status":401,"time":"2025-12-15 21:43:23"}
{"level":"debug","msg":"限流器状态","name":"local","time":"2025-12-15 21:43:23","tokens":97}
{"duration":"1.5161ms","level":"info","method":"POST","msg":"请求处理完成","path":"/employee/login","request_id":"73de7657-7092-47e5-970d-f072343ca8b9","status":401,"time":"2025-12-15 21:43:23"}
{"level":"debug","msg":"限流器状态","name":"local","time":"2025-12-15 21:43:24","tokens":99}
{"level":"debug","msg":"限流器状态","name":"local","time":"2025-12-15 21:43:24","tokens":98}
{"level":"debug","msg":"限流器状态","name":"local","time":"2025-12-15 21:43:24","tokens":97}
{"level":"debug","msg":"限流器状态","name":"local","time":"2025-12-15 21:43:24","tokens":96}
{"level":"debug","msg":"限流器状态","name":"local","time":"2025-12-15 21:43:24","tokens":94}
{"duration":"1.2712ms","level":"info","method":"POST","msg":"请求处理完成","path":"/employee/login","request_id":"4c3fb028-915c-428c-9c40-adf875df50ce","status":401,"time":"2025-12-15 21:43:24"}
{"duration":"1.2712ms","level":"info","method":"POST","msg":"请求处理完成","path":"/employee/login","request_id":"8fd9c1ef-2e74-4de0-9d64-35fb68e92265","status":401,"time":"2025-12-15 21:43:24"}
{"level":"debug","msg":"限流器状态","name":"local","time":"2025-12-15 21:43:24","tokens":92}
{"duration":"532.1µs","level":"info","method":"POST","msg":"请求处理完成","path":"/employee/login","request_id":"63ad748f-4ce0-4d11-a592-b0c786a2bf77","status":401,"time":"2025-12-15 21:43:24"}
{"level":"debug","msg":"限流器状态","name":"local","time":"2025-12-15 21:43:24","tokens":87}
{"level":"debug","msg":"限流器状态","name":"local","time":"2025-12-15 21:43:24","tokens":89}
{"level":"debug","msg":"限流器状态","name":"local","time":"2025-12-15 21:43:24","tokens":91}
{"duration":"532.1µs","level":"info","method":"POST","msg":"请求处理完成","path":"/employee/login","request_id":"5f8d7a3e-458e-46b5-a071-93c6be44cdfa","status":401,"time":"2025-12-15 21:43:24"}
{"duration":"523.1µs","level":"info","method":"POST","msg":"请求处理完成","path":"/employee/login","request_id":"eb9af6ce-7c23-413c-b7ef-0d775a01f679","status":401,"time":"2025-12-15 21:43:24"}
{"duration":"523.1µs","level":"info","method":"POST","msg":"请求处理完成","path":"/employee/login","request_id":"78b82054-925e-4310-ae16-e76720b255eb","status":401,"time":"2025-12-15 21:43:24"}
{"duration":"2.3703ms","level":"info","method":"POST","msg":"请求处理完成","path":"/employee/login","request_id":"ba61b75c-61c2-4f89-9790-fbee13384804","status":401,"time":"2025-12-15 21:43:24"}
{"duration":"1.6312ms","level":"info","method":"POST","msg":"请求处理完成","path":"/employee/login","request_id":"5ea3cd11-4300-43ed-abb0-3b5e7e6369e2","status":401,"time":"2025-12-15 21:43:24"}
{"duration":"1.7001ms","level":"info","method":"POST","msg":"请求处理完成","path":"/employee/login","request_id":"985b6bca-7457-4447-8084-2ebe918f4192","status":401,"time":"2025-12-15 21:43:24"}
{"level":"debug","msg":"限流器状态","name":"local","time":"2025-12-15 21:43:24","tokens":84}
{"level":"debug","msg":"限流器状态","name":"local","time":"2025-12-15 21:43:24","tokens":86}
{"duration":"779.1µs","level":"info","method":"POST","msg":"请求处理完成","path":"/employee/login","request_id":"94705289-233a-4868-9d22-7fb45a6d70f7","status":401,"time":"2025-12-15 21:43:24"}
{"duration":"779.1µs","level":"info","method":"POST","msg":"请求处理完成","path":"/employee/login","request_id":"764fe210-f5c9-44b9-bdf2-3be8268a1149","status":401,"time":"2025-12-15 21:43:24"}
{"level":"debug","msg":"限流器状态","name":"local","time":"2025-12-15 21:43:24","tokens":83}
{"duration":"510.6µs","level":"info","method":"POST","msg":"请求处理完成","path":"/employee/login","request_id":"f4bfb5cd-79ac-445e-b66b-41a518e8f613","status":401,"time":"2025-12-15 21:43:24"}
{"level":"debug","msg":"限流器状态","name":"local","time":"2025-12-15 21:43:27","tokens":99}
{"level":"debug","msg":"限流器状态","name":"local","time":"2025-12-15 21:43:27","tokens":98}
{"level":"debug","msg":"限流器状态","name":"local","time":"2025-12-15 21:43:27","tokens":96}
{"level":"debug","msg":"限流器状态","name":"local","time":"2025-12-15 21:43:27","tokens":92}
{"level":"debug","msg":"限流器状态","name":"local","time":"2025-12-15 21:43:27","tokens":94}
{"level":"debug","msg":"限流器状态","name":"local","time":"2025-12-15 21:43:27","tokens":89}
{"level":"debug","msg":"限流器状态","name":"local","time":"2025-12-15 21:43:27","tokens":91}
{"level":"debug","msg":"限流器状态","name":"local","time":"2025-12-15 21:43:27","tokens":87}
{"duration":"2.0969ms","level":"info","method":"POST","msg":"请求处理完成","path":"/employee/login","request_id":"bbe76ec9-7100-434f-8094-d2689583bf35","status":401,"time":"2025-12-15 21:43:27"}
{"level":"debug","msg":"限流器状态","name":"local","time":"2025-12-15 21:43:27","tokens":88}
{"level":"debug","msg":"限流器状态","name":"local","time":"2025-12-15 21:43:27","tokens":86}
{"duration":"2.0916ms","level":"info","method":"POST","msg":"请求处理完成","path":"/employee/login","request_id":"328e5b96-348a-4a3f-a903-30cc6638403d","status":401,"time":"2025-12-15 21:43:27"}
{"duration":"2.0916ms","level":"info","method":"POST","msg":"请求处理完成","path":"/employee/login","request_id":"11557ea4-9dc9-4883-a9f7-c6efaa41c9e2","status":401,"time":"2025-12-15 21:43:27"}
{"level":"debug","msg":"限流器状态","name":"local","time":"2025-12-15 21:43:27","tokens":85}
{"duration":"1.6418ms","level":"info","method":"POST","msg":"请求处理完成","path":"/employee/login","request_id":"4087b9a4-84db-4f28-a1dd-ed9a023cc61e","status":401,"time":"2025-12-15 21:43:27"}
{"duration":"2.6972ms","level":"info","method":"POST","msg":"请求处理完成","path":"/employee/login","request_id":"8203cc0b-8eba-4a32-8195-dde7b148a342","status":401,"time":"2025-12-15 21:43:27"}
{"duration":"2.1614ms","level":"info","method":"POST","msg":"请求处理完成","path":"/employee/login","request_id":"e1606a26-9e46-45e6-876d-f857f7b5608d","status":401,"time":"2025-12-15 21:43:27"}
{"duration":"3.2061ms","level":"info","method":"POST","msg":"请求处理完成","path":"/employee/login","request_id":"5420567c-2538-493b-9ad3-e7cff5e6e0bf","status":401,"time":"2025-12-15 21:43:27"}
{"duration":"3.2061ms","level":"info","method":"POST","msg":"请求处理完成","path":"/employee/login","request_id":"129f3ed7-c510-4f04-8bd3-d4723314bbc4","status":401,"time":"2025-12-15 21:43:27"}
{"duration":"2.6812ms","level":"info","method":"POST","msg":"请求处理完成","path":"/employee/login","request_id":"4b8b44b1-b08e-4318-aaa5-66f378e37f66","status":401,"time":"2025-12-15 21:43:27"}
{"level":"debug","msg":"限流器状态","name":"local","time":"2025-12-15 21:43:27","tokens":84}
{"duration":"3.7552ms","level":"info","method":"POST","msg":"请求处理完成","path":"/employee/login","request_id":"b02d7899-0a62-4d8a-be1c-b7eabf413160","status":401,"time":"2025-12-15 21:43:27"}
{"duration":"1.0578ms","level":"info","method":"POST","msg":"请求处理完成","path":"/employee/login","request_id":"e3adf631-c676-47b5-8328-05b99c0943c2","status":401,"time":"2025-12-15 21:43:27"}
{"duration":"3.7397ms","level":"info","method":"POST","msg":"请求处理完成","path":"/employee/login","request_id":"eee81453-3f7f-4b7a-940a-14d85cadf0f2","status":401,"time":"2025-12-15 21:43:27"}
{"level":"debug","msg":"限流器状态","name":"local","time":"2025-12-15 21:43:29","tokens":99}
{"level":"debug","msg":"限流器状态","name":"local","time":"2025-12-15 21:43:29","tokens":98}
{"duration":"1.5614ms","level":"info","method":"POST","msg":"请求处理完成","path":"/employee/login","request_id":"b53073cb-b846-4873-8ca9-b21686ee62a2","status":401,"time":"2025-12-15 21:43:29"}
{"duration":"1.5614ms","level":"info","method":"POST","msg":"请求处理完成","path":"/employee/login","request_id":"8b169bc5-b83d-4d91-a029-cb1b9b11de5a","status":401,"time":"2025-12-15 21:43:29"}
{"level":"debug","msg":"限流器状态","name":"local","time":"2025-12-15 21:43:29","tokens":97}
{"level":"debug","msg":"限流器状态","name":"local","time":"2025-12-15 21:43:29","tokens":95}
{"level":"debug","msg":"限流器状态","name":"local","time":"2025-12-15 21:43:29","tokens":96}
{"level":"debug","msg":"限流器状态","name":"local","time":"2025-12-15 21:43:29","tokens":93}
{"level":"debug","msg":"限流器状态","name":"local","time":"2025-12-15 21:43:29","tokens":94}
{"level":"debug","msg":"限流器状态","name":"local","time":"2025-12-15 21:43:29","tokens":92}
{"level":"debug","msg":"限流器状态","name":"local","time":"2025-12-15 21:43:29","tokens":91}
{"duration":"1.2789ms","level":"info","method":"POST","msg":"请求处理完成","path":"/employee/login","request_id":"bed16cdd-52fd-4724-94f7-a81f71359a9b","status":401,"time":"2025-12-15 21:43:29"}
{"duration":"1.2789ms","level":"info","method":"POST","msg":"请求处理完成","path":"/employee/login","request_id":"da411988-d3ff-446d-9242-287ffa2ef086","status":401,"time":"2025-12-15 21:43:29"}
{"level":"debug","msg":"限流器状态","name":"local","time":"2025-12-15 21:43:29","tokens":90}
{"duration":"515.2µs","level":"info","method":"POST","msg":"请求处理完成","path":"/employee/login","request_id":"13f67841-372f-4d37-b099-d50ffccf63f3","status":401,"time":"2025-12-15 21:43:29"}
{"duration":"523.1µs","level":"info","method":"POST","msg":"请求处理完成","path":"/employee/login","request_id":"1ecde410-f142-4012-9030-36808cced415","status":401,"time":"2025-12-15 21:43:29"}
{"duration":"2.3998ms","level":"info","method":"POST","msg":"请求处理完成","path":"/employee/login","request_id":"7e5459f4-6181-47f4-a3b9-f9e77b3c08bd","status":401,"time":"2025-12-15 21:43:29"}
{"duration":"2.3998ms","level":"info","method":"POST","msg":"请求处理完成","path":"/employee/login","request_id":"a87c5115-7c58-4800-b388-cf6f4a5cbc90","status":401,"time":"2025-12-15 21:43:29"}
{"duration":"1.6361ms","level":"info","method":"POST","msg":"请求处理完成","path":"/employee/login","request_id":"8ce5814f-bcfa-4e86-9f31-7db4707d7e78","status":401,"time":"2025-12-15 21:43:29"}
{"duration":"2.3998ms","level":"info","method":"POST","msg":"请求处理完成","path":"/employee/login","request_id":"c12d51bd-67a9-4e2b-8982-59944d5fa46a","status":401,"time":"2025-12-15 21:43:29"}
{"level":"debug","msg":"限流器状态","name":"local","time":"2025-12-15 21:43:29","tokens":89}
{"level":"debug","msg":"限流器状态","name":"local","time":"2025-12-15 21:43:29","tokens":88}
{"duration":"1.1967ms","level":"info","method":"POST","msg":"请求处理完成","path":"/employee/login","request_id":"e72b4c24-dedb-4426-bb0f-7575cb4efffb","status":401,"time":"2025-12-15 21:43:29"}
{"duration":"503.7µs","level":"info","method":"POST","msg":"请求处理完成","path":"/employee/login","request_id":"1b64be5f-e2cd-4abf-8dd3-5053c64d4293","status":401,"time":"2025-12-15 21:43:29"}
{"level":"debug","msg":"限流器状态","name":"local","time":"2025-12-15 21:43:32","tokens":99}
{"level":"debug","msg":"限流器状态","name":"local","time":"2025-12-15 21:43:32","tokens":97}
{"duration":"504.7µs","level":"info","method":"POST","msg":"请求处理完成","path":"/employee/login","request_id":"206c49a5-65c4-4f3a-9dff-7cc9cc4de9d3","status":401,"time":"2025-12-15 21:43:32"}
{"duration":"1.0438ms","level":"info","method":"POST","msg":"请求处理完成","path":"/employee/login","request_id":"a15a40d5-9b43-452d-9cc2-43f2a3dc504e","status":401,"time":"2025-12-15 21:43:32"}
{"level":"debug","msg":"限流器状态","name":"local","time":"2025-12-15 21:43:32","tokens":96}
{"level":"debug","msg":"限流器状态","name":"local","time":"2025-12-15 21:43:32","tokens":95}
{"level":"debug","msg":"限流器状态","name":"local","time":"2025-12-15 21:43:32","tokens":94}
{"duration":"503.3µs","level":"info","method":"POST","msg":"请求处理完成","path":"/employee/login","request_id":"c79aa212-1e3b-433d-af7b-bd52ca14c1cc","status":401,"time":"2025-12-15 21:43:32"}
{"level":"debug","msg":"限流器状态","name":"local","time":"2025-12-15 21:43:32","tokens":93}
{"duration":"503.3µs","level":"info","method":"POST","msg":"请求处理完成","path":"/employee/login","request_id":"ab70f332-eefa-4855-addb-656a4b6259d8","status":401,"time":"2025-12-15 21:43:32"}
{"level":"debug","msg":"限流器状态","name":"local","time":"2025-12-15 21:43:32","tokens":91}
{"level":"debug","msg":"限流器状态","name":"local","time":"2025-12-15 21:43:32","tokens":92}
{"duration":"515.1µs","level":"info","method":"POST","msg":"请求处理完成","path":"/employee/login","request_id":"b3063636-549d-4c09-9a30-23ab2791e0c2","status":401,"time":"2025-12-15 21:43:32"}
{"level":"debug","msg":"限流器状态","name":"local","time":"2025-12-15 21:43:32","tokens":90}
{"duration":"515.1µs","level":"info","method":"POST","msg":"请求处理完成","path":"/employee/login","request_id":"5ffc45ab-f6e8-4e23-bc84-7b23c29071d3","status":401,"time":"2025-12-15 21:43:32"}
{"duration":"515.1µs","level":"info","method":"POST","msg":"请求处理完成","path":"/employee/login","request_id":"66dac7d3-08cb-44e7-a4a7-8669c9c82eed","status":401,"time":"2025-12-15 21:43:32"}
{"duration":"1.0369ms","level":"info","method":"POST","msg":"请求处理完成","path":"/employee/login","request_id":"c6ee8130-efd9-4e76-adee-5460c11e4b4e","status":401,"time":"2025-12-15 21:43:32"}
{"duration":"1.5402ms","level":"info","method":"POST","msg":"请求处理完成","path":"/employee/login","request_id":"6b1a87db-4fbf-4673-831e-9b518f3ee291","status":401,"time":"2025-12-15 21:43:32"}
{"level":"debug","msg":"限流器状态","name":"local","time":"2025-12-15 21:43:32","tokens":89}
{"duration":"506.3µs","level":"info","method":"POST","msg":"请求处理完成","path":"/employee/login","request_id":"749b3c6e-4401-4bcc-bceb-cd0866ef5d68","status":401,"time":"2025-12-15 21:43:32"}
{"level":"debug","msg":"限流器状态","name":"local","time":"2025-12-15 21:43:32","tokens":88}
{"level":"debug","msg":"限流器状态","name":"local","time":"2025-12-15 21:43:32","tokens":87}
{"duration":"506.6µs","level":"info","method":"POST","msg":"请求处理完成","path":"/employee/login","request_id":"a90b708f-5ed4-40db-8037-d5384996fc00","status":401,"time":"2025-12-15 21:43:32"}
{"duration":"506.6µs","level":"info","method":"POST","msg":"请求处理完成","path":"/employee/login","request_id":"bbd636f8-ebfe-4c7f-8599-ea4ce16fd6ce","status":401,"time":"2025-12-15 21:43:32"}
{"level":"debug","msg":"限流器状态","name":"local","time":"2025-12-15 21:43:59","tokens":99}
{"level":"debug","msg":"限流器状态","name":"local","time":"2025-12-15 21:43:59","tokens":98}
{"level":"debug","msg":"限流器状态","name":"local","time":"2025-12-15 21:43:59","tokens":96}
{"duration":"2.8069ms","level":"info","method":"POST","msg":"请求处理完成","path":"/employee/login","request_id":"994e1e46-6b61-4c4e-8a58-8803aa83e607","status":401,"time":"2025-12-15 21:43:59"}
{"duration":"1.4232ms","level":"info","method":"POST","msg":"请求处理完成","path":"/employee/login","request_id":"9d63c324-a266-41c0-a6c4-58c995b0f102","status":401,"time":"2025-12-15 21:43:59"}
{"duration":"1.4232ms","level":"info","method":"POST","msg":"请求处理完成","path":"/employee/login","request_id":"f7997ec4-1a6e-4d2c-bd93-1e8a2edba432","status":401,"time":"2025-12-15 21:43:59"}
{"level":"debug","msg":"限流器状态","name":"local","time":"2025-12-15 21:44:00","tokens":99}
{"level":"debug","msg":"限流器状态","name":"local","time":"2025-12-15 21:44:00","tokens":98}
{"duration":"1.0223ms","level":"info","method":"POST","msg":"请求处理完成","path":"/employee/login","request_id":"c8109667-e054-4fe2-bf6e-5060feb5a415","status":401,"time":"2025-12-15 21:44:00"}
{"duration":"1.034ms","level":"info","method":"POST","msg":"请求处理完成","path":"/employee/login","request_id":"a3ed197a-63ff-4f63-a30b-79f6e7179a1a","status":401,"time":"2025-12-15 21:44:00"}
{"level":"debug","msg":"限流器状态","name":"local","time":"2025-12-15 21:44:00","tokens":97}
{"duration":"1.2898ms","level":"info","method":"POST","msg":"请求处理完成","path":"/employee/login","request_id":"f0085934-9161-4456-bca7-861853796639","status":401,"time":"2025-12-15 21:44:00"}
{"level":"debug","msg":"限流器状态","name":"local","time":"2025-12-15 21:44:01","tokens":98}
{"level":"debug","msg":"限流器状态","name":"local","time":"2025-12-15 21:44:01","tokens":99}
{"duration":"504.8µs","level":"info","method":"POST","msg":"请求处理完成","path":"/employee/login","request_id":"75c0b523-c584-447b-94cb-4189985cccc0","status":401,"time":"2025-12-15 21:44:01"}
{"duration":"1.0336ms","level":"info","method":"POST","msg":"请求处理完成","path":"/employee/login","request_id":"02371717-3814-4778-9447-a908e3681e89","status":401,"time":"2025-12-15 21:44:01"}
{"level":"debug","msg":"限流器状态","name":"local","time":"2025-12-15 21:44:01","tokens":97}
{"duration":"504.6µs","level":"info","method":"POST","msg":"请求处理完成","path":"/employee/login","request_id":"f38d78f8-fa29-46fa-b36a-3d00f1bf64cc","status":401,"time":"2025-12-15 21:44:01"}
{"level":"debug","msg":"限流器状态","name":"local","time":"2025-12-15 21:44:01","tokens":99}
{"level":"debug","msg":"限流器状态","name":"local","time":"2025-12-15 21:44:01","tokens":97}
{"duration":"1.2341ms","level":"info","method":"POST","msg":"请求处理完成","path":"/employee/login","request_id":"fb7258d4-5573-42c3-87f8-5ecc18da948e","status":401,"time":"2025-12-15 21:44:01"}
{"duration":"1.2341ms","level":"info","method":"POST","msg":"请求处理完成","path":"/employee/login","request_id":"ec98999e-d537-49ae-a0ad-19665c88da10","status":401,"time":"2025-12-15 21:44:01"}
{"level":"debug","msg":"限流器状态","name":"local","time":"2025-12-15 21:44:01","tokens":96}
{"duration":"502.9µs","level":"info","method":"POST","msg":"请求处理完成","path":"/employee/login","request_id":"9e4bbc71-dc14-4039-9321-44a96ff8491e","status":401,"time":"2025-12-15 21:44:01"}
{"level":"debug","msg":"限流器状态","name":"local","time":"2025-12-15 21:44:02","tokens":99}
{"level":"debug","msg":"限流器状态","name":"local","time":"2025-12-15 21:44:02","tokens":95}
{"level":"debug","msg":"限流器状态","name":"local","time":"2025-12-15 21:44:02","tokens":97}
{"level":"debug","msg":"限流器状态","name":"local","time":"2025-12-15 21:44:02","tokens":93}
{"level":"debug","msg":"限流器状态","name":"local","time":"2025-12-15 21:44:02","tokens":90}
{"level":"debug","msg":"限流器状态","name":"local","time":"2025-12-15 21:44:02","tokens":86}
{"level":"debug","msg":"限流器状态","name":"local","time":"2025-12-15 21:44:02","tokens":92}
{"level":"debug","msg":"限流器状态","name":"local","time":"2025-12-15 21:44:02","tokens":88}
{"duration":"1.0214ms","level":"info","method":"POST","msg":"请求处理完成","path":"/employee/login","request_id":"39ad1a3c-ccaa-4ab9-87b3-4405487af2e7","status":401,"time":"2025-12-15 21:44:02"}
{"duration":"1.0214ms","level":"info","method":"POST","msg":"请求处理完成","path":"/employee/login","request_id":"97ba64df-b663-48f2-bc21-77d131458645","status":401,"time":"2025-12-15 21:44:02"}
{"level":"debug","msg":"限流器状态","name":"local","time":"2025-12-15 21:44:02","tokens":85}
{"level":"debug","msg":"限流器状态","name":"local","time":"2025-12-15 21:44:02","tokens":84}
{"duration":"2.3686ms","level":"info","method":"POST","msg":"请求处理完成","path":"/employee/login","request_id":"93b7057f-05f9-4b66-8a35-d3473e329a6d","status":401,"time":"2025-12-15 21:44:02"}
{"duration":"2.3686ms","level":"info","method":"POST","msg":"请求处理完成","path":"/employee/login","request_id":"c529d842-a85a-4997-a050-a51069b5b365","status":401,"time":"2025-12-15 21:44:02"}
{"level":"debug","msg":"限流器状态","name":"local","time":"2025-12-15 21:44:02","tokens":83}
{"level":"debug","msg":"限流器状态","name":"local","time":"2025-12-15 21:44:02","tokens":82}
{"duration":"3.4108ms","level":"info","method":"POST","msg":"请求处理完成","path":"/employee/login","request_id":"21719377-a521-4e5e-92cc-0e2c86fb602a","status":401,"time":"2025-12-15 21:44:02"}
{"duration":"1.8631ms","level":"info","method":"POST","msg":"请求处理完成","path":"/employee/login","request_id":"daeffe34-552d-4c0e-8c1e-18032fbd13fd","status":401,"time":"2025-12-15 21:44:02"}
{"duration":"3.4108ms","level":"info","method":"POST","msg":"请求处理完成","path":"/employee/login","request_id":"45a22bc4-da2d-42a1-bc9a-4caee9543e11","status":401,"time":"2025-12-15 21:44:02"}
{"duration":"4.4127ms","level":"info","method":"POST","msg":"请求处理完成","path":"/employee/login","request_id":"780b6d82-8a96-4f82-aa43-5893e5cfffeb","status":401,"time":"2025-12-15 21:44:02"}
{"duration":"526.3µs","level":"info","method":"POST","msg":"请求处理完成","path":"/employee/login","request_id":"88d4cb87-d432-4380-9b60-7df35cb8234a","status":401,"time":"2025-12-15 21:44:02"}
{"duration":"3.4108ms","level":"info","method":"POST","msg":"请求处理完成","path":"/employee/login","request_id":"01599059-88f6-48db-83b1-9179170b0be9","status":401,"time":"2025-12-15 21:44:02"}
{"duration":"2.9037ms","level":"info","method":"POST","msg":"请求处理完成","path":"/employee/login","request_id":"e0a99831-c8f6-4146-8dc2-c0823f221428","status":401,"time":"2025-12-15 21:44:02"}
{"duration":"1.1034ms","level":"info","method":"POST","msg":"请求处理完成","path":"/employee/login","request_id":"f50d6068-83c6-4ba0-bd35-df217d0d9b2c","status":401,"time":"2025-12-15 21:44:02"}
{"level":"debug","msg":"限流器状态","name":"local","time":"2025-12-15 21:44:02","tokens":97}
{"level":"debug","msg":"限流器状态","name":"local","time":"2025-12-15 21:44:02","tokens":95}
{"duration":"1.7299ms","level":"info","method":"POST","msg":"请求处理完成","path":"/employee/login","request_id":"673d0a11-f426-4a42-8dc5-f47f1c7a22b4","status":401,"time":"2025-12-15 21:44:02"}
{"duration":"1.7299ms","level":"info","method":"POST","msg":"请求处理完成","path":"/employee/login","request_id":"4ae3802a-fb6a-486c-8892-ca8003eec6b8","status":401,"time":"2025-12-15 21:44:02"}
{"level":"debug","msg":"限流器状态","name":"local","time":"2025-12-15 21:44:02","tokens":94}
{"duration":"732.5µs","level":"info","method":"POST","msg":"请求处理完成","path":"/employee/login","request_id":"265274bc-e9ed-4450-aa65-b59c0124dbd0","status":401,"time":"2025-12-15 21:44:02"}
{"level":"debug","msg":"限流器状态","name":"local","time":"2025-12-15 21:44:06","tokens":99}
{"level":"debug","msg":"限流器状态","name":"local","time":"2025-12-15 21:44:06","tokens":96}
{"level":"debug","msg":"限流器状态","name":"local","time":"2025-12-15 21:44:06","tokens":98}
{"duration":"999.4µs","level":"info","method":"POST","msg":"请求处理完成","path":"/employee/login","request_id":"401977eb-1ccb-4932-ae2f-770e3514fb3e","status":401,"time":"2025-12-15 21:44:06"}
{"duration":"0s","level":"info","method":"POST","msg":"请求处理完成","path":"/employee/login","request_id":"31594408-adf2-4e93-927a-88dd5b964be7","status":401,"time":"2025-12-15 21:44:06"}
{"level":"debug","msg":"限流器状态","name":"local","time":"2025-12-15 21:44:06","tokens":95}
{"duration":"1.0022ms","level":"info","method":"POST","msg":"请求处理完成","path":"/employee/login","request_id":"ed6b8160-e001-4ec6-a1d4-76f735f25d00","status":401,"time":"2025-12-15 21:44:06"}
{"level":"debug","msg":"限流器状态","name":"local","time":"2025-12-15 21:44:06","tokens":93}
{"duration":"0s","level":"info","method":"POST","msg":"请求处理完成","path":"/employee/login","request_id":"0b2a7efb-ff8a-4bc3-85c7-83d591147edd","status":401,"time":"2025-12-15 21:44:06"}
{"level":"debug","msg":"限流器状态","name":"local","time":"2025-12-15 21:44:06","tokens":91}
{"level":"debug","msg":"限流器状态","name":"local","time":"2025-12-15 21:44:06","tokens":87}
{"level":"debug","msg":"限流器状态","name":"local","time":"2025-12-15 21:44:06","tokens":89}
{"duration":"0s","level":"info","method":"POST","msg":"请求处理完成","path":"/employee/login","request_id":"ec119ed7-3236-4efd-ab7a-dceb528c4d20","status":401,"time":"2025-12-15 21:44:06"}
{"duration":"0s","level":"info","method":"POST","msg":"请求处理完成","path":"/employee/login","request_id":"30d67544-cbe6-44f9-801d-523e9f768ee1","status":401,"time":"2025-12-15 21:44:06"}
{"duration":"2.7935ms","level":"info","method":"POST","msg":"请求处理完成","path":"/employee/login","request_id":"4dfb3583-7bab-495e-a6d8-5a8ba24cfd04","status":401,"time":"2025-12-15 21:44:06"}
{"duration":"2.7935ms","level":"info","method":"POST","msg":"请求处理完成","path":"/employee/login","request_id":"65d635b7-ca07-4798-af0b-8900ce594bda","status":401,"time":"2025-12-15 21:44:06"}
{"level":"debug","msg":"限流器状态","name":"local","time":"2025-12-15 21:44:06","tokens":86}
{"duration":"603µs","level":"info","method":"POST","msg":"请求处理完成","path":"/employee/login","request_id":"b301e393-ea7f-4b14-a1a8-f7a01777b621","status":401,"time":"2025-12-15 21:44:06"}
{"level":"debug","msg":"限流器状态","name":"local","time":"2025-12-15 21:44:06","tokens":81}
{"level":"debug","msg":"限流器状态","name":"local","time":"2025-12-15 21:44:06","tokens":85}
{"level":"debug","msg":"限流器状态","name":"local","time":"2025-12-15 21:44:06","tokens":83}
{"duration":"1.7699ms","level":"info","method":"POST","msg":"请求处理完成","path":"/employee/login","request_id":"58656a16-4622-4472-a4c2-b37db0515544","status":401,"time":"2025-12-15 21:44:06"}
{"duration":"1.1669ms","level":"info","method":"POST","msg":"请求处理完成","path":"/employee/login","request_id":"2a256fc0-cc0e-404a-99dc-2020cb40b9cb","status":401,"time":"2025-12-15 21:44:06"}
{"duration":"2.2913ms","level":"info","method":"POST","msg":"请求处理完成","path":"/employee/login","request_id":"23efe042-d3ed-4fc6-9226-5df9c00bf287","status":401,"time":"2025-12-15 21:44:06"}
{"level":"debug","msg":"限流器状态","name":"local","time":"2025-12-15 21:44:09","tokens":99}
{"level":"debug","msg":"限流器状态","name":"local","time":"2025-12-15 21:44:09","tokens":95}
{"level":"debug","msg":"限流器状态","name":"local","time":"2025-12-15 21:44:09","tokens":97}
{"duration":"1.0248ms","level":"info","method":"POST","msg":"请求处理完成","path":"/employee/login","request_id":"df532a2e-1df4-46f4-8b9a-578e01972215","status":401,"time":"2025-12-15 21:44:09"}
{"level":"debug","msg":"限流器状态","name":"local","time":"2025-12-15 21:44:09","tokens":94}
{"duration":"1.5793ms","level":"info","method":"POST","msg":"请求处理完成","path":"/employee/login","request_id":"e7b54aa1-4045-4990-8e8b-eec821e6b572","status":401,"time":"2025-12-15 21:44:09"}
{"duration":"1.0759ms","level":"info","method":"POST","msg":"请求处理完成","path":"/employee/login","request_id":"06f3915c-1386-40ec-8e64-36ebbe566139","status":401,"time":"2025-12-15 21:44:09"}
{"level":"debug","msg":"限流器状态","name":"local","time":"2025-12-15 21:44:09","tokens":93}
{"duration":"2.1029ms","level":"info","method":"POST","msg":"请求处理完成","path":"/employee/login","request_id":"6fbe927c-f024-4565-b5f0-100d78950e57","status":401,"time":"2025-12-15 21:44:09"}
{"level":"debug","msg":"限流器状态","name":"local","time":"2025-12-15 21:44:09","tokens":89}
{"level":"debug","msg":"限流器状态","name":"local","time":"2025-12-15 21:44:09","tokens":91}
{"duration":"1.089ms","level":"info","method":"POST","msg":"请求处理完成","path":"/employee/login","request_id":"6eefa396-033c-403e-972b-40ecb7e5d8cb","status":401,"time":"2025-12-15 21:44:09"}
{"level":"debug","msg":"限流器状态","name":"local","time":"2025-12-15 21:44:09","tokens":86}
{"level":"debug","msg":"限流器状态","name":"local","time":"2025-12-15 21:44:09","tokens":88}
{"duration":"1.5988ms","level":"info","method":"POST","msg":"请求处理完成","path":"/employee/login","request_id":"0c1c6b4e-42c2-4b1c-bc4b-ee6a4a641c1d","status":401,"time":"2025-12-15 21:44:09"}
{"duration":"1.5988ms","level":"info","method":"POST","msg":"请求处理完成","path":"/employee/login","request_id":"6c280cc6-01fb-4cea-97f3-64604cd6e340","status":401,"time":"2025-12-15 21:44:09"}
{"level":"debug","msg":"限流器状态","name":"local","time":"2025-12-15 21:44:09","tokens":85}
{"duration":"1.0326ms","level":"info","method":"POST","msg":"请求处理完成","path":"/employee/login","request_id":"b3844240-7b06-4732-a05e-6d60701d3d98","status":401,"time":"2025-12-15 21:44:09"}
{"duration":"2.1986ms","level":"info","method":"POST","msg":"请求处理完成","path":"/employee/login","request_id":"0c331f20-5628-441c-a0b7-5448798afd02","status":401,"time":"2025-12-15 21:44:09"}
{"duration":"1.6551ms","level":"info","method":"POST","msg":"请求处理完成","path":"/employee/login","request_id":"644da1fd-0b63-4244-ad61-f73e718f0786","status":401,"time":"2025-12-15 21:44:09"}
{"level":"debug","msg":"限流器状态","name":"local","time":"2025-12-15 21:44:09","tokens":82}
{"level":"debug","msg":"限流器状态","name":"local","time":"2025-12-15 21:44:09","tokens":84}
{"duration":"1.0247ms","level":"info","method":"POST","msg":"请求处理完成","path":"/employee/login","request_id":"719959b3-616e-4dac-9a0f-3520dac482bb","status":401,"time":"2025-12-15 21:44:09"}
{"duration":"1.0247ms","level":"info","method":"POST","msg":"请求处理完成","path":"/employee/login","request_id":"35d6865b-19be-45cc-86b0-908a1410d8de","status":401,"time":"2025-12-15 21:44:09"}
{"level":"debug","msg":"限流器状态","name":"local","time":"2025-12-15 21:44:13","tokens":99}
{"duration":"1.0016ms","level":"info","method":"POST","msg":"请求处理完成","path":"/employee/login","request_id":"513a71a4-db1e-4922-9fbe-eb47d693c63a","status":401,"time":"2025-12-15 21:44:13"}
{"level":"debug","msg":"限流器状态","name":"local","time":"2025-12-15 21:44:13","tokens":98}
{"level":"debug","msg":"限流器状态","name":"local","time":"2025-12-15 21:44:13","tokens":97}
{"duration":"506µs","level":"info","method":"POST","msg":"请求处理完成","path":"/employee/login","request_id":"2e46c9d5-24ce-45ce-be0b-2ac0a6149e5a","status":401,"time":"2025-12-15 21:44:13"}
{"level":"debug","msg":"限流器状态","name":"local","time":"2025-12-15 21:44:13","tokens":96}
{"level":"debug","msg":"限流器状态","name":"local","time":"2025-12-15 21:44:13","tokens":95}
{"duration":"506µs","level":"info","method":"POST","msg":"请求处理完成","path":"/employee/login","request_id":"cff6ff62-d273-436a-a6d0-f579291b9cfb","status":401,"time":"2025-12-15 21:44:13"}
{"level":"debug","msg":"限流器状态","name":"local","time":"2025-12-15 21:44:13","tokens":94}
{"level":"debug","msg":"限流器状态","name":"local","time":"2025-12-15 21:44:13","tokens":92}
{"level":"debug","msg":"限流器状态","name":"local","time":"2025-12-15 21:44:13","tokens":91}
{"level":"debug","msg":"限流器状态","name":"local","time":"2025-12-15 21:44:13","tokens":90}
{"duration":"1.0319ms","level":"info","method":"POST","msg":"请求处理完成","path":"/employee/login","request_id":"a80d2f09-99f5-4e75-a964-84963eecabdb","status":401,"time":"2025-12-15 21:44:13"}
{"duration":"1.0319ms","level":"info","method":"POST","msg":"请求处理完成","path":"/employee/login","request_id":"176922ce-df5b-4233-a92e-02e11ed978a3","status":401,"time":"2025-12-15 21:44:13"}
{"duration":"1.0486ms","level":"info","method":"POST","msg":"请求处理完成","path":"/employee/login","request_id":"772efe88-6af7-4ca4-9ee2-37e125556d3d","status":401,"time":"2025-12-15 21:44:13"}
{"duration":"1.5697ms","level":"info","method":"POST","msg":"请求处理完成","path":"/employee/login","request_id":"cbdcc2f6-5801-4f39-859c-380a9ac4efaa","status":401,"time":"2025-12-15 21:44:13"}
{"duration":"1.5697ms","level":"info","method":"POST","msg":"请求处理完成","path":"/employee/login","request_id":"6dc0881e-3fba-4ecb-b45b-aaec582e31e6","status":401,"time":"2025-12-15 21:44:13"}
{"duration":"2.0757ms","level":"info","method":"POST","msg":"请求处理完成","path":"/employee/login","request_id":"41d44e00-4834-4d1c-8348-bbb14b663405","status":401,"time":"2025-12-15 21:44:13"}
{"level":"debug","msg":"限流器状态","name":"local","time":"2025-12-15 21:44:13","tokens":89}
{"duration":"763µs","level":"info","method":"POST","msg":"请求处理完成","path":"/employee/login","request_id":"1a4ec513-437d-4605-8b2a-8a298950c0db","status":401,"time":"2025-12-15 21:44:13"}
{"level":"debug","msg":"限流器状态","name":"local","time":"2025-12-15 21:44:13","tokens":88}
{"level":"debug","msg":"限流器状态","name":"local","time":"2025-12-15 21:44:13","tokens":87}
{"duration":"504.8µs","level":"info","method":"POST","msg":"请求处理完成","path":"/employee/login","request_id":"55293dbe-0382-4469-9a22-3d8a0ec58de0","status":401,"time":"2025-12-15 21:44:13"}
{"duration":"504.8µs","level":"info","method":"POST","msg":"请求处理完成","path":"/employee/login","request_id":"6b9070d9-4d00-4c70-a28e-9d97aefb89e2","status":401,"time":"2025-12-15 21:44:13"}
{"level":"debug","msg":"限流器状态","name":"local","time":"2025-12-15 21:44:17","tokens":99}
{"duration":"503.7µs","level":"info","method":"POST","msg":"请求处理完成","path":"/employee/login","request_id":"7503d3b5-2f58-4445-9209-e757bebe89da","status":401,"time":"2025-12-15 21:44:17"}
{"level":"debug","msg":"限流器状态","name":"local","time":"2025-12-15 21:44:17","tokens":98}
{"level":"debug","msg":"限流器状态","name":"local","time":"2025-12-15 21:44:17","tokens":97}
{"level":"debug","msg":"限流器状态","name":"local","time":"2025-12-15 21:44:17","tokens":95}
{"level":"debug","msg":"限流器状态","name":"local","time":"2025-12-15 21:44:17","tokens":93}
{"level":"debug","msg":"限流器状态","name":"local","time":"2025-12-15 21:44:17","tokens":91}
{"duration":"1.4723ms","level":"info","method":"POST","msg":"请求处理完成","path":"/employee/login","request_id":"7a0241c7-4743-4dfd-9e25-d65e23185f97","status":401,"time":"2025-12-15 21:44:17"}
{"level":"debug","msg":"限流器状态","name":"local","time":"2025-12-15 21:44:17","tokens":88}
{"level":"debug","msg":"限流器状态","name":"local","time":"2025-12-15 21:44:17","tokens":90}
{"duration":"508.3µs","level":"info","method":"POST","msg":"请求处理完成","path":"/employee/login","request_id":"498bb454-5e77-4add-aafd-dbf76887c47b","status":401,"time":"2025-12-15 21:44:17"}
{"duration":"545.1µs","level":"info","method":"POST","msg":"请求处理完成","path":"/employee/login","request_id":"70f6f69f-1e47-4352-a2e7-b60a38e9196d","status":401,"time":"2025-12-15 21:44:17"}
{"duration":"1.0534ms","level":"info","method":"POST","msg":"请求处理完成","path":"/employee/login","request_id":"a7b969af-ba0f-404a-861d-f261e42d898a","status":401,"time":"2025-12-15 21:44:17"}
{"duration":"1.574ms","level":"info","method":"POST","msg":"请求处理完成","path":"/employee/login","request_id":"aed2c96f-7555-4a3f-8f85-c870fe88310c","status":401,"time":"2025-12-15 21:44:17"}
{"duration":"1.574ms","level":"info","method":"POST","msg":"请求处理完成","path":"/employee/login","request_id":"ca0d47c2-56c5-4949-bde8-1a7ee0ef029a","status":401,"time":"2025-12-15 21:44:17"}
{"duration":"1.574ms","level":"info","method":"POST","msg":"请求处理完成","path":"/employee/login","request_id":"296be020-7dd0-47f7-9fce-059941a78a7e","status":401,"time":"2025-12-15 21:44:17"}
{"level":"debug","msg":"限流器状态","name":"local","time":"2025-12-15 21:44:17","tokens":87}
{"level":"debug","msg":"限流器状态","name":"local","time":"2025-12-15 21:44:17","tokens":85}
{"duration":"508.4µs","level":"info","method":"POST","msg":"请求处理完成","path":"/employee/login","request_id":"e2b90c20-da79-49b7-84ff-81a2b9c1d3d8","status":401,"time":"2025-12-15 21:44:17"}
{"duration":"508.4µs","level":"info","method":"POST","msg":"请求处理完成","path":"/employee/login","request_id":"33c91a02-ead1-4f93-8c24-02cb2c1cb3dc","status":401,"time":"2025-12-15 21:44:17"}
{"level":"debug","msg":"限流器状态","name":"local","time":"2025-12-15 21:44:17","tokens":84}
{"duration":"506.1µs","level":"info","method":"POST","msg":"请求处理完成","path":"/employee/login","request_id":"91e6c124-0164-492b-8c53-4e499dc1ca90","status":401,"time":"2025-12-15 21:44:17"}
{"level":"debug","msg":"限流器状态","name":"local","time":"2025-12-15 21:44:17","tokens":83}
{"duration":"506.7µs","level":"info","method":"POST","msg":"请求处理完成","path":"/employee/login","request_id":"52a33c6c-8038-4fbc-8f48-d3b3a61a2a7c","status":401,"time":"2025-12-15 21:44:17"}
{"level":"info","msg":"数据库表创建成功","time":"2025-12-15 21:44:46"}
{"level":"info","mode":"debug","msg":"服务器启动","time":"2025-12-15 21:44:46"}
{"level":"debug","msg":"限流器状态","name":"local","time":"2025-12-15 21:44:51","tokens":99}
{"duration":"3.2652ms","level":"info","method":"POST","msg":"请求处理完成","path":"/employee/login","request_id":"92e95bfb-6972-46f9-942f-3f7e9556778d","status":200,"time":"2025-12-15 21:44:51"}
{"level":"debug","msg":"限流器状态","name":"local","time":"2025-12-15 21:45:40","tokens":99}
{"duration":"1.9988ms","level":"info","method":"POST","msg":"请求处理完成","path":"/employee/login","request_id":"94f27409-e5ec-4d5b-890d-a5376721d605","status":200,"time":"2025-12-15 21:45:40"}
{"level":"debug","msg":"限流器状态","name":"local","time":"2025-12-15 21:46:22","tokens":99}
{"duration":"1.9993ms","level":"info","method":"POST","msg":"请求处理完成","path":"/employee/login","request_id":"4739c207-f32b-4165-930a-a1a6779847b1","status":401,"time":"2025-12-15 21:46:22"}
{"level":"debug","msg":"限流器状态","name":"local","time":"2025-12-15 21:46:22","tokens":98}
{"duration":"1.0015ms","level":"info","method":"POST","msg":"请求处理完成","path":"/employee/login","request_id":"feac42d7-0d91-4d66-86e4-e7a834e57902","status":401,"time":"2025-12-15 21:46:22"}
{"level":"debug","msg":"限流器状态","name":"local","time":"2025-12-15 21:46:22","tokens":97}
{"duration":"1.0015ms","level":"info","method":"POST","msg":"请求处理完成","path":"/employee/login","request_id":"a2258595-4790-4dc4-8f8d-fb3a19d2dd04","status":401,"time":"2025-12-15 21:46:22"}
{"level":"debug","msg":"限流器状态","name":"local","time":"2025-12-15 21:46:23","tokens":99}
{"duration":"1.9949ms","level":"info","method":"POST","msg":"请求处理完成","path":"/employee/login","request_id":"e9c1616d-6696-4aba-b105-2c260e5faade","status":401,"time":"2025-12-15 21:46:23"}
{"level":"debug","msg":"限流器状态","name":"local","time":"2025-12-15 21:46:23","tokens":98}
{"level":"debug","msg":"限流器状态","name":"local","time":"2025-12-15 21:46:23","tokens":97}
{"duration":"1.5073ms","level":"info","method":"POST","msg":"请求处理完成","path":"/employee/login","request_id":"9280f612-285a-4432-a737-ea854685cdbf","status":401,"time":"2025-12-15 21:46:23"}
{"duration":"3.5178ms","level":"info","method":"POST","msg":"请求处理完成","path":"/employee/login","request_id":"235ecb8f-fad2-4b13-90b9-b07e1991d6be","status":401,"time":"2025-12-15 21:46:23"}
{"level":"debug","msg":"限流器状态","name":"local","time":"2025-12-15 21:46:24","tokens":99}
{"duration":"1.0613ms","level":"info","method":"POST","msg":"请求处理完成","path":"/employee/login","request_id":"fde6493b-fdce-4e13-82da-014a720df57d","status":401,"time":"2025-12-15 21:46:24"}
{"level":"debug","msg":"限流器状态","name":"local","time":"2025-12-15 21:46:24","tokens":98}
{"duration":"1.085ms","level":"info","method":"POST","msg":"请求处理完成","path":"/employee/login","request_id":"8058b8b8-2787-43de-b61e-5e56191b7755","status":401,"time":"2025-12-15 21:46:24"}
{"level":"debug","msg":"限流器状态","name":"local","time":"2025-12-15 21:46:24","tokens":97}
{"duration":"507.4µs","level":"info","method":"POST","msg":"请求处理完成","path":"/employee/login","request_id":"64d17d25-a4dc-4aff-b921-14de987850e0","status":401,"time":"2025-12-15 21:46:24"}
{"level":"debug","msg":"限流器状态","name":"local","time":"2025-12-15 21:46:25","tokens":99}
{"duration":"1.0398ms","level":"info","method":"POST","msg":"请求处理完成","path":"/employee/login","request_id":"02e99b59-0f40-4c60-873d-e0cc5d5e73d9","status":401,"time":"2025-12-15 21:46:25"}
{"level":"debug","msg":"限流器状态","name":"local","time":"2025-12-15 21:46:25","tokens":98}
{"duration":"506.2µs","level":"info","method":"POST","msg":"请求处理完成","path":"/employee/login","request_id":"b4eb3732-56e1-455e-b65f-9184114ca915","status":401,"time":"2025-12-15 21:46:25"}
{"level":"debug","msg":"限流器状态","name":"local","time":"2025-12-15 21:46:25","tokens":97}
{"duration":"1.0564ms","level":"info","method":"POST","msg":"请求处理完成","path":"/employee/login","request_id":"ecae70f8-41fd-4dd8-9875-a91d7e0054d5","status":401,"time":"2025-12-15 21:46:25"}
{"level":"debug","msg":"限流器状态","name":"local","time":"2025-12-15 21:47:09","tokens":99}
{"level":"debug","msg":"限流器状态","name":"local","time":"2025-12-15 21:47:09","tokens":98}
{"duration":"1.2728ms","level":"info","method":"POST","msg":"请求处理完成","path":"/employee/login","request_id":"389467cf-523e-4095-bff0-1daf6988bac3","status":401,"time":"2025-12-15 21:47:09"}
{"duration":"2.0591ms","level":"info","method":"POST","msg":"请求处理完成","path":"/employee/login","request_id":"70a27a28-6d29-41f7-af1b-fcb53e6814ce","status":401,"time":"2025-12-15 21:47:09"}
{"level":"debug","msg":"限流器状态","name":"local","time":"2025-12-15 21:47:09","tokens":97}
{"duration":"3.4498ms","level":"info","method":"POST","msg":"请求处理完成","path":"/employee/login","request_id":"901ea6be-8015-48ee-93ff-d3985f2d7dc9","status":401,"time":"2025-12-15 21:47:09"}
{"level":"debug","msg":"限流器状态","name":"local","time":"2025-12-15 21:47:10","tokens":99}
{"level":"debug","msg":"限流器状态","name":"local","time":"2025-12-15 21:47:10","tokens":98}
{"duration":"1.1401ms","level":"info","method":"POST","msg":"请求处理完成","path":"/employee/login","request_id":"7473bf88-c0a8-4cf7-afc3-07fd70f57e61","status":401,"time":"2025-12-15 21:47:10"}
{"duration":"1.1401ms","level":"info","method":"POST","msg":"请求处理完成","path":"/employee/login","request_id":"b268ea0f-20b8-45ec-b4bb-c3114157143d","status":401,"time":"2025-12-15 21:47:10"}
{"level":"debug","msg":"限流器状态","name":"local","time":"2025-12-15 21:47:10","tokens":97}
{"duration":"505µs","level":"info","method":"POST","msg":"请求处理完成","path":"/employee/login","request_id":"346460db-2a20-4217-90f5-304918717dee","status":401,"time":"2025-12-15 21:47:10"}
{"level":"debug","msg":"限流器状态","name":"local","time":"2025-12-15 21:47:11","tokens":99}
{"duration":"1.0192ms","level":"info","method":"POST","msg":"请求处理完成","path":"/employee/login","request_id":"109419a8-bb54-4f40-945b-4ed79dc19e57","status":401,"time":"2025-12-15 21:47:11"}
{"level":"debug","msg":"限流器状态","name":"local","time":"2025-12-15 21:47:11","tokens":98}
{"level":"debug","msg":"限流器状态","name":"local","time":"2025-12-15 21:47:11","tokens":96}
{"duration":"870.7µs","level":"info","method":"POST","msg":"请求处理完成","path":"/employee/login","request_id":"d485a476-273b-4632-bef2-88f17d24982b","status":401,"time":"2025-12-15 21:47:11"}
{"duration":"1.3742ms","level":"info","method":"POST","msg":"请求处理完成","path":"/employee/login","request_id":"6f9fca6b-6566-408a-afde-b47f248e9e22","status":401,"time":"2025-12-15 21:47:11"}
{"level":"debug","msg":"限流器状态","name":"local","time":"2025-12-15 21:49:10","tokens":99}
{"duration":"503.5µs","level":"info","method":"POST","msg":"请求处理完成","path":"/tool/add/role","request_id":"db73742c-047b-49b9-ace0-77c6c246a488","status":401,"time":"2025-12-15 21:49:10"}
{"level":"debug","msg":"限流器状态","name":"local","time":"2025-12-15 21:49:14","tokens":99}
{"duration":"2.1929ms","level":"info","method":"POST","msg":"请求处理完成","path":"/employee/login","request_id":"a819aae4-38b8-463e-a5dc-1e1d54ddba0e","status":200,"time":"2025-12-15 21:49:14"}
{"level":"debug","msg":"限流器状态","name":"local","time":"2025-12-15 21:49:16","tokens":99}
{"duration":"13.0704ms","level":"info","method":"POST","msg":"请求处理完成","path":"/tool/add/role","request_id":"c94def08-0682-4a8a-ac6d-16c1554e1f2a","status":200,"time":"2025-12-15 21:49:16"}
{"level":"debug","msg":"限流器状态","name":"local","time":"2025-12-15 21:49:28","tokens":99}
{"level":"debug","msg":"限流器状态","name":"local","time":"2025-12-15 21:49:28","tokens":97}
{"level":"debug","msg":"限流器状态","name":"local","time":"2025-12-15 21:49:28","tokens":96}
{"duration":"504.6µs","level":"info","method":"POST","msg":"请求处理完成","path":"/employee/login","request_id":"28d73dc0-d530-4899-a0fe-2dd61724e731","status":401,"time":"2025-12-15 21:49:28"}
{"duration":"504.6µs","level":"info","method":"POST","msg":"请求处理完成","path":"/employee/login","request_id":"edc2b86c-a369-4d7b-b70e-977ad4af864b","status":401,"time":"2025-12-15 21:49:28"}
{"duration":"1.1398ms","level":"info","method":"POST","msg":"请求处理完成","path":"/employee/login","request_id":"07c991a4-4d84-47c3-ab72-017731d120a7","status":401,"time":"2025-12-15 21:49:28"}
{"level":"debug","msg":"限流器状态","name":"local","time":"2025-12-15 21:49:29","tokens":98}
{"level":"debug","msg":"限流器状态","name":"local","time":"2025-12-15 21:49:29","tokens":99}
{"level":"debug","msg":"限流器状态","name":"local","time":"2025-12-15 21:49:29","tokens":97}
{"duration":"1.2136ms","level":"info","method":"POST","msg":"请求处理完成","path":"/employee/login","request_id":"53ec9941-4393-47c5-b84f-ee6c69884b99","status":401,"time":"2025-12-15 21:49:29"}
{"duration":"1.2136ms","level":"info","method":"POST","msg":"请求处理完成","path":"/employee/login","request_id":"e0b52618-cef9-4f44-983f-3e942de51fd9","status":401,"time":"2025-12-15 21:49:29"}
{"duration":"2.328ms","level":"info","method":"POST","msg":"请求处理完成","path":"/employee/login","request_id":"ffb7fa4c-e891-47cf-b9b1-d404f857f45e","status":401,"time":"2025-12-15 21:49:29"}
{"level":"debug","msg":"限流器状态","name":"local","time":"2025-12-15 21:49:30","tokens":97}
{"level":"debug","msg":"限流器状态","name":"local","time":"2025-12-15 21:49:30","tokens":99}
{"level":"debug","msg":"限流器状态","name":"local","time":"2025-12-15 21:49:30","tokens":95}
{"duration":"1.4908ms","level":"info","method":"POST","msg":"请求处理完成","path":"/employee/login","request_id":"e4b36754-25b1-4276-97eb-e7014d399659","status":401,"time":"2025-12-15 21:49:30"}
{"duration":"1.4908ms","level":"info","method":"POST","msg":"请求处理完成","path":"/employee/login","request_id":"1d4d861b-539c-4cdc-90d6-0d1b0a7efda4","status":401,"time":"2025-12-15 21:49:30"}
{"duration":"3.3036ms","level":"info","method":"POST","msg":"请求处理完成","path":"/employee/login","request_id":"53f30403-ff55-4df8-8a57-1be71df743cb","status":401,"time":"2025-12-15 21:49:30"}
{"level":"debug","msg":"限流器状态","name":"local","time":"2025-12-15 21:49:31","tokens":98}
{"level":"debug","msg":"限流器状态","name":"local","time":"2025-12-15 21:49:31","tokens":99}
{"duration":"1.0279ms","level":"info","method":"POST","msg":"请求处理完成","path":"/employee/login","request_id":"524a6b3f-445d-4887-9890-152083a54a11","status":401,"time":"2025-12-15 21:49:31"}
{"duration":"1.0279ms","level":"info","method":"POST","msg":"请求处理完成","path":"/employee/login","request_id":"c5a5cd4b-acec-4304-a631-4dcb31bcddef","status":401,"time":"2025-12-15 21:49:31"}
{"level":"debug","msg":"限流器状态","name":"local","time":"2025-12-15 21:49:31","tokens":97}
{"duration":"505µs","level":"info","method":"POST","msg":"请求处理完成","path":"/employee/login","request_id":"68417d9d-b691-4d29-9c75-4dac35d2d442","status":401,"time":"2025-12-15 21:49:31"}
{"level":"debug","msg":"限流器状态","name":"local","time":"2025-12-15 21:49:32","tokens":99}
{"level":"debug","msg":"限流器状态","name":"local","time":"2025-12-15 21:49:32","tokens":97}
{"duration":"1.1468ms","level":"info","method":"POST","msg":"请求处理完成","path":"/employee/login","request_id":"3c7491a6-ed7e-4e75-bdd4-82f98e4e897a","status":401,"time":"2025-12-15 21:49:32"}
{"duration":"1.1468ms","level":"info","method":"POST","msg":"请求处理完成","path":"/employee/login","request_id":"bd689b44-3728-49e7-a3bc-44e293be415f","status":401,"time":"2025-12-15 21:49:32"}
{"level":"debug","msg":"限流器状态","name":"local","time":"2025-12-15 21:49:32","tokens":96}
{"duration":"517µs","level":"info","method":"POST","msg":"请求处理完成","path":"/employee/login","request_id":"e30834c9-9353-48b6-9b73-967ba6762b11","status":401,"time":"2025-12-15 21:49:32"}
{"level":"debug","msg":"限流器状态","name":"local","time":"2025-12-15 21:49:33","tokens":99}
{"level":"debug","msg":"限流器状态","name":"local","time":"2025-12-15 21:49:33","tokens":96}
{"level":"debug","msg":"限流器状态","name":"local","time":"2025-12-15 21:49:33","tokens":97}
{"level":"debug","msg":"限流器状态","name":"local","time":"2025-12-15 21:49:33","tokens":94}
{"duration":"3.2199ms","level":"info","method":"POST","msg":"请求处理完成","path":"/employee/login","request_id":"7314853d-5156-483d-b5a3-e9d4ad3574d9","status":401,"time":"2025-12-15 21:49:33"}
{"duration":"3.7449ms","level":"info","method":"POST","msg":"请求处理完成","path":"/employee/login","request_id":"44961335-1b99-457d-847a-53e88084782d","status":401,"time":"2025-12-15 21:49:33"}
{"duration":"3.6651ms","level":"info","method":"POST","msg":"请求处理完成","path":"/employee/login","request_id":"608593fb-2189-482e-853e-26e26b103912","status":401,"time":"2025-12-15 21:49:33"}
{"level":"debug","msg":"限流器状态","name":"local","time":"2025-12-15 21:49:33","tokens":90}
{"level":"debug","msg":"限流器状态","name":"local","time":"2025-12-15 21:49:33","tokens":92}
{"duration":"4.2045ms","level":"info","method":"POST","msg":"请求处理完成","path":"/employee/login","request_id":"b1cf4adf-cf70-41eb-b5bb-2a9878c48713","status":401,"time":"2025-12-15 21:49:33"}
{"level":"debug","msg":"限流器状态","name":"local","time":"2025-12-15 21:49:33","tokens":84}
{"duration":"4.2045ms","level":"info","method":"POST","msg":"请求处理完成","path":"/employee/login","request_id":"d8360fed-2f87-4ffc-b288-907b36fdbe86","status":401,"time":"2025-12-15 21:49:33"}
{"level":"debug","msg":"限流器状态","name":"local","time":"2025-12-15 21:49:33","tokens":86}
{"level":"debug","msg":"限流器状态","name":"local","time":"2025-12-15 21:49:33","tokens":80}
{"level":"debug","msg":"限流器状态","name":"local","time":"2025-12-15 21:49:33","tokens":88}
{"level":"debug","msg":"限流器状态","name":"local","time":"2025-12-15 21:49:33","tokens":78}
{"duration":"4.7448ms","level":"info","method":"POST","msg":"请求处理完成","path":"/employee/login","request_id":"c32b2211-6a67-4fa4-b0a0-8c7a6a05b11b","status":401,"time":"2025-12-15 21:49:33"}
{"level":"debug","msg":"限流器状态","name":"local","time":"2025-12-15 21:49:33","tokens":82}
{"duration":"4.7448ms","level":"info","method":"POST","msg":"请求处理完成","path":"/employee/login","request_id":"4a723d7f-1845-4f56-afc7-0ee33b4f5962","status":401,"time":"2025-12-15 21:49:33"}
{"duration":"5.2788ms","level":"info","method":"POST","msg":"请求处理完成","path":"/employee/login","request_id":"4af24680-b71b-461f-97fa-0057e1c8b02e","status":401,"time":"2025-12-15 21:49:33"}
{"duration":"6.5012ms","level":"info","method":"POST","msg":"请求处理完成","path":"/employee/login","request_id":"c57d8d28-1b75-45b4-bc6f-0b9985ba590b","status":401,"time":"2025-12-15 21:49:33"}
{"duration":"6.5012ms","level":"info","method":"POST","msg":"请求处理完成","path":"/employee/login","request_id":"40f63a9d-6654-4077-81ac-4181754f99fc","status":401,"time":"2025-12-15 21:49:33"}
{"duration":"6.5012ms","level":"info","method":"POST","msg":"请求处理完成","path":"/employee/login","request_id":"69c86a38-1a89-4273-aeae-36e3fc8af235","status":401,"time":"2025-12-15 21:49:33"}
{"duration":"7.0425ms","level":"info","method":"POST","msg":"请求处理完成","path":"/employee/login","request_id":"971b41bc-7086-4715-bffd-02dd2ee612d9","status":401,"time":"2025-12-15 21:49:33"}
{"level":"debug","msg":"限流器状态","name":"local","time":"2025-12-15 21:49:38","tokens":99}
{"level":"debug","msg":"限流器状态","name":"local","time":"2025-12-15 21:49:38","tokens":98}
{"duration":"1.0062ms","level":"info","method":"POST","msg":"请求处理完成","path":"/employee/login","request_id":"badfe047-d9a2-40b8-9e68-807761cb0c36","status":401,"time":"2025-12-15 21:49:38"}
{"duration":"1.0062ms","level":"info","method":"POST","msg":"请求处理完成","path":"/employee/login","request_id":"222d9d59-6b46-4384-b1d1-44a95ddbfef2","status":401,"time":"2025-12-15 21:49:38"}
{"level":"debug","msg":"限流器状态","name":"local","time":"2025-12-15 21:49:38","tokens":95}
{"level":"debug","msg":"限流器状态","name":"local","time":"2025-12-15 21:49:38","tokens":97}
{"level":"debug","msg":"限流器状态","name":"local","time":"2025-12-15 21:49:38","tokens":93}
{"level":"debug","msg":"限流器状态","name":"local","time":"2025-12-15 21:49:38","tokens":94}
{"duration":"999.8µs","level":"info","method":"POST","msg":"请求处理完成","path":"/employee/login","request_id":"cf42a970-06ad-4130-8bdd-72585eb405b0","status":401,"time":"2025-12-15 21:49:38"}
{"level":"debug","msg":"限流器状态","name":"local","time":"2025-12-15 21:49:38","tokens":89}
{"level":"debug","msg":"限流器状态","name":"local","time":"2025-12-15 21:49:38","tokens":91}
{"level":"debug","msg":"限流器状态","name":"local","time":"2025-12-15 21:49:38","tokens":92}
{"level":"debug","msg":"限流器状态","name":"local","time":"2025-12-15 21:49:38","tokens":90}
{"duration":"1.001ms","level":"info","method":"POST","msg":"请求处理完成","path":"/employee/login","request_id":"504dbf7b-c367-4adb-82b3-308dbfc1a235","status":401,"time":"2025-12-15 21:49:38"}
{"duration":"1.001ms","level":"info","method":"POST","msg":"请求处理完成","path":"/employee/login","request_id":"24a63411-b144-4934-8ad8-ebad2c6edf5d","status":401,"time":"2025-12-15 21:49:38"}
{"duration":"2.0012ms","level":"info","method":"POST","msg":"请求处理完成","path":"/employee/login","request_id":"8f7a2096-09b9-4a92-999d-22965823ca70","status":401,"time":"2025-12-15 21:49:38"}
{"duration":"2.0012ms","level":"info","method":"POST","msg":"请求处理完成","path":"/employee/login","request_id":"5012149a-2af0-49a7-9914-e62a8aff748e","status":401,"time":"2025-12-15 21:49:38"}
{"duration":"2.0012ms","level":"info","method":"POST","msg":"请求处理完成","path":"/employee/login","request_id":"70b77f6c-a1b2-4c94-907a-ef47a3257917","status":401,"time":"2025-12-15 21:49:38"}
{"duration":"2.0012ms","level":"info","method":"POST","msg":"请求处理完成","path":"/employee/login","request_id":"3700afb3-3775-4e24-8952-be194b0128c6","status":401,"time":"2025-12-15 21:49:38"}
{"duration":"2.0012ms","level":"info","method":"POST","msg":"请求处理完成","path":"/employee/login","request_id":"275a96ec-92e7-4bce-a7d3-688259d5e673","status":401,"time":"2025-12-15 21:49:38"}
{"level":"debug","msg":"限流器状态","name":"local","time":"2025-12-15 21:49:38","tokens":87}
{"level":"debug","msg":"限流器状态","name":"local","time":"2025-12-15 21:49:38","tokens":88}
{"duration":"503.8µs","level":"info","method":"POST","msg":"请求处理完成","path":"/employee/login","request_id":"b88da374-d280-452c-b86b-42f62a14a4de","status":401,"time":"2025-12-15 21:49:38"}
{"duration":"503.8µs","level":"info","method":"POST","msg":"请求处理完成","path":"/employee/login","request_id":"2d0d0426-4edc-4296-a0b1-15f54997012c","status":401,"time":"2025-12-15 21:49:38"}
{"level":"debug","msg":"限流器状态","name":"local","time":"2025-12-15 21:49:43","tokens":97}
{"level":"debug","msg":"限流器状态","name":"local","time":"2025-12-15 21:49:43","tokens":99}
{"duration":"1.2521ms","level":"info","method":"POST","msg":"请求处理完成","path":"/employee/login","request_id":"7bccc375-4068-4438-80c9-da5228e73c03","status":401,"time":"2025-12-15 21:49:43"}
{"duration":"1.2521ms","level":"info","method":"POST","msg":"请求处理完成","path":"/employee/login","request_id":"cc93267c-8d91-4bcd-9196-0000e1f97818","status":401,"time":"2025-12-15 21:49:43"}
{"level":"debug","msg":"限流器状态","name":"local","time":"2025-12-15 21:49:43","tokens":96}
{"level":"debug","msg":"限流器状态","name":"local","time":"2025-12-15 21:49:43","tokens":94}
{"level":"debug","msg":"限流器状态","name":"local","time":"2025-12-15 21:49:43","tokens":88}
{"level":"debug","msg":"限流器状态","name":"local","time":"2025-12-15 21:49:43","tokens":90}
{"level":"debug","msg":"限流器状态","name":"local","time":"2025-12-15 21:49:43","tokens":92}
{"duration":"508µs","level":"info","method":"POST","msg":"请求处理完成","path":"/employee/login","request_id":"d804f1bc-e6d6-47fd-a2ca-e8020f1528ec","status":401,"time":"2025-12-15 21:49:43"}
{"duration":"508µs","level":"info","method":"POST","msg":"请求处理完成","path":"/employee/login","request_id":"0bcd321f-7e40-4742-a881-8a7bab994f50","status":401,"time":"2025-12-15 21:49:43"}
{"duration":"1.0289ms","level":"info","method":"POST","msg":"请求处理完成","path":"/employee/login","request_id":"582ecaf2-ce29-42b7-a2d2-ad7f21f1978b","status":401,"time":"2025-12-15 21:49:43"}
{"duration":"1.0289ms","level":"info","method":"POST","msg":"请求处理完成","path":"/employee/login","request_id":"ae858b43-df7c-4773-be03-ebd878c44a68","status":401,"time":"2025-12-15 21:49:43"}
{"duration":"1.545ms","level":"info","method":"POST","msg":"请求处理完成","path":"/employee/login","request_id":"06e0fdf8-8a6c-4692-920d-01e32afeb6d1","status":401,"time":"2025-12-15 21:49:43"}
{"level":"debug","msg":"限流器状态","name":"local","time":"2025-12-15 21:49:43","tokens":84}
{"level":"debug","msg":"限流器状态","name":"local","time":"2025-12-15 21:49:43","tokens":87}
{"level":"debug","msg":"限流器状态","name":"local","time":"2025-12-15 21:49:43","tokens":86}
{"duration":"549µs","level":"info","method":"POST","msg":"请求处理完成","path":"/employee/login","request_id":"5103e86f-8c87-4fa7-a98d-0233116fcf7a","status":401,"time":"2025-12-15 21:49:43"}
{"duration":"2.0642ms","level":"info","method":"POST","msg":"请求处理完成","path":"/employee/login","request_id":"60004872-4876-403c-97e8-ea25d7a51c4e","status":401,"time":"2025-12-15 21:49:43"}
{"duration":"1.6485ms","level":"info","method":"POST","msg":"请求处理完成","path":"/employee/login","request_id":"8d6c76c1-2165-41ed-8293-c544e82f8f40","status":401,"time":"2025-12-15 21:49:43"}
{"level":"debug","msg":"限流器状态","name":"local","time":"2025-12-15 21:49:43","tokens":83}
{"level":"debug","msg":"限流器状态","name":"local","time":"2025-12-15 21:49:43","tokens":81}
{"duration":"1.319ms","level":"info","method":"POST","msg":"请求处理完成","path":"/employee/login","request_id":"32b209fa-3944-42c5-9704-1145e944badc","status":401,"time":"2025-12-15 21:49:43"}
{"duration":"1.319ms","level":"info","method":"POST","msg":"请求处理完成","path":"/employee/login","request_id":"5139f9a6-4943-4d10-a9f1-a0ac95a3faa0","status":401,"time":"2025-12-15 21:49:43"}
{"level":"debug","msg":"限流器状态","name":"local","time":"2025-12-15 21:49:53","tokens":99}
{"duration":"0s","level":"info","method":"POST","msg":"请求处理完成","path":"/employee/login","request_id":"1790cb51-b431-4779-97cd-b23d4ada2ea9","status":401,"time":"2025-12-15 21:49:53"}
{"level":"debug","msg":"限流器状态","name":"local","time":"2025-12-15 21:50:19","tokens":99}
{"duration":"569.8µs","level":"info","method":"POST","msg":"请求处理完成","path":"/tool/add/employee","request_id":"98189818-0ca8-470f-a1d3-ddc4354ed8a8","status":401,"time":"2025-12-15 21:50:19"}
{"level":"debug","msg":"限流器状态","name":"local","time":"2025-12-15 21:50:22","tokens":99}
{"duration":"1.248ms","level":"info","method":"POST","msg":"请求处理完成","path":"/employee/login","request_id":"e5b855d7-8499-42fe-a809-5ac7ebd41eba","status":401,"time":"2025-12-15 21:50:22"}
{"level":"debug","msg":"限流器状态","name":"local","time":"2025-12-15 21:50:27","tokens":99}
{"duration":"1.0496ms","level":"info","method":"POST","msg":"请求处理完成","path":"/employee/login","request_id":"904db2cb-41f6-45c7-abcf-eddd6cd28126","status":200,"time":"2025-12-15 21:50:27"}
{"level":"debug","msg":"限流器状态","name":"local","time":"2025-12-15 21:50:29","tokens":99}
{"error":"Error 1292 (22007): Incorrect datetime value: '0000-00-00' for column 'last_active_time' at row 1","level":"error","msg":"插入员工记录失败","time":"2025-12-15 21:50:29","username":"zhangsan"}
{"duration":"64.3935ms","level":"info","method":"POST","msg":"请求处理完成","path":"/tool/add/employee","request_id":"c60ad8eb-5952-4a3e-b774-f076140a3fc4","status":500,"time":"2025-12-15 21:50:29"}
{"level":"info","msg":"数据库表创建成功","time":"2025-12-15 21:50:42"}
{"level":"info","mode":"debug","msg":"服务器启动","time":"2025-12-15 21:50:42"}
{"level":"debug","msg":"限流器状态","name":"local","time":"2025-12-15 21:50:55","tokens":99}
{"error":"Error 1292 (22007): Incorrect datetime value: '0000-00-00' for column 'last_active_time' at row 1","level":"error","msg":"插入员工记录失败","time":"2025-12-15 21:50:55","username":"zhangsan"}
{"duration":"24.4013ms","level":"info","method":"POST","msg":"请求处理完成","path":"/tool/add/employee","request_id":"66fb7e11-bf67-47fb-9f60-889b62384a4e","status":500,"time":"2025-12-15 21:50:55"}
{"level":"info","msg":"数据库表创建成功","time":"2025-12-15 21:51:56"}
{"level":"info","mode":"debug","msg":"服务器启动","time":"2025-12-15 21:51:56"}
{"level":"debug","msg":"限流器状态","name":"local","time":"2025-12-15 21:51:58","tokens":99}
{"duration":"26.5317ms","level":"info","method":"POST","msg":"请求处理完成","path":"/tool/add/employee","request_id":"a9660438-816e-4d3f-bfb3-870fdb238ac6","status":201,"time":"2025-12-15 21:51:58"}
{"level":"debug","msg":"限流器状态","name":"local","time":"2025-12-15 21:52:08","tokens":99}
{"level":"debug","msg":"限流器状态","name":"local","time":"2025-12-15 21:52:08","tokens":98}
{"duration":"3.3156ms","level":"info","method":"POST","msg":"请求处理完成","path":"/employee/login","request_id":"57bcd0cf-8fcd-4246-89a7-6c8116672013","status":200,"time":"2025-12-15 21:52:08"}
{"level":"debug","msg":"限流器状态","name":"local","time":"2025-12-15 21:52:08","tokens":96}
{"duration":"1.9453ms","level":"info","method":"POST","msg":"请求处理完成","path":"/employee/login","request_id":"9affd8fb-2170-426b-a4fa-9a0c578fd72d","status":200,"time":"2025-12-15 21:52:08"}
{"duration":"2.4476ms","level":"info","method":"POST","msg":"请求处理完成","path":"/employee/login","request_id":"e38882d1-cd23-42dc-811e-e3fd87ab580b","status":200,"time":"2025-12-15 21:52:08"}
{"level":"debug","msg":"限流器状态","name":"local","time":"2025-12-15 21:52:09","tokens":99}
{"level":"debug","msg":"限流器状态","name":"local","time":"2025-12-15 21:52:09","tokens":97}
{"duration":"2.0242ms","level":"info","method":"POST","msg":"请求处理完成","path":"/employee/login","request_id":"d3662865-247a-41cf-9062-e40687b22e23","status":200,"time":"2025-12-15 21:52:09"}
{"duration":"2.5545ms","level":"info","method":"POST","msg":"请求处理完成","path":"/employee/login","request_id":"6401146a-e365-4bb2-8af3-9a2b227c7e24","status":200,"time":"2025-12-15 21:52:09"}
{"level":"debug","msg":"限流器状态","name":"local","time":"2025-12-15 21:52:09","tokens":96}
{"duration":"518µs","level":"info","method":"POST","msg":"请求处理完成","path":"/employee/login","request_id":"24447b19-4ac2-4dde-9d6a-db599b1668f5","status":200,"time":"2025-12-15 21:52:09"}
{"level":"debug","msg":"限流器状态","name":"local","time":"2025-12-15 21:52:10","tokens":97}
{"level":"debug","msg":"限流器状态","name":"local","time":"2025-12-15 21:52:10","tokens":99}
{"level":"debug","msg":"限流器状态","name":"local","time":"2025-12-15 21:52:10","tokens":96}
{"duration":"1.0618ms","level":"info","method":"POST","msg":"请求处理完成","path":"/employee/login","request_id":"3238f733-f828-4bf7-aa08-911c0f97003e","status":200,"time":"2025-12-15 21:52:10"}
{"duration":"1.587ms","level":"info","method":"POST","msg":"请求处理完成","path":"/employee/login","request_id":"7fc732f2-ceb4-4fc2-a3a0-d798241d2e6e","status":200,"time":"2025-12-15 21:52:10"}
{"duration":"1.6368ms","level":"info","method":"POST","msg":"请求处理完成","path":"/employee/login","request_id":"2e0ad016-35cb-4496-b56a-9ec08a7e8ed1","status":200,"time":"2025-12-15 21:52:10"}
{"level":"debug","msg":"限流器状态","name":"local","time":"2025-12-15 21:52:12","tokens":99}
{"duration":"2.2352ms","level":"info","method":"POST","msg":"请求处理完成","path":"/employee/login","request_id":"8c7de19b-c46a-4259-bafd-86fd4b1e9df9","status":200,"time":"2025-12-15 21:52:12"}
{"level":"debug","msg":"限流器状态","name":"local","time":"2025-12-15 21:52:12","tokens":98}
{"duration":"1.081ms","level":"info","method":"POST","msg":"请求处理完成","path":"/employee/login","request_id":"0643ff7d-2cb3-4f26-8a22-6343a95d603d","status":200,"time":"2025-12-15 21:52:12"}
{"level":"debug","msg":"限流器状态","name":"local","time":"2025-12-15 21:52:12","tokens":97}
{"duration":"1.0332ms","level":"info","method":"POST","msg":"请求处理完成","path":"/employee/login","request_id":"4f8ccfe2-abca-4e2d-932b-47b1db660585","status":200,"time":"2025-12-15 21:52:12"}
{"level":"debug","msg":"限流器状态","name":"local","time":"2025-12-15 21:52:13","tokens":99}
{"duration":"1.5723ms","level":"info","method":"POST","msg":"请求处理完成","path":"/employee/login","request_id":"ba75b270-6230-436c-8621-98aa685f7b99","status":200,"time":"2025-12-15 21:52:13"}
{"level":"debug","msg":"限流器状态","name":"local","time":"2025-12-15 21:52:13","tokens":98}
{"level":"debug","msg":"限流器状态","name":"local","time":"2025-12-15 21:52:13","tokens":97}
{"duration":"2.1135ms","level":"info","method":"POST","msg":"请求处理完成","path":"/employee/login","request_id":"81add5b7-1201-4d51-846d-b5b94cf8d25f","status":200,"time":"2025-12-15 21:52:13"}
{"duration":"1.7246ms","level":"info","method":"POST","msg":"请求处理完成","path":"/employee/login","request_id":"c04f005e-6abc-4328-8481-a412f3114591","status":200,"time":"2025-12-15 21:52:13"}
{"level":"debug","msg":"限流器状态","name":"local","time":"2025-12-15 21:52:14","tokens":99}
{"level":"debug","msg":"限流器状态","name":"local","time":"2025-12-15 21:52:14","tokens":97}
{"level":"debug","msg":"限流器状态","name":"local","time":"2025-12-15 21:52:14","tokens":96}
{"level":"debug","msg":"限流器状态","name":"local","time":"2025-12-15 21:52:14","tokens":94}
{"level":"debug","msg":"限流器状态","name":"local","time":"2025-12-15 21:52:14","tokens":95}
{"level":"debug","msg":"限流器状态","name":"local","time":"2025-12-15 21:52:14","tokens":92}
{"level":"debug","msg":"限流器状态","name":"local","time":"2025-12-15 21:52:14","tokens":88}
{"level":"debug","msg":"限流器状态","name":"local","time":"2025-12-15 21:52:14","tokens":90}
{"level":"debug","msg":"限流器状态","name":"local","time":"2025-12-15 21:52:14","tokens":86}
{"duration":"2.5248ms","level":"info","method":"POST","msg":"请求处理完成","path":"/employee/login","request_id":"dac0d9ba-e7e2-409e-9fc9-23172617a9fd","status":200,"time":"2025-12-15 21:52:14"}
{"duration":"1.5539ms","level":"info","method":"POST","msg":"请求处理完成","path":"/employee/login","request_id":"10055626-91d6-4a1e-a6e2-2cf16f1eaf62","status":200,"time":"2025-12-15 21:52:14"}
{"level":"debug","msg":"限流器状态","name":"local","time":"2025-12-15 21:52:14","tokens":83}
{"level":"debug","msg":"限流器状态","name":"local","time":"2025-12-15 21:52:14","tokens":84}
{"duration":"1.5788ms","level":"info","method":"POST","msg":"请求处理完成","path":"/employee/login","request_id":"4ef1727c-451a-4655-8377-ee3f89f9721d","status":200,"time":"2025-12-15 21:52:14"}
{"level":"debug","msg":"限流器状态","name":"local","time":"2025-12-15 21:52:14","tokens":82}
{"duration":"3.5838ms","level":"info","method":"POST","msg":"请求处理完成","path":"/employee/login","request_id":"95ee1233-57f3-4f17-9c24-26830fec0ee2","status":200,"time":"2025-12-15 21:52:14"}
{"duration":"3.5838ms","level":"info","method":"POST","msg":"请求处理完成","path":"/employee/login","request_id":"e3e8eae5-0026-4cc4-96d3-7f1b345db272","status":200,"time":"2025-12-15 21:52:14"}
{"duration":"4.1069ms","level":"info","method":"POST","msg":"请求处理完成","path":"/employee/login","request_id":"4641bcf3-5f0f-4d5b-94b2-80242ac72e11","status":200,"time":"2025-12-15 21:52:14"}
{"duration":"3.6556ms","level":"info","method":"POST","msg":"请求处理完成","path":"/employee/login","request_id":"ac44afa9-c373-486a-8b5f-b46e499a94d4","status":200,"time":"2025-12-15 21:52:14"}
{"duration":"4.6265ms","level":"info","method":"POST","msg":"请求处理完成","path":"/employee/login","request_id":"30008c7d-cbbb-4d4f-8164-47c5adda12be","status":200,"time":"2025-12-15 21:52:14"}
{"duration":"5.1494ms","level":"info","method":"POST","msg":"请求处理完成","path":"/employee/login","request_id":"4c1bce55-65f9-44bb-8f00-c70469d834aa","status":200,"time":"2025-12-15 21:52:14"}
{"duration":"5.2085ms","level":"info","method":"POST","msg":"请求处理完成","path":"/employee/login","request_id":"a00aaad5-ca18-4538-b681-615032726c7d","status":200,"time":"2025-12-15 21:52:14"}
{"duration":"4.7057ms","level":"info","method":"POST","msg":"请求处理完成","path":"/employee/login","request_id":"12a067f5-358b-4177-a06b-bf6eedfebf91","status":200,"time":"2025-12-15 21:52:14"}
{"duration":"6.1794ms","level":"info","method":"POST","msg":"请求处理完成","path":"/employee/login","request_id":"d67a4ff7-ff65-46bc-8a5e-d750b5a3d81e","status":200,"time":"2025-12-15 21:52:14"}
{"level":"debug","msg":"限流器状态","name":"local","time":"2025-12-15 21:52:19","tokens":99}
{"level":"debug","msg":"限流器状态","name":"local","time":"2025-12-15 21:52:19","tokens":97}
{"level":"debug","msg":"限流器状态","name":"local","time":"2025-12-15 21:52:19","tokens":98}
{"level":"debug","msg":"限流器状态","name":"local","time":"2025-12-15 21:52:19","tokens":93}
{"level":"debug","msg":"限流器状态","name":"local","time":"2025-12-15 21:52:19","tokens":96}
{"level":"debug","msg":"限流器状态","name":"local","time":"2025-12-15 21:52:19","tokens":94}
{"level":"debug","msg":"限流器状态","name":"local","time":"2025-12-15 21:52:19","tokens":86}
{"level":"debug","msg":"限流器状态","name":"local","time":"2025-12-15 21:52:19","tokens":88}
{"level":"debug","msg":"限流器状态","name":"local","time":"2025-12-15 21:52:19","tokens":92}
{"level":"debug","msg":"限流器状态","name":"local","time":"2025-12-15 21:52:19","tokens":87}
{"level":"debug","msg":"限流器状态","name":"local","time":"2025-12-15 21:52:19","tokens":90}
{"duration":"3.648ms","level":"info","method":"POST","msg":"请求处理完成","path":"/employee/login","request_id":"5e7cafbd-3ea5-4c61-af95-57168028cc3c","status":200,"time":"2025-12-15 21:52:19"}
{"duration":"2.6465ms","level":"info","method":"POST","msg":"请求处理完成","path":"/employee/login","request_id":"d494173a-2457-40f1-a72a-376c85cff111","status":200,"time":"2025-12-15 21:52:19"}
{"level":"debug","msg":"限流器状态","name":"local","time":"2025-12-15 21:52:19","tokens":91}
{"duration":"2.6524ms","level":"info","method":"POST","msg":"请求处理完成","path":"/employee/login","request_id":"302458f0-6a1e-464e-9b77-9993ed9c61bd","status":200,"time":"2025-12-15 21:52:19"}
{"duration":"2.6524ms","level":"info","method":"POST","msg":"请求处理完成","path":"/employee/login","request_id":"6e2c1418-ca47-4e59-86df-7ad64e8c7d87","status":200,"time":"2025-12-15 21:52:19"}
{"duration":"3.1568ms","level":"info","method":"POST","msg":"请求处理完成","path":"/employee/login","request_id":"2f4a53f0-c4a0-4ea3-be54-0cd83967a11c","status":200,"time":"2025-12-15 21:52:19"}
{"duration":"2.6524ms","level":"info","method":"POST","msg":"请求处理完成","path":"/employee/login","request_id":"7a241518-bceb-4da1-9f92-b6e44e86292c","status":200,"time":"2025-12-15 21:52:19"}
{"duration":"2.8433ms","level":"info","method":"POST","msg":"请求处理完成","path":"/employee/login","request_id":"4fbcd54e-84ed-4ae7-8a6f-51d817bbedc0","status":200,"time":"2025-12-15 21:52:19"}
{"duration":"2.8433ms","level":"info","method":"POST","msg":"请求处理完成","path":"/employee/login","request_id":"1c7005d9-b8bc-454c-91ef-551e3f40553e","status":200,"time":"2025-12-15 21:52:19"}
{"duration":"2.2622ms","level":"info","method":"POST","msg":"请求处理完成","path":"/employee/login","request_id":"d760eda4-4ebc-42a1-85f1-8cd06350a3f5","status":200,"time":"2025-12-15 21:52:19"}
{"duration":"2.7783ms","level":"info","method":"POST","msg":"请求处理完成","path":"/employee/login","request_id":"4948c164-d171-4139-b3c8-aafb70c42232","status":200,"time":"2025-12-15 21:52:19"}
{"duration":"3.8409ms","level":"info","method":"POST","msg":"请求处理完成","path":"/employee/login","request_id":"86d5c027-1e14-44a8-b8b8-c04d7d7605a8","status":200,"time":"2025-12-15 21:52:19"}
{"duration":"3.8409ms","level":"info","method":"POST","msg":"请求处理完成","path":"/employee/login","request_id":"3e2e08e7-c720-42cb-afec-ca5654690563","status":200,"time":"2025-12-15 21:52:19"}
{"level":"debug","msg":"限流器状态","name":"local","time":"2025-12-15 21:52:25","tokens":97}
{"level":"debug","msg":"限流器状态","name":"local","time":"2025-12-15 21:52:25","tokens":99}
{"level":"debug","msg":"限流器状态","name":"local","time":"2025-12-15 21:52:25","tokens":91}
{"level":"debug","msg":"限流器状态","name":"local","time":"2025-12-15 21:52:25","tokens":95}
{"level":"debug","msg":"限流器状态","name":"local","time":"2025-12-15 21:52:25","tokens":93}
{"level":"debug","msg":"限流器状态","name":"local","time":"2025-12-15 21:52:25","tokens":90}
{"level":"debug","msg":"限流器状态","name":"local","time":"2025-12-15 21:52:25","tokens":88}
{"level":"debug","msg":"限流器状态","name":"local","time":"2025-12-15 21:52:25","tokens":85}
{"duration":"2.5111ms","level":"info","method":"POST","msg":"请求处理完成","path":"/employee/login","request_id":"bb1c158a-1388-40f0-86ac-19ec5d2adb21","status":200,"time":"2025-12-15 21:52:25"}
{"level":"debug","msg":"限流器状态","name":"local","time":"2025-12-15 21:52:25","tokens":87}
{"level":"debug","msg":"限流器状态","name":"local","time":"2025-12-15 21:52:25","tokens":84}
{"duration":"2.5111ms","level":"info","method":"POST","msg":"请求处理完成","path":"/employee/login","request_id":"7b9aadc5-d09a-4d36-a78d-2fde80d4d14b","status":200,"time":"2025-12-15 21:52:25"}
{"level":"debug","msg":"限流器状态","name":"local","time":"2025-12-15 21:52:25","tokens":82}
{"level":"debug","msg":"限流器状态","name":"local","time":"2025-12-15 21:52:25","tokens":80}
{"duration":"3.5104ms","level":"info","method":"POST","msg":"请求处理完成","path":"/employee/login","request_id":"13223d3e-22ad-4174-8785-3917cdf86db2","status":200,"time":"2025-12-15 21:52:25"}
{"duration":"2.0057ms","level":"info","method":"POST","msg":"请求处理完成","path":"/employee/login","request_id":"b4cfe1bb-004b-483d-8946-541f0298fda8","status":200,"time":"2025-12-15 21:52:25"}
{"duration":"2.0057ms","level":"info","method":"POST","msg":"请求处理完成","path":"/employee/login","request_id":"dd671ad2-2d7a-41b7-a5b9-fc0faadfa59c","status":200,"time":"2025-12-15 21:52:25"}
{"duration":"2.0057ms","level":"info","method":"POST","msg":"请求处理完成","path":"/employee/login","request_id":"25b171eb-83e3-4f78-abae-f29f38f31424","status":200,"time":"2025-12-15 21:52:25"}
{"duration":"999.3µs","level":"info","method":"POST","msg":"请求处理完成","path":"/employee/login","request_id":"5ad7b32f-b389-421c-a9fa-94d221c7fdd9","status":200,"time":"2025-12-15 21:52:25"}
{"duration":"3.5104ms","level":"info","method":"POST","msg":"请求处理完成","path":"/employee/login","request_id":"53f3a073-0f52-4c56-af43-5fe012f5f810","status":200,"time":"2025-12-15 21:52:25"}
{"duration":"3.5104ms","level":"info","method":"POST","msg":"请求处理完成","path":"/employee/login","request_id":"5c235cce-aa90-4085-b4ee-e75451073c6d","status":200,"time":"2025-12-15 21:52:25"}
{"duration":"999.3µs","level":"info","method":"POST","msg":"请求处理完成","path":"/employee/login","request_id":"50b7e675-6df4-4fdf-9e0a-2195d43ca8cb","status":200,"time":"2025-12-15 21:52:25"}
{"duration":"999.3µs","level":"info","method":"POST","msg":"请求处理完成","path":"/employee/login","request_id":"0c660abd-fe1e-4abe-924e-b4cfbcc36bef","status":200,"time":"2025-12-15 21:52:25"}
{"duration":"2.5059ms","level":"info","method":"POST","msg":"请求处理完成","path":"/employee/login","request_id":"5734c79a-ed40-4d80-82c7-694d3bb68107","status":200,"time":"2025-12-15 21:52:25"}
{"level":"debug","msg":"限流器状态","name":"local","time":"2025-12-15 21:52:31","tokens":99}
{"level":"debug","msg":"限流器状态","name":"local","time":"2025-12-15 21:52:31","tokens":98}
{"level":"debug","msg":"限流器状态","name":"local","time":"2025-12-15 21:52:31","tokens":97}
{"level":"debug","msg":"限流器状态","name":"local","time":"2025-12-15 21:52:31","tokens":96}
{"duration":"1.5051ms","level":"info","method":"POST","msg":"请求处理完成","path":"/employee/login","request_id":"7c8801b4-487f-44aa-9d6b-bacba8058e11","status":200,"time":"2025-12-15 21:52:31"}
{"duration":"1.5051ms","level":"info","method":"POST","msg":"请求处理完成","path":"/employee/login","request_id":"4e0dbab7-fe3a-4ff2-afe7-839482476e73","status":200,"time":"2025-12-15 21:52:31"}
{"duration":"2.0493ms","level":"info","method":"POST","msg":"请求处理完成","path":"/employee/login","request_id":"808d1c68-8b46-4150-8fd6-8d22d32d64d7","status":200,"time":"2025-12-15 21:52:31"}
{"duration":"1.0495ms","level":"info","method":"POST","msg":"请求处理完成","path":"/employee/login","request_id":"14d97259-14e2-443a-bd0f-08ba1a63620d","status":200,"time":"2025-12-15 21:52:31"}
{"level":"debug","msg":"限流器状态","name":"local","time":"2025-12-15 21:52:31","tokens":95}
{"level":"debug","msg":"限流器状态","name":"local","time":"2025-12-15 21:52:31","tokens":94}
{"level":"debug","msg":"限流器状态","name":"local","time":"2025-12-15 21:52:31","tokens":92}
{"level":"debug","msg":"限流器状态","name":"local","time":"2025-12-15 21:52:31","tokens":93}
{"level":"debug","msg":"限流器状态","name":"local","time":"2025-12-15 21:52:31","tokens":87}
{"level":"debug","msg":"限流器状态","name":"local","time":"2025-12-15 21:52:31","tokens":88}
{"level":"debug","msg":"限流器状态","name":"local","time":"2025-12-15 21:52:31","tokens":90}
{"level":"debug","msg":"限流器状态","name":"local","time":"2025-12-15 21:52:31","tokens":91}
{"duration":"1.2904ms","level":"info","method":"POST","msg":"请求处理完成","path":"/employee/login","request_id":"3286267f-e36e-465a-8783-42c48c3a32e6","status":200,"time":"2025-12-15 21:52:31"}
{"duration":"1.8046ms","level":"info","method":"POST","msg":"请求处理完成","path":"/employee/login","request_id":"83a06f73-b038-4212-8720-634b5663362b","status":200,"time":"2025-12-15 21:52:31"}
{"duration":"1.8046ms","level":"info","method":"POST","msg":"请求处理完成","path":"/employee/login","request_id":"08ba4612-a08a-4dd3-9131-86239760de12","status":200,"time":"2025-12-15 21:52:31"}
{"duration":"1.8046ms","level":"info","method":"POST","msg":"请求处理完成","path":"/employee/login","request_id":"16f0ae9b-5d9f-4f65-9075-6c9cc7030cef","status":200,"time":"2025-12-15 21:52:31"}
{"duration":"1.8046ms","level":"info","method":"POST","msg":"请求处理完成","path":"/employee/login","request_id":"6e239037-035d-412b-be3a-bff1ee6a2a6e","status":200,"time":"2025-12-15 21:52:31"}
{"duration":"1.0379ms","level":"info","method":"POST","msg":"请求处理完成","path":"/employee/login","request_id":"4dc2a8b0-3e4e-4475-8241-08d50898beee","status":200,"time":"2025-12-15 21:52:31"}
{"duration":"1.5687ms","level":"info","method":"POST","msg":"请求处理完成","path":"/employee/login","request_id":"af4e5906-d539-4c4c-b379-916fa25a38dd","status":200,"time":"2025-12-15 21:52:31"}
{"duration":"3.675ms","level":"info","method":"POST","msg":"请求处理完成","path":"/employee/login","request_id":"a72c4d27-19b4-4972-bd82-b9597a016614","status":200,"time":"2025-12-15 21:52:31"}
{"level":"debug","msg":"限流器状态","name":"local","time":"2025-12-15 21:52:37","tokens":97}
{"level":"debug","msg":"限流器状态","name":"local","time":"2025-12-15 21:52:37","tokens":99}
{"duration":"1.0691ms","level":"info","method":"POST","msg":"请求处理完成","path":"/employee/login","request_id":"a19d2115-2ed5-4cf8-af5c-70bbf1bc1fbc","status":200,"time":"2025-12-15 21:52:37"}
{"duration":"1.0691ms","level":"info","method":"POST","msg":"请求处理完成","path":"/employee/login","request_id":"8a92b0e5-ff4c-46e2-b90f-d8dea6a55721","status":200,"time":"2025-12-15 21:52:37"}
{"level":"debug","msg":"限流器状态","name":"local","time":"2025-12-15 21:52:37","tokens":96}
{"level":"debug","msg":"限流器状态","name":"local","time":"2025-12-15 21:52:37","tokens":95}
{"level":"debug","msg":"限流器状态","name":"local","time":"2025-12-15 21:52:37","tokens":93}
{"level":"debug","msg":"限流器状态","name":"local","time":"2025-12-15 21:52:37","tokens":91}
{"duration":"1.7188ms","level":"info","method":"POST","msg":"请求处理完成","path":"/employee/login","request_id":"6977c3be-f8c1-4f1a-834e-dcda362d2ee1","status":200,"time":"2025-12-15 21:52:37"}
{"duration":"1.0638ms","level":"info","method":"POST","msg":"请求处理完成","path":"/employee/login","request_id":"7776e530-c77b-4909-ad9a-1f90a2a27a1e","status":200,"time":"2025-12-15 21:52:37"}
{"duration":"1.6162ms","level":"info","method":"POST","msg":"请求处理完成","path":"/employee/login","request_id":"301f7544-8acd-40ac-9e1f-5bfeb6e2c861","status":200,"time":"2025-12-15 21:52:37"}
{"duration":"1.6162ms","level":"info","method":"POST","msg":"请求处理完成","path":"/employee/login","request_id":"cbf5ba30-442a-4fae-a7e6-a1a9b28c75ba","status":200,"time":"2025-12-15 21:52:37"}
{"level":"debug","msg":"限流器状态","name":"local","time":"2025-12-15 21:52:37","tokens":90}
{"level":"debug","msg":"限流器状态","name":"local","time":"2025-12-15 21:52:37","tokens":89}
{"level":"debug","msg":"限流器状态","name":"local","time":"2025-12-15 21:52:37","tokens":88}
{"level":"debug","msg":"限流器状态","name":"local","time":"2025-12-15 21:52:37","tokens":87}
{"level":"debug","msg":"限流器状态","name":"local","time":"2025-12-15 21:52:37","tokens":86}
{"duration":"537.3µs","level":"info","method":"POST","msg":"请求处理完成","path":"/employee/login","request_id":"a1d36ff0-77b7-454a-9fdd-50e83639983b","status":200,"time":"2025-12-15 21:52:37"}
{"duration":"1.0474ms","level":"info","method":"POST","msg":"请求处理完成","path":"/employee/login","request_id":"74dc7236-e08f-4aba-bab2-83cd8dae725b","status":200,"time":"2025-12-15 21:52:37"}
{"duration":"1.0474ms","level":"info","method":"POST","msg":"请求处理完成","path":"/employee/login","request_id":"b22249e2-9adc-4a56-86ef-4413e67f8372","status":200,"time":"2025-12-15 21:52:37"}
{"duration":"1.0474ms","level":"info","method":"POST","msg":"请求处理完成","path":"/employee/login","request_id":"7749904a-d48f-45ad-a05d-4bf0fef15885","status":200,"time":"2025-12-15 21:52:37"}
{"duration":"1.5552ms","level":"info","method":"POST","msg":"请求处理完成","path":"/employee/login","request_id":"28cc2655-ea2f-4e2e-a039-dfcea55e82eb","status":200,"time":"2025-12-15 21:52:37"}
{"level":"debug","msg":"限流器状态","name":"local","time":"2025-12-15 21:52:37","tokens":85}
{"duration":"1.0856ms","level":"info","method":"POST","msg":"请求处理完成","path":"/employee/login","request_id":"d9838442-73be-43c0-aab0-3ae6f7034002","status":200,"time":"2025-12-15 21:52:37"}
{"level":"info","msg":"数据库表创建成功","time":"2025-12-15 22:48:35"}
{"level":"info","mode":"debug","msg":"服务器启动","time":"2025-12-15 22:48:37"}
{"level":"info","msg":"数据库表创建成功","time":"2025-12-15 22:52:45"}
{"level":"info","mode":"debug","msg":"服务器启动","time":"2025-12-15 22:52:48"}
{"error":"dial tcp 127.0.0.1:6379: connectex: No connection could be made because the target machine actively refused it.","level":"error","msg":"限流器执行脚本失败","name":"local","time":"2025-12-15 22:53:00"}
{"client_ip":"::1","level":"warning","msg":"请求过于频繁","time":"2025-12-15 22:53:00"}
{"duration":"2.081352s","level":"info","method":"POST","msg":"请求处理完成","path":"/employee/login","request_id":"ece5f668-1f1f-4ac5-a7a9-dd0c23d22e3e","status":429,"time":"2025-12-15 22:53:00"}
{"level":"debug","msg":"限流器状态","name":"local","time":"2025-12-15 22:53:09","tokens":99}
{"duration":"3.8861ms","level":"info","method":"POST","msg":"请求处理完成","path":"/employee/login","request_id":"aed7ebb1-208e-4aa9-b9a5-dedcd9b4881c","status":400,"time":"2025-12-15 22:53:09"}
{"level":"debug","msg":"限流器状态","name":"local","time":"2025-12-15 22:53:10","tokens":99}
{"duration":"719µs","level":"info","method":"POST","msg":"请求处理完成","path":"/employee/login","request_id":"b9054086-1459-4ba9-a3c4-b004e65c7968","status":400,"time":"2025-12-15 22:53:10"}
{"level":"info","msg":"数据库表创建成功","time":"2025-12-15 22:53:30"}
{"level":"info","mode":"debug","msg":"服务器启动","time":"2025-12-15 22:53:30"}
{"level":"debug","msg":"限流器状态","name":"local","time":"2025-12-15 22:53:32","tokens":99}
{"duration":"9.8891ms","level":"info","method":"POST","msg":"请求处理完成","path":"/employee/login","request_id":"58212eed-4a85-4c62-bbbd-d3f54bfd8e0c","status":200,"time":"2025-12-15 22:53:32"}
{"level":"debug","msg":"限流器状态","name":"local","time":"2025-12-15 22:53:33","tokens":99}
{"duration":"1.7413ms","level":"info","method":"POST","msg":"请求处理完成","path":"/employee/login","request_id":"4f3fa007-609a-4c9e-83f7-fb16faf7b7d3","status":200,"time":"2025-12-15 22:53:33"}
{"level":"debug","msg":"限流器状态","name":"local","time":"2025-12-15 22:53:34","tokens":99}
{"duration":"1.6367ms","level":"info","method":"POST","msg":"请求处理完成","path":"/employee/login","request_id":"7e80f634-6a1b-40b9-bb6a-bcc02096b6bf","status":200,"time":"2025-12-15 22:53:34"}
{"error":"Error 1826 (HY000): Duplicate foreign key constraint name 'fk_locations_luggage'","level":"error","msg":"创建行李存储表失败","time":"2025-12-16 19:19:34"}
{"error":"Error 1826 (HY000): Duplicate foreign key constraint name 'fk_locations_luggage'","level":"error","msg":"创建行李表失败","time":"2025-12-16 19:19:35"}
{"level":"info","msg":"数据库表创建成功","time":"2025-12-16 19:19:35"}
{"level":"info","mode":"debug","msg":"服务器启动","time":"2025-12-16 19:19:37"}
{"level":"info","msg":"数据库表创建成功","time":"2025-12-16 19:20:30"}
{"level":"info","mode":"debug","msg":"服务器启动","time":"2025-12-16 19:20:32"}
{"level":"info","msg":"数据库表创建成功","time":"2025-12-16 19:41:36"}
{"level":"info","mode":"debug","msg":"服务器启动","time":"2025-12-16 19:41:38"}
{"level":"info","msg":"数据库表创建成功","time":"2025-12-16 19:52:50"}
{"level":"info","mode":"debug","msg":"服务器启动","time":"2025-12-16 19:52:52"}
{"level":"info","msg":"数据库表创建成功","time":"2025-12-16 19:54:21"}
{"level":"info","mode":"debug","msg":"服务器启动","time":"2025-12-16 19:54:22"}
{"level":"debug","msg":"限流器状态","name":"local","time":"2025-12-16 19:54:24","tokens":99}
{"duration":"3.5386ms","level":"info","method":"GET","msg":"请求处理完成","path":"/employee/get/pick_up_code","request_id":"808b45ef-4c12-4881-915b-6fcbc3f961d9","status":404,"time":"2025-12-16 19:54:24"}
{"level":"debug","msg":"限流器状态","name":"local","time":"2025-12-16 19:55:55","tokens":99}
{"duration":"2.6103ms","level":"info","method":"GET","msg":"请求处理完成","path":"/employee/get/pick_up_code","request_id":"f7bcc015-1c83-41fd-85e3-dc283d3532fb","status":404,"time":"2025-12-16 19:55:55"}
{"level":"debug","msg":"限流器状态","name":"local","time":"2025-12-16 19:56:29","tokens":99}
{"duration":"20.0049ms","level":"info","method":"POST","msg":"请求处理完成","path":"/employee/login","request_id":"b7e08cf1-2aaf-4a3a-bb35-039d16cab6c9","status":200,"time":"2025-12-16 19:56:29"}
{"level":"debug","msg":"限流器状态","name":"local","time":"2025-12-16 19:56:34","tokens":99}
{"duration":"28.2699ms","level":"info","method":"GET","msg":"请求处理完成","path":"/employee/get/all","request_id":"d05f2478-bc5e-4317-a822-3f6e58db03ad","status":200,"time":"2025-12-16 19:56:35"}
{"level":"debug","msg":"限流器状态","name":"local","time":"2025-12-16 19:57:14","tokens":99}
{"duration":"4.5439ms","level":"info","method":"GET","msg":"请求处理完成","path":"/employee/get/pick_up_code","request_id":"21403e23-853f-446a-aefb-153610e7d059","status":404,"time":"2025-12-16 19:57:14"}
{"level":"debug","msg":"限流器状态","name":"local","time":"2025-12-16 19:57:57","tokens":99}
{"duration":"515.1µs","level":"info","method":"GET","msg":"请求处理完成","path":"/employee/get/pick_up_code","request_id":"c37e7ca5-4383-4886-b91b-b249ad27a556","status":404,"time":"2025-12-16 19:57:57"}
{"level":"info","msg":"数据库表创建成功","time":"2025-12-16 20:01:37"}
{"level":"info","mode":"debug","msg":"服务器启动","time":"2025-12-16 20:01:37"}
{"level":"debug","msg":"限流器状态","name":"local","time":"2025-12-16 20:01:43","tokens":99}
{"duration":"821.6µs","level":"info","method":"GET","msg":"请求处理完成","path":"/employee/get/pick_up_code","request_id":"e52c26a6-a4dc-48f1-bb4c-aee180ad48fc","status":404,"time":"2025-12-16 20:01:43"}
{"level":"info","msg":"数据库表创建成功","time":"2025-12-16 20:06:22"}
{"level":"info","mode":"debug","msg":"服务器启动","time":"2025-12-16 20:06:22"}
{"level":"debug","msg":"限流器状态","name":"local","time":"2025-12-16 20:06:26","tokens":99}
{"duration":"10.755ms","level":"info","method":"POST","msg":"请求处理完成","path":"/employee/login","request_id":"ff637d35-ed5f-4524-bf42-f50c1f5bff49","status":200,"time":"2025-12-16 20:06:26"}
{"level":"debug","msg":"限流器状态","name":"local","time":"2025-12-16 20:06:49","tokens":99}
{"duration":"18.1713ms","level":"info","method":"GET","msg":"请求处理完成","path":"/employee/get/all","request_id":"a0c26bb1-6b37-45ab-abdc-163127d48414","status":200,"time":"2025-12-16 20:06:49"}
{"level":"info","msg":"数据库表创建成功","time":"2025-12-16 21:17:16"}
{"level":"info","mode":"debug","msg":"服务器启动","time":"2025-12-16 21:17:19"}
{"level":"debug","msg":"限流器状态","name":"local","time":"2025-12-16 21:17:24","tokens":99}
{"duration":"7.1392ms","level":"info","method":"POST","msg":"请求处理完成","path":"/employee/login","request_id":"c6b95538-df14-4b03-8b3d-31773556fba8","status":200,"time":"2025-12-16 21:17:24"}
{"level":"debug","msg":"限流器状态","name":"local","time":"2025-12-16 21:17:26","tokens":99}
{"duration":"1.6673ms","level":"info","method":"POST","msg":"请求处理完成","path":"/employee/login","request_id":"2d80db7a-15ac-4db2-b64b-8ba4050e6f57","status":200,"time":"2025-12-16 21:17:26"}
{"level":"debug","msg":"限流器状态","name":"local","time":"2025-12-16 21:17:40","tokens":99}
{"duration":"11.9076ms","level":"info","method":"GET","msg":"请求处理完成","path":"/employee/get/all","request_id":"951dc788-fce4-4dde-b446-fe6a5689744b","status":200,"time":"2025-12-16 21:17:40"}
{"level":"info","msg":"数据库表创建成功","time":"2025-12-16 22:03:02"}
{"level":"info","mode":"debug","msg":"服务器启动","time":"2025-12-16 22:03:02"}
{"level":"info","msg":"数据库表创建成功","time":"2025-12-16 22:13:28"}
{"level":"info","mode":"debug","msg":"服务器启动","time":"2025-12-16 22:13:28"}
{"level":"debug","msg":"限流器状态","name":"local","time":"2025-12-16 22:13:38","tokens":99}
{"duration":"6.4655ms","level":"info","method":"POST","msg":"请求处理完成","path":"/employee/login","request_id":"efcbc207-6bc5-4d65-b50a-532d5c0bc9ed","status":200,"time":"2025-12-16 22:13:38"}
{"level":"debug","msg":"限流器状态","name":"local","time":"2025-12-16 22:13:48","tokens":99}
{"duration":"17.8971ms","level":"info","method":"GET","msg":"请求处理完成","path":"/employee/get/all","request_id":"be881eef-f7fc-443c-90b7-79e1fafd5b70","status":200,"time":"2025-12-16 22:13:48"}
{"level":"debug","msg":"限流器状态","name":"local","time":"2025-12-16 22:15:21","tokens":99}
{"duration":"23.0902ms","level":"info","method":"POST","msg":"请求处理完成","path":"/employee/add/luggageStorage","request_id":"0548bfb2-c2d2-42cb-aacc-f9481db75f4e","status":404,"time":"2025-12-16 22:15:21"}
{"level":"debug","msg":"限流器状态","name":"local","time":"2025-12-16 22:15:30","tokens":99}
{"duration":"17.378ms","level":"info","method":"POST","msg":"请求处理完成","path":"/employee/add/mac","request_id":"93fa764b-7f59-4045-8c48-c043a237e8b2","status":201,"time":"2025-12-16 22:15:30"}
{"level":"debug","msg":"限流器状态","name":"local","time":"2025-12-16 22:15:37","tokens":99}
{"duration":"39.7615ms","level":"info","method":"POST","msg":"请求处理完成","path":"/employee/add/luggageStorage","request_id":"d0eb3f66-9efd-4f9a-a756-7e83c1c66102","status":201,"time":"2025-12-16 22:15:37"}
{"level":"debug","msg":"限流器状态","name":"local","time":"2025-12-16 22:15:57","tokens":99}
{"duration":"15.0106ms","level":"info","method":"GET","msg":"请求处理完成","path":"/employee/get/all","request_id":"641b8fff-d472-442b-a682-5c1a88b715e8","status":200,"time":"2025-12-16 22:15:57"}
{"level":"debug","msg":"限流器状态","name":"local","time":"2025-12-16 22:16:10","tokens":99}
{"duration":"13.4395ms","level":"info","method":"POST","msg":"请求处理完成","path":"/employee/update/luggage","request_id":"b998ea9c-da6d-4360-9748-b3392cacacc4","status":200,"time":"2025-12-16 22:16:10"}
{"error":"MISCONF Redis is configured to save RDB snapshots, but it's currently unable to persist to disk. Commands that may modify the data set are disabled, because this instance is configured to report errors during writes if RDB snapshotting fails (stop-writes-on-bgsave-error option). Please check the Redis logs for details about the RDB error. script: 28e2beabd17123c3991c66f202d51fd23c624dbc, on @user_script:26.","level":"error","msg":"限流器执行脚本失败","name":"local","time":"2025-12-16 22:17:33"}
{"client_ip":"::1","level":"warning","msg":"请求过于频繁","time":"2025-12-16 22:17:33"}
{"duration":"1.346ms","level":"info","method":"POST","msg":"请求处理完成","path":"/employee/login","request_id":"f082224a-e7a7-4bf8-bc5c-45380ebb83de","status":429,"time":"2025-12-16 22:17:33"}
{"error":"MISCONF Redis is configured to save RDB snapshots, but it's currently unable to persist to disk. Commands that may modify the data set are disabled, because this instance is configured to report errors during writes if RDB snapshotting fails (stop-writes-on-bgsave-error option). Please check the Redis logs for details about the RDB error. script: 28e2beabd17123c3991c66f202d51fd23c624dbc, on @user_script:26.","level":"error","msg":"限流器执行脚本失败","name":"local","time":"2025-12-16 22:17:35"}
{"client_ip":"::1","level":"warning","msg":"请求过于频繁","time":"2025-12-16 22:17:35"}
{"duration":"1.0009ms","level":"info","method":"POST","msg":"请求处理完成","path":"/employee/login","request_id":"f54429d7-abcd-400f-93cd-acddcd90146c","status":429,"time":"2025-12-16 22:17:35"}
{"level":"debug","msg":"限流器状态","name":"local","time":"2025-12-16 22:17:46","tokens":99}
{"duration":"58.3582ms","level":"info","method":"POST","msg":"请求处理完成","path":"/employee/login","request_id":"43dfa1cc-5643-4362-8dfe-5a02818a65ad","status":200,"time":"2025-12-16 22:17:46"}
{"level":"debug","msg":"限流器状态","name":"local","time":"2025-12-16 22:17:47","tokens":99}
{"duration":"3.4472ms","level":"info","method":"POST","msg":"请求处理完成","path":"/employee/login","request_id":"a9358814-9045-4488-aea0-a617b7df8cac","status":200,"time":"2025-12-16 22:17:47"}
{"level":"debug","msg":"限流器状态","name":"local","time":"2025-12-16 22:17:48","tokens":99}
{"duration":"2.9445ms","level":"info","method":"POST","msg":"请求处理完成","path":"/employee/login","request_id":"8bd36a5e-ab04-42c4-adc6-3717715794bb","status":200,"time":"2025-12-16 22:17:48"}
{"level":"debug","msg":"限流器状态","name":"local","time":"2025-12-16 22:17:49","tokens":99}
{"duration":"2.7821ms","level":"info","method":"POST","msg":"请求处理完成","path":"/employee/login","request_id":"508c0b68-35cf-404a-bc0e-5714f33a04d0","status":200,"time":"2025-12-16 22:17:49"}
{"level":"debug","msg":"限流器状态","name":"local","time":"2025-12-16 22:17:51","tokens":99}
{"duration":"3.5767ms","level":"info","method":"POST","msg":"请求处理完成","path":"/employee/login","request_id":"56c6682e-0493-4a7d-a6aa-bba0ec2a55c0","status":200,"time":"2025-12-16 22:17:51"}
{"level":"info","msg":"数据库表创建成功","time":"2025-12-16 23:14:43"}
{"level":"info","mode":"debug","msg":"服务器启动","time":"2025-12-16 23:14:45"}
{"level":"info","msg":"数据库表创建成功","time":"2025-12-16 23:21:30"}
{"level":"info","mode":"debug","msg":"服务器启动","time":"2025-12-16 23:21:32"}
{"level":"debug","msg":"限流器状态","name":"local","time":"2025-12-16 23:21:42","tokens":99}
{"duration":"4.153ms","level":"info","method":"POST","msg":"请求处理完成","path":"/employee/add/luggageStorage","request_id":"56d63630-84f4-4af4-b503-e9c5b8841765","status":401,"time":"2025-12-16 23:21:42"}
{"level":"debug","msg":"限流器状态","name":"local","time":"2025-12-16 23:21:45","tokens":99}
{"duration":"2.4745ms","level":"info","method":"POST","msg":"请求处理完成","path":"/employee/login","request_id":"dfe5d255-62ce-4e8e-b9d4-e272dddc4232","status":401,"time":"2025-12-16 23:21:45"}
{"level":"debug","msg":"限流器状态","name":"local","time":"2025-12-16 23:21:50","tokens":99}
{"duration":"1.0611ms","level":"info","method":"POST","msg":"请求处理完成","path":"/employee/login","request_id":"5386e9ee-1a1b-4844-bd62-3495bdbf605e","status":401,"time":"2025-12-16 23:21:50"}
{"level":"info","msg":"数据库表创建成功","time":"2025-12-16 23:24:59"}
{"level":"info","mode":"debug","msg":"服务器启动","time":"2025-12-16 23:24:59"}
{"level":"debug","msg":"限流器状态","name":"local","time":"2025-12-16 23:25:02","tokens":99}
{"duration":"3.5077ms","level":"info","method":"POST","msg":"请求处理完成","path":"/employee/login","request_id":"3c476997-d714-46bc-a5e6-3e5e3d51ef04","status":200,"time":"2025-12-16 23:25:02"}
{"level":"debug","msg":"限流器状态","name":"local","time":"2025-12-16 23:25:08","tokens":99}
{"error":"Error 1452 (23000): Cannot add or update a child row: a foreign key constraint fails (`study`.`luggages`, CONSTRAINT `fk_luggage_storages_luggage` FOREIGN KEY (`luggage_storage_id`) REFERENCES `luggage_storages` (`id`))","level":"error","msg":"创建行李记录失败","time":"2025-12-16 23:25:08"}
{"duration":"17.5529ms","level":"info","method":"POST","msg":"请求处理完成","path":"/employee/add/luggageStorage","request_id":"34a306a0-6708-4361-ac76-19cab5fa837c","status":500,"time":"2025-12-16 23:25:08"}
{"level":"info","msg":"数据库表创建成功","time":"2025-12-16 23:26:43"}
{"level":"info","mode":"debug","msg":"服务器启动","time":"2025-12-16 23:26:43"}
{"level":"debug","msg":"限流器状态","name":"local","time":"2025-12-16 23:26:46","tokens":99}
{"duration":"22.124ms","level":"info","method":"POST","msg":"请求处理完成","path":"/employee/add/luggageStorage","request_id":"0bc1e193-6ff7-4928-b463-575faa81777a","status":201,"time":"2025-12-16 23:26:46"}
{"level":"debug","msg":"限流器状态","name":"local","time":"2025-12-16 23:26:57","tokens":99}
{"error":"Location: unsupported relations for schema LuggageStorage","level":"error","msg":"获取行李失败","time":"2025-12-16 23:26:57"}
{"duration":"13.1423ms","level":"info","method":"GET","msg":"请求处理完成","path":"/employee/get/all","request_id":"d0dd3672-4819-4a21-8f78-e49907e0e556","status":500,"time":"2025-12-16 23:26:57"}
{"level":"debug","msg":"限流器状态","name":"local","time":"2025-12-16 23:27:03","tokens":99}
{"error":"Location: unsupported relations for schema LuggageStorage","level":"error","msg":"获取行李失败","time":"2025-12-16 23:27:03"}
{"duration":"11.1447ms","level":"info","method":"GET","msg":"请求处理完成","path":"/employee/get/all","request_id":"8399ee8a-6119-4dac-8f0f-0fcad03b2ef5","status":500,"time":"2025-12-16 23:27:03"}
{"level":"info","msg":"数据库表创建成功","time":"2025-12-16 23:27:48"}
{"level":"info","mode":"debug","msg":"服务器启动","time":"2025-12-16 23:27:48"}
{"level":"debug","msg":"限流器状态","name":"local","time":"2025-12-16 23:27:50","tokens":99}
{"duration":"18.982ms","level":"info","method":"GET","msg":"请求处理完成","path":"/employee/get/all","request_id":"e9159d01-557a-4e67-a074-cb9100c14b1b","status":200,"time":"2025-12-16 23:27:50"}
{"level":"info","msg":"数据库表创建成功","time":"2025-12-16 23:30:10"}
{"level":"info","mode":"debug","msg":"服务器启动","time":"2025-12-16 23:30:10"}
{"level":"debug","msg":"限流器状态","name":"local","time":"2025-12-16 23:30:11","tokens":99}
{"error":"luggage: unsupported relations for schema LuggageStorage","level":"error","msg":"获取行李失败","time":"2025-12-16 23:30:11"}
{"duration":"24.1025ms","level":"info","method":"GET","msg":"请求处理完成","path":"/employee/get/all","request_id":"be9ff142-5cf4-48dc-8995-22d760552b59","status":500,"time":"2025-12-16 23:30:11"}
{"level":"info","msg":"数据库表创建成功","time":"2025-12-16 23:31:40"}
{"level":"info","mode":"debug","msg":"服务器启动","time":"2025-12-16 23:31:40"}
{"level":"debug","msg":"限流器状态","name":"local","time":"2025-12-16 23:31:42","tokens":99}
{"duration":"17.0229ms","level":"info","method":"GET","msg":"请求处理完成","path":"/employee/get/all","request_id":"52990322-4d80-4315-b859-3822f2a46093","status":200,"time":"2025-12-16 23:31:42"}
{"level":"info","msg":"数据库表创建成功","time":"2025-12-16 23:33:51"}
{"level":"info","mode":"debug","msg":"服务器启动","time":"2025-12-16 23:33:51"}
{"level":"info","msg":"数据库表创建成功","time":"2025-12-16 23:46:09"}
{"level":"info","mode":"debug","msg":"服务器启动","time":"2025-12-16 23:46:09"}
{"level":"debug","msg":"限流器状态","name":"local","time":"2025-12-16 23:46:25","tokens":99}
{"duration":"579.5µs","level":"info","method":"GET","msg":"请求处理完成","path":"/employee/get/all","request_id":"58d30f3a-43d9-4f9f-b3b6-199222df9b7c","status":401,"time":"2025-12-16 23:46:25"}
{"level":"debug","msg":"限流器状态","name":"local","time":"2025-12-16 23:46:29","tokens":99}
{"duration":"3.0008ms","level":"info","method":"POST","msg":"请求处理完成","path":"/employee/login","request_id":"0bfda369-da75-4875-b58f-de45566fb77d","status":200,"time":"2025-12-16 23:46:29"}
{"level":"debug","msg":"限流器状态","name":"local","time":"2025-12-16 23:46:45","tokens":99}
{"duration":"13.1197ms","level":"info","method":"GET","msg":"请求处理完成","path":"/employee/get/all","request_id":"48d665bd-0eaf-4534-942f-ef1f2b0d0d63","status":200,"time":"2025-12-16 23:46:45"}
{"level":"info","msg":"数据库表创建成功","time":"2025-12-16 23:50:52"}
{"level":"info","mode":"debug","msg":"服务器启动","time":"2025-12-16 23:50:52"}
{"level":"debug","msg":"限流器状态","name":"local","time":"2025-12-16 23:50:54","tokens":99}
{"duration":"14.607ms","level":"info","method":"GET","msg":"请求处理完成","path":"/employee/get/all","request_id":"1905babd-92c2-447e-adbc-1a829fa88f7e","status":200,"time":"2025-12-16 23:50:54"}
{"level":"info","msg":"数据库表创建成功","time":"2025-12-16 23:54:47"}
{"level":"info","mode":"debug","msg":"服务器启动","time":"2025-12-16 23:54:47"}
{"level":"debug","msg":"限流器状态","name":"local","time":"2025-12-16 23:54:49","tokens":99}
{"duration":"12.0783ms","level":"info","method":"GET","msg":"请求处理完成","path":"/employee/get/all","request_id":"92c244ad-eece-4d19-ab30-8360483f7a16","status":200,"time":"2025-12-16 23:54:49"}
{"level":"debug","msg":"限流器状态","name":"local","time":"2025-12-16 23:54:57","tokens":99}
{"duration":"13.0635ms","level":"info","method":"GET","msg":"请求处理完成","path":"/employee/get/name","request_id":"1e791cd6-aef9-4385-9e49-b3fd1a80658e","status":200,"time":"2025-12-16 23:54:57"}
{"level":"debug","msg":"限流器状态","name":"local","time":"2025-12-16 23:55:02","tokens":99}
{"duration":"11.1691ms","level":"info","method":"GET","msg":"请求处理完成","path":"/employee/get/guest_id","request_id":"47066710-154d-49d5-9cd7-24afe9e33f76","status":404,"time":"2025-12-16 23:55:02"}
{"level":"debug","msg":"限流器状态","name":"local","time":"2025-12-16 23:55:06","tokens":99}
{"duration":"11.4831ms","level":"info","method":"GET","msg":"请求处理完成","path":"/employee/get/guest_id","request_id":"3b4b9ae7-3dcf-413f-af39-507849f9fac5","status":200,"time":"2025-12-16 23:55:06"}
{"level":"debug","msg":"限流器状态","name":"local","time":"2025-12-16 23:55:53","tokens":99}
{"error":null,"level":"error","luggage_id":2,"msg":"查询行李失败","time":"2025-12-16 23:55:53"}
{"duration":"15.264ms","level":"info","method":"POST","msg":"请求处理完成","path":"/employee/get/pick_up_code","request_id":"e94cf605-4b9d-465d-8d70-52f7fe5fad52","status":500,"time":"2025-12-16 23:55:53"}
{"level":"info","msg":"数据库表创建成功","time":"2025-12-16 23:58:22"}
{"level":"info","mode":"debug","msg":"服务器启动","time":"2025-12-16 23:58:22"}
{"level":"debug","msg":"限流器状态","name":"local","time":"2025-12-16 23:58:26","tokens":99}
{"error":null,"level":"error","luggage_id":2,"msg":"查询行李失败","time":"2025-12-16 23:58:26"}
{"duration":"11.7637ms","level":"info","method":"POST","msg":"请求处理完成","path":"/employee/get/pick_up_code","request_id":"87fd5a56-601f-407b-b2e4-061494e66085","status":500,"time":"2025-12-16 23:58:26"}
{"level":"info","msg":"数据库表创建成功","time":"2025-12-17 00:00:54"}
{"level":"info","mode":"debug","msg":"服务器启动","time":"2025-12-17 00:00:54"}
{"level":"debug","msg":"限流器状态","name":"local","time":"2025-12-17 00:00:56","tokens":99}
{"error":"luggage: unsupported relations for schema LuggageStorage","level":"error","luggage_id":2,"msg":"查询行李失败","time":"2025-12-17 00:00:56"}
{"duration":"20.5353ms","level":"info","method":"POST","msg":"请求处理完成","path":"/employee/get/pick_up_code","request_id":"2177dcdf-fa99-4041-ac6a-25f0dbd3c09a","status":500,"time":"2025-12-17 00:00:56"}
{"level":"info","msg":"数据库表创建成功","time":"2025-12-17 00:03:14"}
{"level":"info","mode":"debug","msg":"服务器启动","time":"2025-12-17 00:03:15"}
{"level":"debug","msg":"限流器状态","name":"local","time":"2025-12-17 00:03:18","tokens":99}
{"duration":"510.5µs","level":"info","method":"POST","msg":"请求处理完成","path":"/employee/get/pick_up_code","request_id":"efcd48da-5d99-4dfa-b965-8e859a0d63a2","status":401,"time":"2025-12-17 00:03:18"}
{"level":"debug","msg":"限流器状态","name":"local","time":"2025-12-17 00:03:22","tokens":99}
{"duration":"5.4923ms","level":"info","method":"POST","msg":"请求处理完成","path":"/employee/login","request_id":"bb97b0fd-2289-4ca6-ac82-8f7d253ad248","status":200,"time":"2025-12-17 00:03:22"}
{"level":"debug","msg":"限流器状态","name":"local","time":"2025-12-17 00:03:24","tokens":99}
{"error":"tag: unsupported relations for schema Luggage","level":"error","luggage_id":2,"msg":"查询行李失败","time":"2025-12-17 00:03:24"}
{"duration":"19.735ms","level":"info","method":"POST","msg":"请求处理完成","path":"/employee/get/pick_up_code","request_id":"d1c34d11-f1fc-4a83-9dc8-5525ed94d8d9","status":500,"time":"2025-12-17 00:03:24"}
{"level":"info","msg":"数据库表创建成功","time":"2025-12-17 00:04:39"}
{"level":"info","mode":"debug","msg":"服务器启动","time":"2025-12-17 00:04:39"}
{"level":"debug","msg":"限流器状态","name":"local","time":"2025-12-17 00:04:43","tokens":99}
{"duration":"34.9536ms","level":"info","method":"POST","msg":"请求处理完成","path":"/employee/get/pick_up_code","request_id":"e38526a4-5b24-46b6-b6a7-e5935d8347a6","status":200,"time":"2025-12-17 00:04:43"}
{"level":"info","msg":"数据库表创建成功","time":"2025-12-17 18:45:03"}
{"level":"info","mode":"debug","msg":"服务器启动","time":"2025-12-17 18:45:03"}
{"level":"debug","msg":"限流器状态","name":"local","time":"2025-12-17 18:45:07","tokens":99}
{"duration":"19.6526ms","level":"info","method":"POST","msg":"请求处理完成","path":"/employee/login","request_id":"af865119-0891-46b3-93ba-068e6ba03980","status":200,"time":"2025-12-17 18:45:07"}
{"level":"debug","msg":"限流器状态","name":"local","time":"2025-12-17 18:45:14","tokens":99}
{"duration":"29.3206ms","level":"info","method":"GET","msg":"请求处理完成","path":"/employee/get/all","request_id":"5308e192-b0f7-49fa-b4ed-95df43a005af","status":200,"time":"2025-12-17 18:45:14"}
{"level":"debug","msg":"限流器状态","name":"local","time":"2025-12-17 18:46:12","tokens":99}
{"duration":"17.1067ms","level":"info","method":"GET","msg":"请求处理完成","path":"/employee/get/all","request_id":"99258662-c6fb-4611-8486-efeb0f0232e6","status":200,"time":"2025-12-17 18:46:12"}
{"level":"debug","msg":"限流器状态","name":"local","time":"2025-12-17 18:48:03","tokens":99}
{"error":"invalid value, should be pointer to struct or slice","level":"error","luggage_id":2,"msg":"删除行李失败","time":"2025-12-17 18:48:03"}
{"duration":"29.1101ms","level":"info","method":"POST","msg":"请求处理完成","path":"/employee/update/luggage","request_id":"ac5a0b0a-a31d-4f64-9283-db56d225636f","status":500,"time":"2025-12-17 18:48:03"}
{"level":"info","msg":"数据库表创建成功","time":"2025-12-17 18:49:32"}
{"level":"info","mode":"debug","msg":"服务器启动","time":"2025-12-17 18:49:32"}
{"level":"debug","msg":"限流器状态","name":"local","time":"2025-12-17 18:49:37","tokens":99}
{"duration":"31.7696ms","level":"info","method":"POST","msg":"请求处理完成","path":"/employee/update/luggage","request_id":"6f234b35-2d0d-45bc-b90d-51d55fea5224","status":200,"time":"2025-12-17 18:49:37"}
{"level":"debug","msg":"限流器状态","name":"local","time":"2025-12-17 18:50:06","tokens":99}
{"duration":"17.0714ms","level":"info","method":"GET","msg":"请求处理完成","path":"/employee/get/all","request_id":"8bb23975-2d84-4b21-a666-207913c332d3","status":200,"time":"2025-12-17 18:50:06"}
{"level":"info","msg":"数据库表创建成功","time":"2025-12-17 18:54:33"}
{"level":"info","mode":"debug","msg":"服务器启动","time":"2025-12-17 18:54:33"}
{"level":"info","msg":"数据库表创建成功","time":"2025-12-17 18:55:53"}
{"level":"info","mode":"debug","msg":"服务器启动","time":"2025-12-17 18:55:53"}
{"level":"debug","msg":"限流器状态","name":"local","time":"2025-12-17 18:56:16","tokens":99}
{"duration":"17.6531ms","level":"info","method":"GET","msg":"请求处理完成","path":"/employee/get/all","request_id":"96a1bd46-14c3-4219-afcd-7ddc99dcd27c","status":200,"time":"2025-12-17 18:56:16"}
{"level":"debug","msg":"限流器状态","name":"local","time":"2025-12-17 18:56:29","tokens":99}
{"duration":"24.082ms","level":"info","method":"POST","msg":"请求处理完成","path":"/employee/delete/luggageStorage","request_id":"3ed0e239-434a-4970-b6ac-fb60d05bd158","status":200,"time":"2025-12-17 18:56:29"}
{"level":"debug","msg":"限流器状态","name":"local","time":"2025-12-17 18:56:33","tokens":99}
{"duration":"16.7796ms","level":"info","method":"GET","msg":"请求处理完成","path":"/employee/get/all","request_id":"be8ce7f0-2437-42b7-98d4-6b4ffbd1e906","status":200,"time":"2025-12-17 18:56:33"}
{"level":"debug","msg":"限流器状态","name":"local","time":"2025-12-17 18:57:53","tokens":99}
{"level":"info","msg":"数据库表创建成功","time":"2025-12-17 18:59:49"}
{"level":"info","mode":"debug","msg":"服务器启动","time":"2025-12-17 18:59:49"}
{"level":"debug","msg":"限流器状态","name":"local","time":"2025-12-17 18:59:52","tokens":99}
{"duration":"21.8834ms","level":"info","method":"POST","msg":"请求处理完成","path":"/employee/update/luggageStorage","request_id":"38b503f9-cad1-4d86-aa4e-dcc28dd9e274","status":200,"time":"2025-12-17 18:59:52"}
{"level":"debug","msg":"限流器状态","name":"local","time":"2025-12-17 19:00:05","tokens":99}
{"duration":"14.0079ms","level":"info","method":"GET","msg":"请求处理完成","path":"/employee/get/all","request_id":"933d741b-5e71-489f-b6b6-223720bc3ff9","status":200,"time":"2025-12-17 19:00:05"}
{"level":"debug","msg":"限流器状态","name":"local","time":"2025-12-17 19:00:10","tokens":99}
{"duration":"511µs","level":"info","method":"GET","msg":"请求处理完成","path":"/employee/get/all","request_id":"d168a8a9-570f-4c62-b8b5-d0e402781c56","status":401,"time":"2025-12-17 19:00:10"}
{"level":"debug","msg":"限流器状态","name":"local","time":"2025-12-17 19:00:16","tokens":99}
{"duration":"5.9797ms","level":"info","method":"POST","msg":"请求处理完成","path":"/employee/login","request_id":"742cd239-e99d-4864-b37c-7e5ce2d159c2","status":200,"time":"2025-12-17 19:00:16"}
{"level":"debug","msg":"限流器状态","name":"local","time":"2025-12-17 19:00:43","tokens":99}
{"duration":"146.1681ms","level":"info","method":"POST","msg":"请求处理完成","path":"/employee/add/luggageStorage","request_id":"6c4f47ea-f4ac-42a3-b97d-8ab69db85b95","status":201,"time":"2025-12-17 19:00:43"}
{"level":"debug","msg":"限流器状态","name":"local","time":"2025-12-17 19:00:55","tokens":99}
{"duration":"20.2361ms","level":"info","method":"GET","msg":"请求处理完成","path":"/employee/get/all","request_id":"814392f8-354a-4000-9f9a-25dc25b86d36","status":200,"time":"2025-12-17 19:00:55"}
{"level":"debug","msg":"限流器状态","name":"local","time":"2025-12-17 19:01:06","tokens":99}
{"duration":"105.3345ms","level":"info","method":"POST","msg":"请求处理完成","path":"/employee/update/luggageStorage","request_id":"2a46fa26-3e8b-495a-8212-cac5770a1763","status":200,"time":"2025-12-17 19:01:06"}
{"level":"debug","msg":"限流器状态","name":"local","time":"2025-12-17 19:01:10","tokens":99}
{"duration":"22.3535ms","level":"info","method":"GET","msg":"请求处理完成","path":"/employee/get/all","request_id":"f7cc4bdd-100c-402c-b6ce-aba1b2c3c72f","status":200,"time":"2025-12-17 19:01:10"}
{"level":"info","msg":"数据库表创建成功","time":"2025-12-17 19:06:56"}
{"level":"info","mode":"debug","msg":"服务器启动","time":"2025-12-17 19:06:56"}
{"level":"debug","msg":"限流器状态","name":"local","time":"2025-12-17 19:07:03","tokens":99}
{"duration":"19.803ms","level":"info","method":"GET","msg":"请求处理完成","path":"/employee/get/all","request_id":"8a3b1cf8-7699-413b-98e1-88d4accec6e3","status":200,"time":"2025-12-17 19:07:03"}
{"level":"info","msg":"数据库表创建成功","time":"2025-12-17 19:14:49"}
{"level":"info","mode":"debug","msg":"服务器启动","time":"2025-12-17 19:14:49"}
{"level":"info","msg":"数据库表创建成功","time":"2025-12-17 19:48:53"}
{"level":"info","mode":"debug","msg":"服务器启动","time":"2025-12-17 19:48:53"}
{"level":"info","msg":"数据库表创建成功","time":"2025-12-17 19:49:01"}
{"level":"info","mode":"debug","msg":"服务器启动","time":"2025-12-17 19:49:01"}
{"level":"debug","msg":"限流器状态","name":"local","time":"2025-12-17 19:49:16","tokens":99}
{"duration":"12.0508ms","level":"info","method":"POST","msg":"请求处理完成","path":"/employee/login","request_id":"000838ee-14d2-4c8e-bab5-76d7c8498f48","status":200,"time":"2025-12-17 19:49:16"}
{"level":"debug","msg":"限流器状态","name":"local","time":"2025-12-17 19:49:27","tokens":99}
{"duration":"12.7171ms","level":"info","method":"GET","msg":"请求处理完成","path":"/employee/get/all","request_id":"9de944eb-4fb9-44df-a69c-f303f02d7e52","status":200,"time":"2025-12-17 19:49:27"}
{"level":"debug","msg":"限流器状态","name":"local","time":"2025-12-17 19:49:52","tokens":99}
{"duration":"1.9403ms","level":"info","method":"POST","msg":"请求处理完成","path":"/employee/delete/luggage","request_id":"b3b5fc08-7cea-4c9b-a0e2-a284437a34e1","status":401,"time":"2025-12-17 19:49:52"}
{"level":"debug","msg":"限流器状态","name":"local","time":"2025-12-17 19:50:10","tokens":99}
{"error":"Error 1054 (42S22): Unknown column 'luggage_id' in 'where clause'","level":"error","luggage_id":3,"msg":"行李数据库删除错误","time":"2025-12-17 19:50:10"}
{"duration":"22.2816ms","level":"info","method":"POST","msg":"请求处理完成","path":"/employee/delete/luggage","request_id":"7b200306-1742-462a-9e0d-f0f4865b8512","status":500,"time":"2025-12-17 19:50:10"}
{"level":"info","msg":"数据库表创建成功","time":"2025-12-17 19:50:54"}
{"level":"info","mode":"debug","msg":"服务器启动","time":"2025-12-17 19:50:54"}
{"level":"info","msg":"数据库表创建成功","time":"2025-12-17 19:51:36"}
{"level":"info","mode":"debug","msg":"服务器启动","time":"2025-12-17 19:51:36"}
{"level":"debug","msg":"限流器状态","name":"local","time":"2025-12-17 19:51:40","tokens":99}
{"duration":"16.6308ms","level":"info","method":"GET","msg":"请求处理完成","path":"/employee/get/all","request_id":"b78bef9b-1b63-41f5-89d0-8bc479f6f341","status":200,"time":"2025-12-17 19:51:40"}
{"level":"debug","msg":"限流器状态","name":"local","time":"2025-12-17 19:51:58","tokens":99}
{"duration":"29.5281ms","level":"info","method":"POST","msg":"请求处理完成","path":"/employee/add/luggageStorage","request_id":"0728c4fb-d84c-42df-832c-cf994c6a600d","status":201,"time":"2025-12-17 19:51:58"}
{"level":"debug","msg":"限流器状态","name":"local","time":"2025-12-17 19:52:58","tokens":99}
{"duration":"20.4124ms","level":"info","method":"GET","msg":"请求处理完成","path":"/employee/get/all","request_id":"ebefc7d7-406a-4a14-8b0c-5cf611185a26","status":200,"time":"2025-12-17 19:52:58"}
{"level":"debug","msg":"限流器状态","name":"local","time":"2025-12-17 19:53:25","tokens":99}
{"duration":"27.956ms","level":"info","method":"POST","msg":"请求处理完成","path":"/employee/delete/luggage","request_id":"02888491-365e-4911-9fa3-f554820b9589","status":200,"time":"2025-12-17 19:53:25"}
{"level":"debug","msg":"限流器状态","name":"local","time":"2025-12-17 19:53:31","tokens":99}
{"duration":"15.9521ms","level":"info","method":"GET","msg":"请求处理完成","path":"/employee/get/all","request_id":"f9247146-a924-47be-afd7-b6b72f58a664","status":200,"time":"2025-12-17 19:53:31"}
{"level":"debug","msg":"限流器状态","name":"local","time":"2025-12-17 19:54:21","tokens":99}
{"duration":"11.093ms","level":"info","method":"POST","msg":"请求处理完成","path":"/employee/add/mac","request_id":"bff8fe1d-bfa5-4e3d-9f37-e5eb4c3ca72a","status":409,"time":"2025-12-17 19:54:21"}
{"level":"debug","msg":"限流器状态","name":"local","time":"2025-12-17 19:54:31","tokens":99}
{"duration":"19.1323ms","level":"info","method":"POST","msg":"请求处理完成","path":"/employee/add/mac","request_id":"f75098ab-7447-460a-a6a1-bf45b7238ead","status":201,"time":"2025-12-17 19:54:31"}
{"level":"debug","msg":"限流器状态","name":"local","time":"2025-12-17 19:56:43","tokens":99}
{"duration":"0s","level":"info","method":"GET","msg":"请求处理完成","path":"/employee/get/status","request_id":"aab4af5a-5f49-4959-81f7-8a7b648b8216","status":404,"time":"2025-12-17 19:56:43"}
{"level":"info","msg":"数据库表创建成功","time":"2025-12-18 15:35:36"}
{"level":"info","mode":"debug","msg":"服务器启动","time":"2025-12-18 15:35:37"}
{"level":"debug","msg":"限流器状态","name":"local","time":"2025-12-18 15:35:47","tokens":99}
{"duration":"20.4733ms","level":"info","method":"POST","msg":"请求处理完成","path":"/employee/login","request_id":"7c8a13b1-14ed-4fb5-bd49-b21dfbd4c477","status":200,"time":"2025-12-18 15:35:47"}
{"level":"debug","msg":"限流器状态","name":"local","time":"2025-12-18 15:35:51","tokens":99}
{"duration":"21.9218ms","level":"info","method":"POST","msg":"请求处理完成","path":"/employee/get/guest_advance","request_id":"c859782a-05c9-40a1-92d1-becb27c8b290","status":404,"time":"2025-12-18 15:35:51"}
{"level":"debug","msg":"限流器状态","name":"local","time":"2025-12-18 15:36:25","tokens":99}
{"duration":"19.6647ms","level":"info","method":"GET","msg":"请求处理完成","path":"/employee/get/all","request_id":"413ef26c-a9ab-4f4c-ab13-b32fca47fe74","status":200,"time":"2025-12-18 15:36:26"}
{"level":"debug","msg":"限流器状态","name":"local","time":"2025-12-18 15:36:57","tokens":99}
{"duration":"17.5375ms","level":"info","method":"POST","msg":"请求处理完成","path":"/employee/delete/luggageStorage","request_id":"91bab04c-01dc-4650-a36a-cabcc517c873","status":404,"time":"2025-12-18 15:36:57"}
{"level":"info","msg":"数据库表创建成功","time":"2025-12-18 15:38:02"}
{"level":"info","mode":"debug","msg":"服务器启动","time":"2025-12-18 15:38:02"}
{"level":"debug","msg":"限流器状态","name":"local","time":"2025-12-18 15:38:05","tokens":99}
{"duration":"34.6953ms","level":"info","method":"POST","msg":"请求处理完成","path":"/employee/delete/luggageStorage","request_id":"1fbc32e5-952c-4e09-88ef-1a94728392b3","status":200,"time":"2025-12-18 15:38:05"}
{"level":"debug","msg":"限流器状态","name":"local","time":"2025-12-18 15:38:10","tokens":99}
{"duration":"18.8204ms","level":"info","method":"POST","msg":"请求处理完成","path":"/employee/delete/luggageStorage","request_id":"ac180c2e-dff1-4b32-8596-b11be1683122","status":200,"time":"2025-12-18 15:38:10"}
{"level":"debug","msg":"限流器状态","name":"local","time":"2025-12-18 15:38:12","tokens":99}
{"duration":"48.6421ms","level":"info","method":"GET","msg":"请求处理完成","path":"/employee/get/all","request_id":"90f579a0-bf35-4a37-9872-a3b44d530fa2","status":200,"time":"2025-12-18 15:38:13"}
{"level":"debug","msg":"限流器状态","name":"local","time":"2025-12-18 15:38:30","tokens":99}
{"duration":"64.5177ms","level":"info","method":"POST","msg":"请求处理完成","path":"/employee/add/luggageStorage","request_id":"e5de6b28-7a17-428d-8268-11cd9b33d724","status":201,"time":"2025-12-18 15:38:30"}
{"level":"debug","msg":"限流器状态","name":"local","time":"2025-12-18 15:38:37","tokens":99}
{"duration":"13.7223ms","level":"info","method":"POST","msg":"请求处理完成","path":"/employee/get/guest_advance","request_id":"73ea5fab-9b6e-4bce-81c2-56e40319f948","status":200,"time":"2025-12-18 15:38:37"}
{"level":"debug","msg":"限流器状态","name":"local","time":"2025-12-18 15:39:12","tokens":99}
{"duration":"14.9232ms","level":"info","method":"GET","msg":"请求处理完成","path":"/employee/get/all","request_id":"505b48eb-2e54-47fb-a92b-5ec7ee3b303f","status":200,"time":"2025-12-18 15:39:12"}
{"level":"debug","msg":"限流器状态","name":"local","time":"2025-12-18 15:39:23","tokens":99}
{"error":"Guest: unsupported relations for schema Luggage","level":"error","msg":"获取存放地点失败","time":"2025-12-18 15:39:23"}
{"duration":"15.0139ms","level":"info","method":"GET","msg":"请求处理完成","path":"/employee/get/location","request_id":"10c1596b-cb8b-405e-8a4d-6b01556db271","status":500,"time":"2025-12-18 15:39:23"}
{"level":"info","msg":"数据库表创建成功","time":"2025-12-18 15:59:11"}
{"level":"info","mode":"debug","msg":"服务器启动","time":"2025-12-18 15:59:11"}
{"level":"info","msg":"数据库表创建成功","time":"2025-12-18 16:04:31"}
{"level":"info","mode":"debug","msg":"服务器启动","time":"2025-12-18 16:04:32"}
{"level":"debug","msg":"限流器状态","name":"local","time":"2025-12-18 16:05:26","tokens":99}
{"duration":"1.1049ms","level":"info","method":"GET","msg":"请求处理完成","path":"/tool/get/location","request_id":"f02c4203-5822-4a79-8952-83c3addc212c","status":401,"time":"2025-12-18 16:05:26"}
{"level":"debug","msg":"限流器状态","name":"local","time":"2025-12-18 16:05:32","tokens":99}
{"duration":"8.2501ms","level":"info","method":"POST","msg":"请求处理完成","path":"/employee/login","request_id":"45d86302-d81c-4980-bd4a-e071d8b92fcc","status":200,"time":"2025-12-18 16:05:32"}
{"level":"debug","msg":"限流器状态","name":"local","time":"2025-12-18 16:05:34","tokens":99}
{"duration":"14.2209ms","level":"info","method":"GET","msg":"请求处理完成","path":"/tool/get/location","request_id":"96952c6e-4b53-4a78-8fca-99d98df3d634","status":401,"time":"2025-12-18 16:05:34"}
{"level":"info","msg":"数据库表创建成功","time":"2025-12-18 16:07:16"}
{"level":"info","mode":"debug","msg":"服务器启动","time":"2025-12-18 16:07:16"}
{"level":"debug","msg":"限流器状态","name":"local","time":"2025-12-18 16:07:21","tokens":99}
{"duration":"8.3196ms","level":"info","method":"POST","msg":"请求处理完成","path":"/employee/login","request_id":"6c1cfd1c-ae4d-444a-907b-d9f88268fead","status":200,"time":"2025-12-18 16:07:21"}
{"level":"debug","msg":"限流器状态","name":"local","time":"2025-12-18 16:07:42","tokens":99}
{"duration":"34.1797ms","level":"info","method":"GET","msg":"请求处理完成","path":"/tool/get/employee","request_id":"73e03bcf-fac8-4d06-8fb2-b2ddb689d3e7","status":401,"time":"2025-12-18 16:07:42"}
{"level":"debug","msg":"限流器状态","name":"local","time":"2025-12-18 16:10:05","tokens":99}
{"duration":"15.482ms","level":"info","method":"GET","msg":"请求处理完成","path":"/tool/get/employee","request_id":"c037c37d-9a11-4dcb-9ba2-aade6aca38ff","status":200,"time":"2025-12-18 16:10:05"}
{"level":"debug","msg":"限流器状态","name":"local","time":"2025-12-18 16:10:11","tokens":99}
{"duration":"17.3786ms","level":"info","method":"GET","msg":"请求处理完成","path":"/tool/get/location","request_id":"041d877a-083a-42bf-bcec-0acc4441c9df","status":200,"time":"2025-12-18 16:10:11"}
{"level":"debug","msg":"限流器状态","name":"local","time":"2025-12-18 16:12:57","tokens":99}
{"error":"Guest: unsupported relations for schema Luggage","level":"error","msg":"获取存放地点失败","time":"2025-12-18 16:12:57"}
{"duration":"35.6607ms","level":"info","method":"GET","msg":"请求处理完成","path":"/employee/get/location","request_id":"8500b903-e12c-4887-bd57-cf7095d56fdf","status":500,"time":"2025-12-18 16:12:57"}
{"level":"info","msg":"数据库表创建成功","time":"2025-12-18 16:14:45"}
{"level":"info","mode":"debug","msg":"服务器启动","time":"2025-12-18 16:14:45"}
{"level":"debug","msg":"限流器状态","name":"local","time":"2025-12-18 16:14:50","tokens":99}
{"duration":"18.0059ms","level":"info","method":"GET","msg":"请求处理完成","path":"/employee/get/location","request_id":"e98aeee4-9c8b-4e75-aad2-769f202a1b09","status":200,"time":"2025-12-18 16:14:50"}
{"level":"debug","msg":"限流器状态","name":"local","time":"2025-12-18 16:15:29","tokens":99}
{"duration":"11.9158ms","level":"info","method":"GET","msg":"请求处理完成","path":"/tool/get/location","request_id":"6fd97ab2-b17c-49af-a01a-085aabda5b02","status":200,"time":"2025-12-18 16:15:29"}
{"level":"debug","msg":"限流器状态","name":"local","time":"2025-12-18 16:16:57","tokens":99}
{"duration":"16.4438ms","level":"info","method":"GET","msg":"请求处理完成","path":"/tool/get/role","request_id":"783e01ef-8895-499e-b6e9-ccf747d6a6bd","status":200,"time":"2025-12-18 16:16:57"}
{"level":"debug","msg":"限流器状态","name":"local","time":"2025-12-18 16:18:14","tokens":99}
{"duration":"49.7836ms","level":"info","method":"GET","msg":"请求处理完成","path":"/tool/get/permission","request_id":"e1f5e892-4e31-41c7-a96e-cbcbdacc8166","status":200,"time":"2025-12-18 16:18:14"}
{"level":"info","msg":"数据库表创建成功","time":"2025-12-18 16:21:38"}
{"level":"info","mode":"debug","msg":"服务器启动","time":"2025-12-18 16:21:38"}
{"level":"debug","msg":"限流器状态","name":"local","time":"2025-12-18 16:21:41","tokens":99}
{"duration":"14.723ms","level":"info","method":"GET","msg":"请求处理完成","path":"/tool/get/permission","request_id":"af3f2939-fe90-4f01-98c3-26652b86446c","status":200,"time":"2025-12-18 16:21:41"}
{"level":"debug","msg":"限流器状态","name":"local","time":"2025-12-18 16:22:05","tokens":99}
{"duration":"13.5306ms","level":"info","method":"GET","msg":"请求处理完成","path":"/tool/get/permission","request_id":"702f8ba7-3173-4514-addd-9d69e1e8c7e6","status":200,"time":"2025-12-18 16:22:05"}
{"level":"debug","msg":"限流器状态","name":"local","time":"2025-12-18 16:22:27","tokens":99}
{"duration":"508.2µs","level":"info","method":"GET","msg":"请求处理完成","path":"/tool/get/employee","request_id":"a3a0615d-1cd4-40cc-8124-38b557edde57","status":401,"time":"2025-12-18 16:22:27"}
{"level":"debug","msg":"限流器状态","name":"local","time":"2025-12-18 16:22:31","tokens":99}
{"duration":"4.1985ms","level":"info","method":"POST","msg":"请求处理完成","path":"/employee/login","request_id":"c3ff0a51-dc0b-4aa4-9c97-8acc52a6a3fe","status":200,"time":"2025-12-18 16:22:31"}
{"level":"debug","msg":"限流器状态","name":"local","time":"2025-12-18 16:22:40","tokens":99}
{"duration":"14.6878ms","level":"info","method":"GET","msg":"请求处理完成","path":"/tool/get/permission","request_id":"6f2961fb-8385-4bcb-b763-6d9b79fb5524","status":200,"time":"2025-12-18 16:22:40"}
{"level":"debug","msg":"限流器状态","name":"local","time":"2025-12-18 16:22:43","tokens":99}
{"duration":"97.6209ms","level":"info","method":"GET","msg":"请求处理完成","path":"/tool/get/employee","request_id":"fcc77cba-d9a7-4834-9972-c366db57f275","status":200,"time":"2025-12-18 16:22:43"}
{"level":"debug","msg":"限流器状态","name":"local","time":"2025-12-18 16:23:52","tokens":99}
{"duration":"20.7841ms","level":"info","method":"GET","msg":"请求处理完成","path":"/employee/get/guest_id","request_id":"22ab1a85-ce1d-42de-a123-94ea95553871","status":404,"time":"2025-12-18 16:23:52"}
{"level":"debug","msg":"限流器状态","name":"local","time":"2025-12-18 16:23:58","tokens":99}
{"duration":"14.3858ms","level":"info","method":"GET","msg":"请求处理完成","path":"/employee/get/guest_id","request_id":"564c0c42-688d-42d3-9df3-a1ef43ae7e70","status":404,"time":"2025-12-18 16:23:58"}
{"level":"debug","msg":"限流器状态","name":"local","time":"2025-12-18 16:24:03","tokens":99}
{"duration":"21.5884ms","level":"info","method":"GET","msg":"请求处理完成","path":"/employee/get/all","request_id":"f4f8a39b-a395-4f14-97ca-37c0ac584ae1","status":200,"time":"2025-12-18 16:24:03"}
{"level":"debug","msg":"限流器状态","name":"local","time":"2025-12-18 16:24:09","tokens":99}
{"duration":"17.2596ms","level":"info","method":"GET","msg":"请求处理完成","path":"/employee/get/guest_id","request_id":"ed21fbee-4081-403c-bd7f-66feebf94bf1","status":200,"time":"2025-12-18 16:24:09"}
{"level":"info","msg":"数据库表创建成功","time":"2025-12-18 16:39:03"}
{"level":"info","mode":"debug","msg":"服务器启动","time":"2025-12-18 16:39:03"}
{"error":"MISCONF Redis is configured to save RDB snapshots, but it's currently unable to persist to disk. Commands that may modify the data set are disabled, because this instance is configured to report errors during writes if RDB snapshotting fails (stop-writes-on-bgsave-error option). Please check the Redis logs for details about the RDB error. script: 28e2beabd17123c3991c66f202d51fd23c624dbc, on @user_script:26.","level":"error","msg":"限流器执行脚本失败","name":"local","time":"2025-12-18 16:39:14"}
{"client_ip":"::1","level":"warning","msg":"请求过于频繁","time":"2025-12-18 16:39:14"}
{"duration":"1.0546ms","level":"info","method":"GET","msg":"请求处理完成","path":"/employee/get/all","request_id":"fb83c1bc-8c54-47d8-b4cd-4096ac0dd152","status":429,"time":"2025-12-18 16:39:14"}
{"level":"debug","msg":"限流器状态","name":"local","time":"2025-12-18 16:39:46","tokens":99}
{"duration":"33.8779ms","level":"info","method":"POST","msg":"请求处理完成","path":"/employee/login","request_id":"3e7c454b-1bb0-4cba-b440-3b49a6c10744","status":200,"time":"2025-12-18 16:39:46"}
{"level":"debug","msg":"限流器状态","name":"local","time":"2025-12-18 16:39:51","tokens":99}
{"duration":"16.1792ms","level":"info","method":"GET","msg":"请求处理完成","path":"/employee/get/all","request_id":"d74c49f9-14b0-4761-9123-eb6a5c1d0c26","status":200,"time":"2025-12-18 16:39:51"}
{"level":"debug","msg":"限流器状态","name":"local","time":"2025-12-18 16:40:16","tokens":99}
{"duration":"17.7334ms","level":"info","method":"GET","msg":"请求处理完成","path":"/employee/get/all","request_id":"95914bde-6517-4acc-a8de-fab34b114268","status":200,"time":"2025-12-18 16:40:16"}
{"level":"debug","msg":"限流器状态","name":"local","time":"2025-12-18 16:49:02","tokens":99}
{"duration":"20.2036ms","level":"info","method":"GET","msg":"请求处理完成","path":"/employee/get/name","request_id":"32fec333-7f22-4939-984b-cb52905eab6e","status":200,"time":"2025-12-18 16:49:02"}
{"level":"debug","msg":"限流器状态","name":"local","time":"2025-12-18 16:49:24","tokens":99}
{"duration":"16.8196ms","level":"info","method":"POST","msg":"请求处理完成","path":"/employee/get/pick_up_code","request_id":"2097083f-410c-48c2-9c8d-3978b8f08606","status":404,"time":"2025-12-18 16:49:24"}
{"level":"debug","msg":"限流器状态","name":"local","time":"2025-12-18 16:49:30","tokens":99}
{"duration":"22.5107ms","level":"info","method":"GET","msg":"请求处理完成","path":"/employee/get/all","request_id":"b1ec7af2-4080-4068-8e10-8f521a6fac97","status":200,"time":"2025-12-18 16:49:30"}
{"level":"debug","msg":"限流器状态","name":"local","time":"2025-12-18 16:49:52","tokens":99}
{"duration":"16.5946ms","level":"info","method":"POST","msg":"请求处理完成","path":"/employee/get/pick_up_code","request_id":"75c29f49-9cb8-468f-a524-5ee4e6bddf6a","status":200,"time":"2025-12-18 16:49:52"}
{"level":"debug","msg":"限流器状态","name":"local","time":"2025-12-18 16:52:05","tokens":99}
{"duration":"17.1897ms","level":"info","method":"POST","msg":"请求处理完成","path":"/tool/add/employee","request_id":"eb82e548-6575-40a4-90a4-b2c0f0a49da7","status":201,"time":"2025-12-18 16:52:05"}
{"level":"debug","msg":"限流器状态","name":"local","time":"2025-12-18 16:52:11","tokens":99}
{"duration":"18.6231ms","level":"info","method":"GET","msg":"请求处理完成","path":"/tool/get/employee","request_id":"48342cb4-f451-4f40-a21d-9f3a12e12330","status":200,"time":"2025-12-18 16:52:11"}
{"level":"debug","msg":"限流器状态","name":"local","time":"2025-12-18 16:52:33","tokens":99}
{"duration":"20.7312ms","level":"info","method":"POST","msg":"请求处理完成","path":"/tool/delete/employee","request_id":"47da22f0-ce57-4500-8ae2-51b3d786bb96","status":200,"time":"2025-12-18 16:52:33"}
{"level":"debug","msg":"限流器状态","name":"local","time":"2025-12-18 16:52:36","tokens":99}
{"duration":"17.7027ms","level":"info","method":"GET","msg":"请求处理完成","path":"/tool/get/employee","request_id":"6211e111-077f-4f6e-a25b-c2a39b30e44a","status":200,"time":"2025-12-18 16:52:36"}
{"level":"debug","msg":"限流器状态","name":"local","time":"2025-12-18 16:53:58","tokens":99}
{"duration":"34.559ms","level":"info","method":"POST","msg":"请求处理完成","path":"/tool/add/hotel","request_id":"cfd1243e-d1a9-4017-aff0-ff98c39c457a","status":200,"time":"2025-12-18 16:53:58"}
{"level":"info","msg":"数据库表创建成功","time":"2025-12-18 16:54:42"}
{"level":"info","mode":"debug","msg":"服务器启动","time":"2025-12-18 16:54:42"}
{"level":"debug","msg":"限流器状态","name":"local","time":"2025-12-18 16:54:45","tokens":99}
{"duration":"105.8211ms","level":"info","method":"POST","msg":"请求处理完成","path":"/tool/add/hotel","request_id":"6109d14e-1e4f-46de-8c84-9fdc246aab6a","status":409,"time":"2025-12-18 16:54:45"}
{"level":"debug","msg":"限流器状态","name":"local","time":"2025-12-18 16:54:49","tokens":99}
{"duration":"2.0132ms","level":"info","method":"POST","msg":"请求处理完成","path":"/tool/add/hotel","request_id":"e36e9c0f-9280-410b-b546-74b5b5ccbbd9","status":401,"time":"2025-12-18 16:54:49"}
{"level":"debug","msg":"限流器状态","name":"local","time":"2025-12-18 16:54:54","tokens":99}
{"duration":"6.4154ms","level":"info","method":"POST","msg":"请求处理完成","path":"/employee/login","request_id":"4c853b2a-4125-4936-8d0f-19224f34bb34","status":200,"time":"2025-12-18 16:54:54"}
{"level":"debug","msg":"限流器状态","name":"local","time":"2025-12-18 16:54:57","tokens":99}
{"duration":"22.551ms","level":"info","method":"POST","msg":"请求处理完成","path":"/tool/add/hotel","request_id":"9231debc-8ddf-49f7-a1af-bd8afe84deba","status":200,"time":"2025-12-18 16:54:57"}
{"level":"debug","msg":"限流器状态","name":"local","time":"2025-12-18 16:55:52","tokens":99}
{"duration":"14.9391ms","level":"info","method":"POST","msg":"请求处理完成","path":"/tool/add/permission","request_id":"4ce7965b-7ed0-4fa1-80b3-4164295ebc67","status":200,"time":"2025-12-18 16:55:52"}
{"level":"debug","msg":"限流器状态","name":"local","time":"2025-12-18 16:56:23","tokens":99}
{"duration":"23.3213ms","level":"info","method":"POST","msg":"请求处理完成","path":"/tool/delete/permission","request_id":"091e4b56-1cfd-47f8-8023-beecb9e240eb","status":200,"time":"2025-12-18 16:56:23"}
{"level":"debug","msg":"限流器状态","name":"local","time":"2025-12-18 16:56:43","tokens":99}
{"duration":"16.2892ms","level":"info","method":"POST","msg":"请求处理完成","path":"/tool/add/role","request_id":"bea0297c-aad8-423a-8619-d5fd4cebf8b7","status":409,"time":"2025-12-18 16:56:43"}
{"level":"debug","msg":"限流器状态","name":"local","time":"2025-12-18 16:57:12","tokens":99}
{"duration":"23.3556ms","level":"info","method":"GET","msg":"请求处理完成","path":"/tool/get/role","request_id":"5d99fc73-c54c-4026-a34a-8b7cfc622847","status":200,"time":"2025-12-18 16:57:12"}
{"level":"debug","msg":"限流器状态","name":"local","time":"2025-12-18 16:57:39","tokens":99}
{"duration":"27.2585ms","level":"info","method":"GET","msg":"请求处理完成","path":"/tool/get/role","request_id":"d0f8d559-c7c4-4637-a6c3-3af8227e1fa7","status":200,"time":"2025-12-18 16:57:39"}
{"level":"debug","msg":"限流器状态","name":"local","time":"2025-12-18 16:58:04","tokens":99}
{"duration":"19.939ms","level":"info","method":"POST","msg":"请求处理完成","path":"/tool/delete/role","request_id":"3536c195-fa7c-44a9-ad35-9514f879515d","status":200,"time":"2025-12-18 16:58:04"}
{"level":"debug","msg":"限流器状态","name":"local","time":"2025-12-18 16:58:12","tokens":99}
{"duration":"14.6715ms","level":"info","method":"GET","msg":"请求处理完成","path":"/tool/get/role","request_id":"9ed1f044-9249-47eb-bdb2-52c276780f20","status":200,"time":"2025-12-18 16:58:12"}
{"level":"debug","msg":"限流器状态","name":"local","time":"2025-12-18 16:58:29","tokens":99}
{"duration":"20.4587ms","level":"info","method":"GET","msg":"请求处理完成","path":"/tool/get/employee","request_id":"351f5f4d-534a-4004-93c0-71d89ce55246","status":200,"time":"2025-12-18 16:58:29"}
{"level":"debug","msg":"限流器状态","name":"local","time":"2025-12-18 16:58:41","tokens":99}
{"duration":"21.4774ms","level":"info","method":"POST","msg":"请求处理完成","path":"/tool/add/employee","request_id":"6e507a1c-dc9f-4a9f-8d24-ffad53c5f21f","status":201,"time":"2025-12-18 16:58:41"}
{"level":"debug","msg":"限流器状态","name":"local","time":"2025-12-18 16:58:49","tokens":99}
{"duration":"19.9884ms","level":"info","method":"POST","msg":"请求处理完成","path":"/tool/add/role","request_id":"311f31de-27cc-45a6-a87a-a97dd88a2c61","status":200,"time":"2025-12-18 16:58:49"}
{"level":"debug","msg":"限流器状态","name":"local","time":"2025-12-18 16:59:12","tokens":99}
{"duration":"17.9768ms","level":"info","method":"POST","msg":"请求处理完成","path":"/tool/add/role_permission","request_id":"bf23a8e4-37c4-45f1-bf83-d1d5e6ce039c","status":200,"time":"2025-12-18 16:59:12"}
{"level":"info","msg":"数据库表创建成功","time":"2025-12-18 16:59:42"}
{"level":"info","mode":"debug","msg":"服务器启动","time":"2025-12-18 16:59:42"}
{"level":"info","msg":"数据库表创建成功","time":"2025-12-18 17:00:21"}
{"level":"info","mode":"debug","msg":"服务器启动","time":"2025-12-18 17:00:21"}
{"level":"debug","msg":"限流器状态","name":"local","time":"2025-12-18 17:00:23","tokens":99}
{"duration":"15.9715ms","level":"info","method":"POST","msg":"请求处理完成","path":"/tool/add/role_permission","request_id":"8277b0bf-aa63-42db-b0b1-2ca3b3bb28b4","status":200,"time":"2025-12-18 17:00:23"}
{"level":"debug","msg":"限流器状态","name":"local","time":"2025-12-18 17:00:54","tokens":99}
{"duration":"17.8568ms","level":"info","method":"GET","msg":"请求处理完成","path":"/tool/get/employee","request_id":"2b18fc05-5fcd-4867-a1fd-2fe2703b3d4f","status":200,"time":"2025-12-18 17:00:54"}
{"level":"debug","msg":"限流器状态","name":"local","time":"2025-12-18 17:01:05","tokens":99}
{"duration":"18.0635ms","level":"info","method":"POST","msg":"请求处理完成","path":"/tool/change/employee_role","request_id":"e86d65af-ee22-47fa-9d7c-e827b6ed1cd1","status":200,"time":"2025-12-18 17:01:05"}
{"level":"debug","msg":"限流器状态","name":"local","time":"2025-12-18 17:01:08","tokens":99}
{"duration":"15.7093ms","level":"info","method":"GET","msg":"请求处理完成","path":"/tool/get/employee","request_id":"6b88410a-f89a-4da6-935d-56150cad047d","status":200,"time":"2025-12-18 17:01:08"}
{"level":"info","msg":"数据库表创建成功","time":"2025-12-22 18:13:04"}
{"level":"info","mode":"debug","msg":"服务器启动","time":"2025-12-22 18:13:06"}
{"level":"info","msg":"数据库表创建成功","time":"2025-12-23 16:03:07"}
{"level":"info","mode":"debug","msg":"服务器启动","time":"2025-12-23 16:03:09"}
{"level":"info","msg":"数据库表创建成功","time":"2025-12-23 16:07:54"}
{"level":"info","mode":"debug","msg":"服务器启动","time":"2025-12-23 16:07:54"}
{"level":"info","msg":"数据库表创建成功","time":"2025-12-23 16:10:47"}
{"level":"info","mode":"debug","msg":"服务器启动","time":"2025-12-23 16:10:47"}
{"level":"info","msg":"数据库表创建成功","time":"2025-12-23 16:17:57"}
{"level":"info","mode":"debug","msg":"服务器启动","time":"2025-12-23 16:17:57"}
{"level":"info","msg":"数据库表创建成功","time":"2025-12-23 16:19:02"}
{"level":"info","mode":"debug","msg":"服务器启动","time":"2025-12-23 16:19:04"}
{"level":"info","msg":"数据库表创建成功","time":"2025-12-23 16:19:44"}
{"level":"info","mode":"debug","msg":"服务器启动","time":"2025-12-23 16:19:44"}
{"level":"info","msg":"数据库表创建成功","time":"2025-12-23 16:20:01"}
{"level":"info","mode":"debug","msg":"服务器启动","time":"2025-12-23 16:20:01"}
{"level":"debug","msg":"限流器状态","name":"local","time":"2025-12-23 16:20:03","tokens":99}
{"duration":"8.783ms","level":"info","method":"POST","msg":"请求处理完成","path":"/employee/login","request_id":"1443373b-4f5c-45db-963e-5ab97788c2be","status":200,"time":"2025-12-23 16:20:03"}
{"level":"info","msg":"数据库表创建成功","time":"2025-12-23 16:26:01"}
{"level":"info","mode":"debug","msg":"服务器启动","time":"2025-12-23 16:26:03"}
{"level":"info","msg":"数据库表创建成功","time":"2025-12-23 16:26:17"}
{"level":"info","mode":"debug","msg":"服务器启动","time":"2025-12-23 16:26:17"}
{"level":"debug","msg":"限流器状态","name":"local","time":"2025-12-23 16:27:42","tokens":99}
{"duration":"1.0001ms","level":"info","method":"POST","msg":"请求处理完成","path":"/employee/login","request_id":"b33bcc0a-3fa8-4419-9098-c01985844678","status":401,"time":"2025-12-23 16:27:42"}
{"level":"info","msg":"数据库表创建成功","time":"2025-12-23 16:29:06"}
{"level":"info","mode":"debug","msg":"服务器启动","time":"2025-12-23 16:29:06"}
{"level":"info","msg":"数据库表创建成功","time":"2025-12-23 16:33:45"}
{"level":"info","mode":"debug","msg":"服务器启动","time":"2025-12-23 16:33:45"}
{"level":"info","msg":"数据库表创建成功","time":"2025-12-23 16:37:27"}
{"level":"info","mode":"debug","msg":"服务器启动","time":"2025-12-23 16:37:27"}
{"level":"info","msg":"数据库表创建成功","time":"2025-12-23 16:38:33"}
{"level":"info","mode":"debug","msg":"服务器启动","time":"2025-12-23 16:38:33"}
{"level":"debug","msg":"限流器状态","name":"local","time":"2025-12-23 16:38:49","tokens":99}
{"duration":"5.1937ms","level":"info","method":"POST","msg":"请求处理完成","path":"/employee/login","request_id":"9eb16cf0-e4ea-430c-b37c-953818cb33c1","status":200,"time":"2025-12-23 16:38:49"}
{"level":"info","msg":"数据库表创建成功","time":"2025-12-23 16:38:59"}
{"level":"info","mode":"debug","msg":"服务器启动","time":"2025-12-23 16:38:59"}
{"level":"debug","msg":"限流器状态","name":"local","time":"2025-12-23 16:39:01","tokens":99}
{"duration":"6.3147ms","level":"info","method":"POST","msg":"请求处理完成","path":"/employee/login","request_id":"1e0b0cb7-52c8-4dbd-badd-dbff9fbcf78c","status":200,"time":"2025-12-23 16:39:01"}
{"level":"debug","msg":"限流器状态","name":"local","time":"2025-12-23 16:39:02","tokens":99}
{"duration":"1.1914ms","level":"info","method":"POST","msg":"请求处理完成","path":"/employee/login","request_id":"d64fba93-42d9-46ab-84f1-3f989aae0ee1","status":200,"time":"2025-12-23 16:39:02"}
{"level":"debug","msg":"限流器状态","name":"local","time":"2025-12-23 16:39:02","tokens":99}
{"duration":"1.1435ms","level":"info","method":"POST","msg":"请求处理完成","path":"/employee/login","request_id":"d7629880-1f31-4a6d-a3da-054056a17259","status":200,"time":"2025-12-23 16:39:02"}
{"level":"info","msg":"数据库表创建成功","time":"2025-12-23 16:39:25"}
{"level":"info","mode":"debug","msg":"服务器启动","time":"2025-12-23 16:39:25"}
{"level":"debug","msg":"限流器状态","name":"local","time":"2025-12-23 16:39:29","tokens":99}
{"duration":"3.1371ms","level":"info","method":"POST","msg":"请求处理完成","path":"/employee/login","request_id":"21c02140-232b-4090-ad4d-c3cfb217269a","status":200,"time":"2025-12-23 16:39:29"}
{"level":"info","msg":"数据库表创建成功","time":"2025-12-23 16:40:49"}
{"level":"info","mode":"debug","msg":"服务器启动","time":"2025-12-23 16:40:49"}
{"level":"debug","msg":"限流器状态","name":"local","time":"2025-12-23 16:40:57","tokens":99}
{"duration":"6.3537ms","level":"info","method":"POST","msg":"请求处理完成","path":"/employee/login","request_id":"3686edf9-4fca-49a8-9b94-0e4e143da8d5","status":200,"time":"2025-12-23 16:40:57"}
{"level":"info","msg":"数据库表创建成功","time":"2025-12-23 16:42:33"}
{"level":"info","mode":"debug","msg":"服务器启动","time":"2025-12-23 16:42:33"}
{"level":"info","msg":"数据库表创建成功","time":"2025-12-23 21:28:02"}
{"level":"info","mode":"debug","msg":"服务器启动","time":"2025-12-23 21:28:04"}
{"level":"info","msg":"数据库表创建成功","time":"2025-12-24 16:43:30"}
{"level":"info","mode":"debug","msg":"服务器启动","time":"2025-12-24 16:43:32"}
{"level":"debug","msg":"限流器状态","name":"local","time":"2025-12-24 16:45:19","tokens":99}
{"duration":"6.181ms","level":"info","method":"POST","msg":"请求处理完成","path":"/employee/add/mac","request_id":"562cf868-e4b9-4344-a27b-931605f3c554","status":401,"time":"2025-12-24 16:45:19"}
{"level":"debug","msg":"限流器状态","name":"local","time":"2025-12-24 16:45:29","tokens":99}
{"duration":"8.2406ms","level":"info","method":"POST","msg":"请求处理完成","path":"/employee/login","request_id":"30e718aa-555b-4538-8a94-3c6adf819544","status":200,"time":"2025-12-24 16:45:29"}
{"level":"debug","msg":"限流器状态","name":"local","time":"2025-12-24 16:45:33","tokens":99}
{"error":"不支持的类型","level":"error","msg":"检查数据失败","time":"2025-12-24 16:45:33"}
{"duration":"20.2023ms","level":"info","method":"POST","msg":"请求处理完成","path":"/employee/add/mac","request_id":"b7beaded-d344-4366-a88c-a4a1a17ea9fc","status":500,"time":"2025-12-24 16:45:33"}
{"level":"info","msg":"数据库表创建成功","time":"2025-12-24 18:27:45"}
{"level":"info","mode":"debug","msg":"服务器启动","time":"2025-12-24 18:27:48"}
{"error":"dial tcp 127.0.0.1:6379: connectex: No connection could be made because the target machine actively refused it.","level":"error","msg":"限流器执行脚本失败","name":"local","time":"2025-12-24 18:27:55"}
{"client_ip":"::1","level":"warning","msg":"请求过于频繁","time":"2025-12-24 18:27:55"}
{"duration":"2.0851089s","level":"info","method":"POST","msg":"请求处理完成","path":"/employee/login","request_id":"9d881831-e95d-42ef-a08e-8b0978eafcc5","status":429,"time":"2025-12-24 18:27:55"}
{"level":"info","msg":"数据库表创建成功","time":"2025-12-24 18:28:05"}
{"level":"info","mode":"debug","msg":"服务器启动","time":"2025-12-24 18:28:05"}
{"level":"debug","msg":"限流器状态","name":"local","time":"2025-12-24 18:28:09","tokens":99}
{"duration":"5.3437ms","level":"info","method":"POST","msg":"请求处理完成","path":"/employee/login","request_id":"bef753ef-b033-4726-9204-562492e8ba3b","status":200,"time":"2025-12-24 18:28:09"}
{"level":"debug","msg":"限流器状态","name":"local","time":"2025-12-24 18:28:18","tokens":99}
{"duration":"59.7561ms","level":"info","method":"POST","msg":"请求处理完成","path":"/employee/add/mac","request_id":"538fce65-ce97-4f2c-96a2-003adf58af0b","status":404,"time":"2025-12-24 18:28:18"}
{"level":"info","msg":"数据库表创建成功","time":"2025-12-24 18:29:31"}
{"level":"info","mode":"debug","msg":"服务器启动","time":"2025-12-24 18:29:31"}
{"level":"debug","msg":"限流器状态","name":"local","time":"2025-12-24 18:29:36","tokens":99}
{"duration":"19.4214ms","level":"info","method":"POST","msg":"请求处理完成","path":"/employee/add/mac","request_id":"d43bd38a-cf74-495c-8bb9-ccc70cbab087","status":200,"time":"2025-12-24 18:29:36"}
{"level":"debug","msg":"限流器状态","name":"local","time":"2025-12-24 18:29:41","tokens":99}
{"duration":"63.7471ms","level":"info","method":"POST","msg":"请求处理完成","path":"/employee/add/mac","request_id":"1844ee36-c9f7-4e46-9cbe-c7d07f7ad58a","status":404,"time":"2025-12-24 18:29:41"}
{"level":"info","msg":"数据库表创建成功","time":"2025-12-24 18:33:06"}
{"level":"info","mode":"debug","msg":"服务器启动","time":"2025-12-24 18:33:06"}
{"level":"debug","msg":"限流器状态","name":"local","time":"2025-12-24 18:33:20","tokens":99}
{"duration":"14.847ms","level":"info","method":"GET","msg":"请求处理完成","path":"/employee/get/all","request_id":"6f654079-4b79-454f-8fb9-84be8fe6ee93","status":200,"time":"2025-12-24 18:33:20"}
{"level":"info","msg":"数据库表创建成功","time":"2025-12-24 18:35:17"}
{"level":"info","mode":"debug","msg":"服务器启动","time":"2025-12-24 18:35:17"}
{"level":"info","msg":"数据库表创建成功","time":"2025-12-24 18:36:50"}
{"level":"info","mode":"debug","msg":"服务器启动","time":"2025-12-24 18:36:50"}
{"level":"info","msg":"数据库表创建成功","time":"2025-12-25 15:53:36"}
{"level":"info","mode":"debug","msg":"服务器启动","time":"2025-12-25 15:53:38"}
{"level":"info","msg":"数据库表创建成功","time":"2025-12-25 15:54:05"}
{"level":"info","mode":"debug","msg":"服务器启动","time":"2025-12-25 15:54:05"}
{"level":"debug","msg":"限流器状态","name":"local","time":"2025-12-25 15:55:26","tokens":99}
{"duration":"10.5594ms","level":"info","method":"POST","msg":"请求处理完成","path":"/employee/login","request_id":"3bf08353-8945-4457-9be4-8d09f981c3bf","status":200,"time":"2025-12-25 15:55:26"}
{"level":"debug","msg":"限流器状态","name":"local","time":"2025-12-25 15:55:37","tokens":99}
{"duration":"27.2313ms","level":"info","method":"GET","msg":"请求处理完成","path":"/employee/get/all","request_id":"126700d4-f8b2-46fc-a896-3730896a8e47","status":200,"time":"2025-12-25 15:55:38"}
{"level":"debug","msg":"限流器状态","name":"local","time":"2025-12-25 15:55:59","tokens":99}
{"error":"字段 pick_up_code 不存在","level":"error","msg":"检查数据失败","time":"2025-12-25 15:56:00"}
{"duration":"126.7375ms","level":"info","method":"POST","msg":"请求处理完成","path":"/employee/get/pick_up_code","request_id":"be6121f8-8106-4343-8789-2a67e925b98f","status":500,"time":"2025-12-25 15:56:00"}
{"level":"info","msg":"数据库表创建成功","time":"2025-12-25 16:00:42"}
{"level":"info","mode":"debug","msg":"服务器启动","time":"2025-12-25 16:00:42"}
{"level":"debug","msg":"限流器状态","name":"local","time":"2025-12-25 16:00:44","tokens":99}
{"duration":"27.4545ms","level":"info","method":"POST","msg":"请求处理完成","path":"/employee/get/pick_up_code","request_id":"8817b374-7a5d-4231-b326-89a11e6f32c2","status":200,"time":"2025-12-25 16:00:44"}
{"level":"info","msg":"数据库表创建成功","time":"2025-12-25 16:03:36"}
{"level":"info","mode":"debug","msg":"服务器启动","time":"2025-12-25 16:03:36"}
{"level":"debug","msg":"限流器状态","name":"local","time":"2025-12-25 16:03:38","tokens":99}
{"duration":"26.9811ms","level":"info","method":"POST","msg":"请求处理完成","path":"/employee/get/pick_up_code","request_id":"bdc60a73-3d8d-449b-9a56-1260082c0dcb","status":200,"time":"2025-12-25 16:03:38"}
{"level":"info","msg":"数据库表创建成功","time":"2025-12-25 16:06:16"}
{"level":"info","mode":"debug","msg":"服务器启动","time":"2025-12-25 16:06:16"}
{"level":"debug","msg":"限流器状态","name":"local","time":"2025-12-25 16:06:19","tokens":99}
{"duration":"32.1114ms","level":"info","method":"POST","msg":"请求处理完成","path":"/employee/get/pick_up_code","request_id":"aa737e5c-1884-431d-a31d-ebffb3dcc649","status":200,"time":"2025-12-25 16:06:19"}
{"level":"info","msg":"数据库表创建成功","time":"2025-12-25 16:07:46"}
{"level":"info","mode":"debug","msg":"服务器启动","time":"2025-12-25 16:07:46"}
{"level":"debug","msg":"限流器状态","name":"local","time":"2025-12-25 16:07:48","tokens":99}
{"duration":"17.4356ms","level":"info","method":"POST","msg":"请求处理完成","path":"/employee/get/pick_up_code","request_id":"4e614c6f-df51-473a-bb85-d7ee2eb6b2b5","status":200,"time":"2025-12-25 16:07:48"}
{"level":"info","msg":"数据库表创建成功","time":"2025-12-25 16:09:58"}
{"level":"info","mode":"debug","msg":"服务器启动","time":"2025-12-25 16:09:58"}
{"level":"debug","msg":"限流器状态","name":"local","time":"2025-12-25 16:10:02","tokens":99}
{"duration":"23.5335ms","level":"info","method":"GET","msg":"请求处理完成","path":"/employee/get/all","request_id":"5d306f94-43c9-4aa3-9626-ed8ea2ecf9a0","status":200,"time":"2025-12-25 16:10:02"}
{"level":"debug","msg":"限流器状态","name":"local","time":"2025-12-25 16:10:33","tokens":99}
{"duration":"505.3µs","level":"info","method":"POST","msg":"请求处理完成","path":"/employee/add/luggageStorage","request_id":"ead31711-6f6b-45dc-b428-ec67124b7030","status":401,"time":"2025-12-25 16:10:33"}
{"level":"debug","msg":"限流器状态","name":"local","time":"2025-12-25 16:10:37","tokens":99}
{"duration":"5.9954ms","level":"info","method":"POST","msg":"请求处理完成","path":"/employee/login","request_id":"ed3432f4-b774-450a-b92b-09adab285178","status":200,"time":"2025-12-25 16:10:37"}
{"level":"debug","msg":"限流器状态","name":"local","time":"2025-12-25 16:10:41","tokens":99}
{"duration":"25.9395ms","level":"info","method":"POST","msg":"请求处理完成","path":"/employee/add/luggageStorage","request_id":"091010b9-2241-40cc-91d6-08df6b4f1242","status":201,"time":"2025-12-25 16:10:41"}
{"level":"debug","msg":"限流器状态","name":"local","time":"2025-12-25 16:10:49","tokens":99}
{"duration":"17.8786ms","level":"info","method":"GET","msg":"请求处理完成","path":"/employee/get/all","request_id":"cca386ba-1555-4770-91d2-ce86b706b25c","status":200,"time":"2025-12-25 16:10:49"}
{"level":"debug","msg":"限流器状态","name":"local","time":"2025-12-25 16:11:21","tokens":99}
{"duration":"17.3452ms","level":"info","method":"POST","msg":"请求处理完成","path":"/employee/get/pick_up_code","request_id":"df26bb99-b5a7-40c5-b2ca-0f28d3b91cbc","status":200,"time":"2025-12-25 16:11:21"}
{"level":"debug","msg":"限流器状态","name":"local","time":"2025-12-25 16:11:57","tokens":99}
{"duration":"17.1496ms","level":"info","method":"POST","msg":"请求处理完成","path":"/employee/get/pick_up_code","request_id":"17bc668a-013f-4843-bbc9-ecd7d2703b3a","status":200,"time":"2025-12-25 16:11:57"}
{"level":"info","msg":"数据库表创建成功","time":"2025-12-25 16:19:38"}
{"level":"info","mode":"debug","msg":"服务器启动","time":"2025-12-25 16:19:38"}
{"level":"debug","msg":"限流器状态","name":"local","time":"2025-12-25 16:20:16","tokens":99}
{"duration":"506.5µs","level":"info","method":"GET","msg":"请求处理完成","path":"/employee/get/pick_up_code","request_id":"550d1b2c-3ce4-49ea-8ea5-6d0aab3c4071","status":404,"time":"2025-12-25 16:20:16"}
{"level":"debug","msg":"限流器状态","name":"local","time":"2025-12-25 16:21:14","tokens":99}
{"duration":"507.5µs","level":"info","method":"GET","msg":"请求处理完成","path":"/employee/get/pick_up_code","request_id":"d547893f-8dff-471d-bbdf-875a87e44705","status":404,"time":"2025-12-25 16:21:14"}
{"level":"info","msg":"数据库表创建成功","time":"2025-12-25 16:22:44"}
{"level":"info","mode":"debug","msg":"服务器启动","time":"2025-12-25 16:22:44"}
{"level":"debug","msg":"限流器状态","name":"local","time":"2025-12-25 16:22:51","tokens":99}
{"duration":"15.1908ms","level":"info","method":"GET","msg":"请求处理完成","path":"/employee/get/pick_up_code","request_id":"becc1ded-313e-4899-bf97-75758e3c014d","status":200,"time":"2025-12-25 16:22:51"}
{"level":"info","msg":"数据库表创建成功","time":"2025-12-25 16:27:15"}
{"level":"info","mode":"debug","msg":"服务器启动","time":"2025-12-25 16:27:15"}
{"level":"debug","msg":"限流器状态","name":"local","time":"2025-12-25 16:27:20","tokens":99}
{"duration":"967µs","level":"info","method":"GET","msg":"请求处理完成","path":"/employee/get/pick_up_code","request_id":"fd80646f-2d19-47e1-8492-74199bfa43c8","status":401,"time":"2025-12-25 16:27:20"}
{"level":"debug","msg":"限流器状态","name":"local","time":"2025-12-25 16:27:24","tokens":99}
{"duration":"8.8918ms","level":"info","method":"POST","msg":"请求处理完成","path":"/employee/login","request_id":"30cb1038-534b-470a-add4-1a0e8acc0b69","status":200,"time":"2025-12-25 16:27:24"}
{"level":"debug","msg":"限流器状态","name":"local","time":"2025-12-25 16:28:05","tokens":99}
{"duration":"2.5089ms","level":"info","method":"POST","msg":"请求处理完成","path":"/employee/login","request_id":"f8066c4b-069a-4cf8-9382-25dee927ef59","status":200,"time":"2025-12-25 16:28:05"}
{"level":"debug","msg":"限流器状态","name":"local","time":"2025-12-25 16:28:08","tokens":99}
{"duration":"18.7716ms","level":"info","method":"GET","msg":"请求处理完成","path":"/employee/get/pick_up_code","request_id":"a518010c-1110-4579-a315-7c697def3b89","status":400,"time":"2025-12-25 16:28:08"}
{"level":"debug","msg":"限流器状态","name":"local","time":"2025-12-25 16:29:13","tokens":99}
{"duration":"23.8384ms","level":"info","method":"GET","msg":"请求处理完成","path":"/employee/get/all","request_id":"f8ff9a38-e308-4595-bfea-d9716392faa1","status":200,"time":"2025-12-25 16:29:13"}
{"level":"debug","msg":"限流器状态","name":"local","time":"2025-12-25 16:29:29","tokens":99}
{"duration":"29.0564ms","level":"info","method":"GET","msg":"请求处理完成","path":"/employee/get/pick_up_code","request_id":"2a2c8539-b958-406e-bddb-aaf91dafe47b","status":200,"time":"2025-12-25 16:29:29"}
{"level":"debug","msg":"限流器状态","name":"local","time":"2025-12-25 16:32:13","tokens":99}
{"duration":"82.5766ms","level":"info","method":"GET","msg":"请求处理完成","path":"/employee/get/pick_up_code","request_id":"ee56d499-9fa1-4a32-9c87-020b830dab46","status":200,"time":"2025-12-25 16:32:13"}
{"level":"debug","msg":"限流器状态","name":"local","time":"2025-12-25 16:32:26","tokens":99}
{"duration":"19.9186ms","level":"info","method":"GET","msg":"请求处理完成","path":"/employee/get/all","request_id":"d55e2eab-3380-4f31-b030-4fe1b2086157","status":200,"time":"2025-12-25 16:32:26"}
{"level":"info","msg":"数据库表创建成功","time":"2025-12-25 16:36:34"}
{"level":"info","mode":"debug","msg":"服务器启动","time":"2025-12-25 16:36:34"}
{"level":"debug","msg":"限流器状态","name":"local","time":"2025-12-25 16:36:53","tokens":99}
{"duration":"19.9095ms","level":"info","method":"GET","msg":"请求处理完成","path":"/employee/get/all","request_id":"2d931fbd-9068-4614-99a3-8a17cd4b692b","status":200,"time":"2025-12-25 16:36:53"}
{"level":"debug","msg":"限流器状态","name":"local","time":"2025-12-25 16:37:43","tokens":99}
{"duration":"18.666ms","level":"info","method":"PUT","msg":"请求处理完成","path":"/employee/update/luggage","request_id":"69c775b3-115b-404c-938d-b6cbc54b7692","status":200,"time":"2025-12-25 16:37:43"}
{"level":"debug","msg":"限流器状态","name":"local","time":"2025-12-25 16:38:58","tokens":99}
{"duration":"146.5913ms","level":"info","method":"PUT","msg":"请求处理完成","path":"/employee/update/luggageStorage","request_id":"04ccfb4c-5f6c-4b22-8c06-22519490e9fc","status":200,"time":"2025-12-25 16:38:59"}
{"level":"debug","msg":"限流器状态","name":"local","time":"2025-12-25 16:39:02","tokens":99}
{"duration":"18.2871ms","level":"info","method":"GET","msg":"请求处理完成","path":"/employee/get/all","request_id":"b619fa8b-1f8e-4cc1-825b-872de1c7b20e","status":200,"time":"2025-12-25 16:39:02"}
{"level":"info","msg":"数据库表创建成功","time":"2025-12-25 16:41:17"}
{"level":"info","mode":"debug","msg":"服务器启动","time":"2025-12-25 16:41:17"}
{"level":"debug","msg":"限流器状态","name":"local","time":"2025-12-25 16:41:34","tokens":99}
{"duration":"16.5672ms","level":"info","method":"GET","msg":"请求处理完成","path":"/employee/get/guest_id","request_id":"1b794721-8bd5-4c1e-8254-0698e7eb1887","status":200,"time":"2025-12-25 16:41:34"}
{"level":"debug","msg":"限流器状态","name":"local","time":"2025-12-25 16:42:19","tokens":99}
{"duration":"15.892ms","level":"info","method":"GET","msg":"请求处理完成","path":"/employee/get/guest_id","request_id":"02abc055-cd77-47b3-8302-a7b13a954660","status":200,"time":"2025-12-25 16:42:19"}
{"level":"info","msg":"数据库表创建成功","time":"2025-12-25 16:44:31"}
{"level":"info","mode":"debug","msg":"服务器启动","time":"2025-12-25 16:44:31"}
{"level":"debug","msg":"限流器状态","name":"local","time":"2025-12-25 16:44:42","tokens":99}
{"duration":"614.9µs","level":"info","method":"GET","msg":"请求处理完成","path":"/employee/get/name","request_id":"bc38c12a-6396-4e54-8178-54a0e7843bb7","status":401,"time":"2025-12-25 16:44:42"}
{"level":"debug","msg":"限流器状态","name":"local","time":"2025-12-25 16:44:45","tokens":99}
{"duration":"17.3576ms","level":"info","method":"POST","msg":"请求处理完成","path":"/employee/login","request_id":"4a818e8c-cb9e-4c47-bc00-7460e89decda","status":200,"time":"2025-12-25 16:44:45"}
{"level":"debug","msg":"限流器状态","name":"local","time":"2025-12-25 16:44:47","tokens":99}
{"error":"Error 1054 (42S22): Unknown column 'guest_name' in 'where clause'","level":"error","msg":"获取数据失败","time":"2025-12-25 16:44:47"}
{"duration":"16.5105ms","level":"info","method":"GET","msg":"请求处理完成","path":"/employee/get/name","request_id":"e6ca742b-e617-451a-8388-1d53a03913ce","status":500,"time":"2025-12-25 16:44:47"}
{"level":"info","msg":"数据库表创建成功","time":"2025-12-25 16:59:44"}
{"level":"info","mode":"debug","msg":"服务器启动","time":"2025-12-25 16:59:44"}
{"error":"MISCONF Redis is configured to save RDB snapshots, but it's currently unable to persist to disk. Commands that may modify the data set are disabled, because this instance is configured to report errors during writes if RDB snapshotting fails (stop-writes-on-bgsave-error option). Please check the Redis logs for details about the RDB error. script: 28e2beabd17123c3991c66f202d51fd23c624dbc, on @user_script:26.","level":"error","msg":"限流器执行脚本失败","name":"local","time":"2025-12-25 16:59:47"}
{"client_ip":"::1","level":"warning","msg":"请求过于频繁","time":"2025-12-25 16:59:47"}
{"duration":"989µs","level":"info","method":"GET","msg":"请求处理完成","path":"/employee/get/name","request_id":"1e1cf4c2-338b-4465-bef0-38a797b16a68","status":429,"time":"2025-12-25 16:59:47"}
{"level":"debug","msg":"限流器状态","name":"local","time":"2025-12-25 17:04:07","tokens":99}
{"duration":"26.2321ms","level":"info","method":"GET","msg":"请求处理完成","path":"/employee/get/name","request_id":"89c1414e-6f0c-4b75-96ac-ad238fa0d06c","status":401,"time":"2025-12-25 17:04:07"}
{"level":"debug","msg":"限流器状态","name":"local","time":"2025-12-25 17:04:11","tokens":99}
{"duration":"6.8256ms","level":"info","method":"POST","msg":"请求处理完成","path":"/employee/login","request_id":"89be11c1-b6f5-43ab-8359-12efcc25e0dc","status":200,"time":"2025-12-25 17:04:11"}
{"level":"debug","msg":"限流器状态","name":"local","time":"2025-12-25 17:04:14","tokens":99}
{"error":"Error 1054 (42S22): Unknown column 'Guest.Name' in 'where clause'","level":"error","msg":"获取数据失败","time":"2025-12-25 17:04:14"}
{"duration":"18.4074ms","level":"info","method":"GET","msg":"请求处理完成","path":"/employee/get/name","request_id":"854123ff-fdda-445a-bd80-7191df675b09","status":500,"time":"2025-12-25 17:04:14"}
{"level":"info","msg":"数据库表创建成功","time":"2025-12-25 17:17:35"}
{"level":"info","mode":"debug","msg":"服务器启动","time":"2025-12-25 17:17:35"}
{"level":"debug","msg":"限流器状态","name":"local","time":"2025-12-25 17:17:37","tokens":99}
{"duration":"18.9232ms","level":"info","method":"GET","msg":"请求处理完成","path":"/employee/get/name","request_id":"037b5961-d1b3-42e5-a8a5-a06b2ed91853","status":200,"time":"2025-12-25 17:17:37"}
{"level":"info","msg":"数据库表创建成功","time":"2025-12-25 17:20:55"}
{"level":"info","mode":"debug","msg":"服务器启动","time":"2025-12-25 17:20:55"}
{"level":"debug","msg":"限流器状态","name":"local","time":"2025-12-25 17:21:00","tokens":99}
{"duration":"1.0274ms","level":"info","method":"GET","msg":"请求处理完成","path":"/employee/get/name","request_id":"6a5057b9-bc8c-4f18-b68b-dcf105433c76","status":401,"time":"2025-12-25 17:21:00"}
{"level":"debug","msg":"限流器状态","name":"local","time":"2025-12-25 17:21:04","tokens":99}
{"duration":"7.1808ms","level":"info","method":"POST","msg":"请求处理完成","path":"/employee/login","request_id":"fbf43f6f-b7e1-4ce2-a149-c70be76289b0","status":200,"time":"2025-12-25 17:21:04"}
{"level":"debug","msg":"限流器状态","name":"local","time":"2025-12-25 17:21:07","tokens":99}
{"duration":"19.3798ms","level":"info","method":"GET","msg":"请求处理完成","path":"/employee/get/name","request_id":"5c196989-f732-4fa4-aa8c-79a9a945862e","status":200,"time":"2025-12-25 17:21:07"}
{"level":"debug","msg":"限流器状态","name":"local","time":"2025-12-25 17:21:32","tokens":99}
{"duration":"17.2198ms","level":"info","method":"GET","msg":"请求处理完成","path":"/employee/get/name","request_id":"33923fdc-ee23-4ee0-aa4a-58eb8f3e190d","status":200,"time":"2025-12-25 17:21:32"}
{"level":"info","msg":"数据库表创建成功","time":"2025-12-26 08:40:16"}
{"level":"info","mode":"debug","msg":"服务器启动","time":"2025-12-26 08:40:18"}
{"level":"debug","msg":"限流器状态","name":"local","time":"2025-12-26 08:40:50","tokens":99}
{"duration":"12.6541ms","level":"info","method":"POST","msg":"请求处理完成","path":"/employee/login","request_id":"e29a504b-8242-410d-871c-7a32bc8cdde6","status":200,"time":"2025-12-26 08:40:50"}
{"level":"debug","msg":"限流器状态","name":"local","time":"2025-12-26 08:40:57","tokens":99}
{"duration":"53.0086ms","level":"info","method":"GET","msg":"请求处理完成","path":"/employee/get/all","request_id":"eed25eb1-65d6-4374-ac38-56ba24ebe548","status":200,"time":"2025-12-26 08:40:57"}
{"level":"debug","msg":"限流器状态","name":"local","time":"2025-12-26 08:41:44","tokens":99}
{"duration":"148.6519ms","level":"info","method":"PUT","msg":"请求处理完成","path":"/employee/update/luggageStorage","request_id":"a49a9e48-d6a5-4970-8ea0-c3ce46b47492","status":200,"time":"2025-12-26 08:41:44"}
{"level":"debug","msg":"限流器状态","name":"local","time":"2025-12-26 08:41:56","tokens":99}
{"duration":"24.2198ms","level":"info","method":"GET","msg":"请求处理完成","path":"/employee/get/all","request_id":"c8ba47a4-327d-4d3a-a461-7c2544ac92fd","status":200,"time":"2025-12-26 08:41:56"}
{"level":"debug","msg":"限流器状态","name":"local","time":"2025-12-26 08:44:10","tokens":99}
{"duration":"16.383ms","level":"info","method":"GET","msg":"请求处理完成","path":"/employee/get/all","request_id":"980d75b8-f2d7-4cc2-ba3a-cb03f22c5a5e","status":200,"time":"2025-12-26 08:44:10"}
{"level":"info","msg":"数据库表创建成功","time":"2025-12-26 08:53:44"}
{"level":"info","mode":"debug","msg":"服务器启动","time":"2025-12-26 08:53:44"}
{"level":"info","msg":"数据库表创建成功","time":"2025-12-26 08:54:21"}
{"level":"info","mode":"debug","msg":"服务器启动","time":"2025-12-26 08:54:21"}
{"level":"debug","msg":"限流器状态","name":"local","time":"2025-12-26 08:54:27","tokens":99}
{"duration":"7.0964ms","level":"info","method":"POST","msg":"请求处理完成","path":"/employee/login","request_id":"d78bc295-9784-4ea5-a7b5-03754a97603d","status":200,"time":"2025-12-26 08:54:27"}
{"level":"debug","msg":"限流器状态","name":"local","time":"2025-12-26 08:54:30","tokens":99}
{"duration":"15.0144ms","level":"info","method":"GET","msg":"请求处理完成","path":"/employee/get/all","request_id":"8fb8f5dd-3874-4d1c-926c-7d482b327c50","status":200,"time":"2025-12-26 08:54:30"}
{"level":"debug","msg":"限流器状态","name":"local","time":"2025-12-26 08:54:37","tokens":99}
{"duration":"29.9361ms","level":"info","method":"PUT","msg":"请求处理完成","path":"/employee/update/luggageStorage","request_id":"53aff5b6-9ed7-4077-a14e-8e51a7610098","status":200,"time":"2025-12-26 08:54:37"}
{"level":"debug","msg":"限流器状态","name":"local","time":"2025-12-26 08:54:50","tokens":99}
{"duration":"16.2999ms","level":"info","method":"GET","msg":"请求处理完成","path":"/employee/get/all","request_id":"6eb9114d-fbda-4217-9d6a-cd6c4d7f50bc","status":200,"time":"2025-12-26 08:54:50"}
{"level":"info","msg":"数据库表创建成功","time":"2025-12-26 09:01:50"}
{"level":"info","mode":"debug","msg":"服务器启动","time":"2025-12-26 09:01:50"}
{"level":"debug","msg":"限流器状态","name":"local","time":"2025-12-26 09:01:54","tokens":99}
{"duration":"24.1004ms","level":"info","method":"PUT","msg":"请求处理完成","path":"/employee/update/luggage","request_id":"b0c453a4-6f5e-4e27-8302-cd0f5f440610","status":200,"time":"2025-12-26 09:01:54"}
{"level":"debug","msg":"限流器状态","name":"local","time":"2025-12-26 09:02:00","tokens":99}
{"duration":"13.4194ms","level":"info","method":"GET","msg":"请求处理完成","path":"/employee/get/all","request_id":"8946b86c-7db9-45b4-a6ec-b2c4d1dd3028","status":200,"time":"2025-12-26 09:02:00"}
{"level":"info","msg":"数据库表创建成功","time":"2025-12-26 09:09:45"}
{"level":"info","mode":"debug","msg":"服务器启动","time":"2025-12-26 09:09:45"}
{"level":"debug","msg":"限流器状态","name":"local","time":"2025-12-26 09:09:51","tokens":99}
{"duration":"889.7µs","level":"info","method":"GET","msg":"请求处理完成","path":"/employee/get/location","request_id":"5a410f77-6f74-43bc-9f4b-0bb68e096cfe","status":401,"time":"2025-12-26 09:09:51"}
{"level":"debug","msg":"限流器状态","name":"local","time":"2025-12-26 09:09:55","tokens":99}
{"duration":"7.1219ms","level":"info","method":"POST","msg":"请求处理完成","path":"/employee/login","request_id":"c1594967-3a6f-4a8b-8196-08b74c6a524d","status":200,"time":"2025-12-26 09:09:55"}
{"level":"debug","msg":"限流器状态","name":"local","time":"2025-12-26 09:09:58","tokens":99}
{"error":"Error 1054 (42S22): Unknown column 'name' in 'where clause'","level":"error","msg":"获取数据失败","time":"2025-12-26 09:09:58"}
{"duration":"11.6697ms","level":"info","method":"GET","msg":"请求处理完成","path":"/employee/get/location","request_id":"6e4dc5e1-c8ad-428d-a932-bd29a6ca4a3b","status":500,"time":"2025-12-26 09:09:58"}
{"level":"info","msg":"数据库表创建成功","time":"2025-12-26 09:11:01"}
{"level":"info","mode":"debug","msg":"服务器启动","time":"2025-12-26 09:11:01"}
{"level":"debug","msg":"限流器状态","name":"local","time":"2025-12-26 09:11:04","tokens":99}
{"duration":"14.9796ms","level":"info","method":"GET","msg":"请求处理完成","path":"/employee/get/location","request_id":"f0cba588-4f23-4d0a-aa45-e0120055cba0","status":200,"time":"2025-12-26 09:11:04"}
{"level":"debug","msg":"限流器状态","name":"local","time":"2025-12-26 09:11:18","tokens":99}
{"duration":"24.2583ms","level":"info","method":"GET","msg":"请求处理完成","path":"/employee/get/name","request_id":"431862af-29d6-4226-8df0-b1ff996b1707","status":200,"time":"2025-12-26 09:11:18"}
{"level":"info","msg":"数据库表创建成功","time":"2025-12-26 09:14:02"}
{"level":"info","mode":"debug","msg":"服务器启动","time":"2025-12-26 09:14:02"}
{"level":"debug","msg":"限流器状态","name":"local","time":"2025-12-26 09:14:04","tokens":99}
{"duration":"19.3954ms","level":"info","method":"GET","msg":"请求处理完成","path":"/employee/get/location","request_id":"e3ea0a99-63d5-4656-b768-882d7f7b99e4","status":200,"time":"2025-12-26 09:14:04"}
{"level":"debug","msg":"限流器状态","name":"local","time":"2025-12-26 09:14:41","tokens":99}
{"duration":"22.0888ms","level":"info","method":"GET","msg":"请求处理完成","path":"/employee/get/location","request_id":"2e375694-5081-4d08-b9ff-25620d294595","status":200,"time":"2025-12-26 09:14:41"}
{"level":"info","msg":"数据库表创建成功","time":"2025-12-26 09:26:05"}
{"level":"info","mode":"debug","msg":"服务器启动","time":"2025-12-26 09:26:05"}
{"level":"debug","msg":"限流器状态","name":"local","time":"2025-12-26 09:26:21","tokens":99}
{"duration":"0s","level":"info","method":"POST","msg":"请求处理完成","path":"/tool/delete/role","request_id":"77d5b678-1065-43e9-9c82-2c98119711c0","status":401,"time":"2025-12-26 09:26:21"}
{"level":"debug","msg":"限流器状态","name":"local","time":"2025-12-26 09:26:28","tokens":99}
{"duration":"0s","level":"info","method":"GET","msg":"请求处理完成","path":"/tool/get/role","request_id":"7057369b-fbb2-4e6e-bd8c-a6cde5794586","status":401,"time":"2025-12-26 09:26:28"}
{"level":"debug","msg":"限流器状态","name":"local","time":"2025-12-26 09:26:30","tokens":99}
{"duration":"7.5585ms","level":"info","method":"POST","msg":"请求处理完成","path":"/employee/login","request_id":"bd2eec0c-dfbf-4b13-a10a-818009a12c1b","status":200,"time":"2025-12-26 09:26:30"}
{"level":"debug","msg":"限流器状态","name":"local","time":"2025-12-26 09:26:32","tokens":99}
{"duration":"17.9143ms","level":"info","method":"GET","msg":"请求处理完成","path":"/tool/get/role","request_id":"f97f9cf1-fbb8-4d62-acf8-023599f317fe","status":200,"time":"2025-12-26 09:26:32"}
{"level":"debug","msg":"限流器状态","name":"local","time":"2025-12-26 09:26:58","tokens":99}
{"duration":"22.6137ms","level":"info","method":"POST","msg":"请求处理完成","path":"/tool/add/role","request_id":"d2c64df4-7848-4c82-a01d-54c4920a7745","status":200,"time":"2025-12-26 09:26:58"}
{"level":"debug","msg":"限流器状态","name":"local","time":"2025-12-26 09:27:04","tokens":99}
{"duration":"71.431ms","level":"info","method":"GET","msg":"请求处理完成","path":"/tool/get/role","request_id":"db275d33-239a-4b2b-8a1d-4c1d39f879ca","status":200,"time":"2025-12-26 09:27:04"}
{"level":"info","msg":"数据库表创建成功","time":"2025-12-26 09:39:34"}
{"level":"info","mode":"debug","msg":"服务器启动","time":"2025-12-26 09:39:35"}
{"level":"debug","msg":"限流器状态","name":"local","time":"2025-12-26 09:39:40","tokens":99}
{"duration":"7.6489ms","level":"info","method":"POST","msg":"请求处理完成","path":"/employee/login","request_id":"1bb46841-d3b8-45f1-93e2-574c1788cdc4","status":200,"time":"2025-12-26 09:39:40"}
{"level":"debug","msg":"限流器状态","name":"local","time":"2025-12-26 09:39:42","tokens":99}
{"duration":"21.053ms","level":"info","method":"GET","msg":"请求处理完成","path":"/tool/get/employee","request_id":"7a1a706a-8e39-477e-901b-626bccb4f0db","status":200,"time":"2025-12-26 09:39:42"}
{"level":"debug","msg":"限流器状态","name":"local","time":"2025-12-26 09:39:56","tokens":99}
{"duration":"20.6103ms","level":"info","method":"POST","msg":"请求处理完成","path":"/tool/add/employee","request_id":"96f7a6fd-2368-41ea-8540-4569c5848d02","status":201,"time":"2025-12-26 09:39:56"}
{"level":"debug","msg":"限流器状态","name":"local","time":"2025-12-26 09:40:13","tokens":99}
{"duration":"14.9978ms","level":"info","method":"GET","msg":"请求处理完成","path":"/tool/get/employee","request_id":"36f44f35-f18a-42db-a808-80b48c150f92","status":200,"time":"2025-12-26 09:40:13"}
{"level":"debug","msg":"限流器状态","name":"local","time":"2025-12-26 09:40:27","tokens":99}
{"duration":"43.5851ms","level":"info","method":"POST","msg":"请求处理完成","path":"/tool/change/employee_role","request_id":"0858d5f5-61bf-4a12-8aa0-dafa5984bf5d","status":200,"time":"2025-12-26 09:40:27"}
{"level":"debug","msg":"限流器状态","name":"local","time":"2025-12-26 09:40:30","tokens":99}
{"duration":"19.3387ms","level":"info","method":"GET","msg":"请求处理完成","path":"/tool/get/employee","request_id":"76fa1f08-53d1-4acf-a88f-a682c7d27bf0","status":200,"time":"2025-12-26 09:40:30"}
{"level":"info","msg":"数据库表创建成功","time":"2025-12-26 18:48:31"}
{"level":"info","mode":"debug","msg":"服务器启动","time":"2025-12-26 18:48:33"}
{"level":"debug","msg":"限流器状态","name":"local","time":"2025-12-26 18:48:53","tokens":99}
{"duration":"13.3107ms","level":"info","method":"POST","msg":"请求处理完成","path":"/employee/login","request_id":"46cfd5d3-3aef-4824-95c0-21f77a728482","status":200,"time":"2025-12-26 18:48:53"}
{"level":"debug","msg":"限流器状态","name":"local","time":"2025-12-26 18:49:04","tokens":99}
{"duration":"1.5055ms","level":"info","method":"POST","msg":"请求处理完成","path":"/employee/photo/upload","request_id":"2e46c944-87ac-4146-bf86-3cfb91b3abd0","status":401,"time":"2025-12-26 18:49:04"}
{"level":"debug","msg":"限流器状态","name":"local","time":"2025-12-26 18:49:43","tokens":99}
{"duration":"16.1302ms","level":"info","method":"POST","msg":"请求处理完成","path":"/employee/photo/upload","request_id":"8fcf6a49-4c52-4b2f-821c-0da1ef2e74ff","status":200,"time":"2025-12-26 18:49:43"}
{"level":"debug","msg":"限流器状态","name":"local","time":"2025-12-26 18:55:48","tokens":99}
{"duration":"13.4261ms","level":"info","method":"POST","msg":"请求处理完成","path":"/employee/photo/upload","request_id":"f141e9c1-bb09-4349-95f2-006b1ec8864d","status":200,"time":"2025-12-26 18:55:48"}
{"level":"debug","msg":"限流器状态","name":"local","time":"2025-12-26 19:15:41","tokens":99}
{"duration":"634µs","level":"info","method":"GET","msg":"请求处理完成","path":"/employee/photo/get_all","request_id":"643028af-948a-4234-b520-26565caead38","status":401,"time":"2025-12-26 19:15:41"}
{"level":"debug","msg":"限流器状态","name":"local","time":"2025-12-26 19:16:03","tokens":99}
{"duration":"1.0045ms","level":"info","method":"GET","msg":"请求处理完成","path":"/employee/photo/get_all","request_id":"2078c711-a18a-47f0-bac3-553b99cf1ae2","status":401,"time":"2025-12-26 19:16:03"}
{"level":"debug","msg":"限流器状态","name":"local","time":"2025-12-26 19:16:09","tokens":99}
{"duration":"3.5205ms","level":"info","method":"POST","msg":"请求处理完成","path":"/employee/login","request_id":"3c9add87-1ef5-4a7f-bfda-04641bcac4f1","status":200,"time":"2025-12-26 19:16:09"}
{"level":"debug","msg":"限流器状态","name":"local","time":"2025-12-26 19:16:11","tokens":99}
{"error":"Error 1146 (42S02): Table 'study.photos' doesn't exist","level":"error","msg":"查询照片失败","time":"2025-12-26 19:16:11"}
{"duration":"10.7846ms","level":"info","method":"GET","msg":"请求处理完成","path":"/employee/photo/get_all","request_id":"ddc01f75-218d-43a4-ac71-36295be143a9","status":500,"time":"2025-12-26 19:16:11"}
{"level":"info","msg":"数据库表创建成功","time":"2025-12-26 19:17:23"}
{"level":"info","mode":"debug","msg":"服务器启动","time":"2025-12-26 19:17:23"}
{"level":"debug","msg":"限流器状态","name":"local","time":"2025-12-26 19:17:50","tokens":99}
{"duration":"15.1594ms","level":"info","method":"GET","msg":"请求处理完成","path":"/employee/photo/get_all","request_id":"f5152e8a-69e0-4137-aedd-2d2f78d30ad9","status":200,"time":"2025-12-26 19:17:50"}
{"level":"debug","msg":"限流器状态","name":"local","time":"2025-12-26 19:17:57","tokens":99}
{"duration":"15.5808ms","level":"info","method":"POST","msg":"请求处理完成","path":"/employee/photo/upload","request_id":"16628bfc-bc8b-4163-b569-693587ca16ce","status":200,"time":"2025-12-26 19:17:57"}
{"level":"debug","msg":"限流器状态","name":"local","time":"2025-12-26 19:18:02","tokens":99}
{"duration":"11.6249ms","level":"info","method":"GET","msg":"请求处理完成","path":"/employee/photo/get_all","request_id":"4c5340ec-e5e7-45be-afbb-ba40a099ebd2","status":200,"time":"2025-12-26 19:18:02"}
{"level":"debug","msg":"限流器状态","name":"local","time":"2025-12-26 19:25:41","tokens":99}
{"duration":"3.1788ms","level":"info","method":"POST","msg":"请求处理完成","path":"/employee/login","request_id":"4f48a0ec-36e8-4681-8d0c-ba794ab913d7","status":200,"time":"2025-12-26 19:25:41"}
{"level":"debug","msg":"限流器状态","name":"local","time":"2025-12-26 19:25:45","tokens":99}
{"duration":"12.2586ms","level":"info","method":"GET","msg":"请求处理完成","path":"/employee/photo/get_all","request_id":"6313a035-a05b-47d4-a0c1-2bf4c301fe54","status":200,"time":"2025-12-26 19:25:45"}
{"level":"debug","msg":"限流器状态","name":"local","time":"2025-12-26 19:25:53","tokens":99}
{"duration":"507.9µs","level":"info","method":"GET","msg":"请求处理完成","path":"/employee/photo/download","request_id":"da7f89e7-e8ed-4b67-8523-a72f94c5c134","status":401,"time":"2025-12-26 19:25:53"}
{"level":"debug","msg":"限流器状态","name":"local","time":"2025-12-26 19:26:10","tokens":99}
{"duration":"10.9766ms","level":"info","method":"GET","msg":"请求处理完成","path":"/employee/photo/download","request_id":"a447aaf9-c5de-4e24-a0cf-54d9d8704348","status":400,"time":"2025-12-26 19:26:10"}
{"level":"debug","msg":"限流器状态","name":"local","time":"2025-12-26 19:27:03","tokens":99}
{"duration":"11.7481ms","level":"info","method":"GET","msg":"请求处理完成","path":"/employee/photo/download","request_id":"fefe8e8d-3c83-4f43-acf9-4bdc4dfdf160","status":400,"time":"2025-12-26 19:27:03"}
{"level":"info","msg":"数据库表创建成功","time":"2025-12-26 19:35:26"}
{"level":"info","mode":"debug","msg":"服务器启动","time":"2025-12-26 19:35:26"}
{"level":"debug","msg":"限流器状态","name":"local","time":"2025-12-26 19:37:00","tokens":99}
{"duration":"14.0137ms","level":"info","method":"GET","msg":"请求处理完成","path":"/employee/photo/get_all","request_id":"e5edb8b6-472d-4508-be8f-722b528c28bf","status":200,"time":"2025-12-26 19:37:00"}
{"level":"debug","msg":"限流器状态","name":"local","time":"2025-12-26 19:37:07","tokens":99}
{"duration":"1.5092ms","level":"info","method":"GET","msg":"请求处理完成","path":"/employee/download/20251226191757_abcdef.png","request_id":"b5f01202-8839-4447-8a13-860a35b8c0a8","status":404,"time":"2025-12-26 19:37:07"}
{"level":"info","msg":"数据库表创建成功","time":"2025-12-26 19:37:34"}
{"level":"info","mode":"debug","msg":"服务器启动","time":"2025-12-26 19:37:34"}
{"level":"debug","msg":"限流器状态","name":"local","time":"2025-12-26 19:38:21","tokens":99}
{"duration":"0s","level":"info","method":"GET","msg":"请求处理完成","path":"/employee/download/20251226191757_abcdef.png","request_id":"ef60edcb-18e3-47be-8f56-aad807a7a3b8","status":404,"time":"2025-12-26 19:38:21"}
{"level":"debug","msg":"限流器状态","name":"local","time":"2025-12-26 19:40:16","tokens":99}
{"duration":"67.4931ms","level":"info","method":"GET","msg":"请求处理完成","path":"/employee/photo/download/20251226191757_abcdef.png","request_id":"45a37015-149f-41c1-8c1a-52239dbf43d7","status":200,"time":"2025-12-26 19:40:16"}
{"level":"debug","msg":"限流器状态","name":"local","time":"2025-12-26 19:42:20","tokens":99}
{"duration":"1.1187ms","level":"info","method":"GET","msg":"请求处理完成","path":"/employee/photo/download/20251226191757_abcdef.png","request_id":"04005973-009b-4782-a0b8-deb6c4ee65f7","status":401,"time":"2025-12-26 19:42:20"}
{"level":"debug","msg":"限流器状态","name":"local","time":"2025-12-26 19:42:24","tokens":99}
{"duration":"4.501ms","level":"info","method":"POST","msg":"请求处理完成","path":"/employee/login","request_id":"87613b3c-85fc-4971-9d86-650349bf2c99","status":200,"time":"2025-12-26 19:42:24"}
{"level":"debug","msg":"限流器状态","name":"local","time":"2025-12-26 19:42:26","tokens":99}
{"duration":"12.7373ms","level":"info","method":"GET","msg":"请求处理完成","path":"/employee/photo/download/20251226191757_abcdef.png","request_id":"284d4639-d69c-4328-b2db-b33089c90358","status":200,"time":"2025-12-26 19:42:26"}
{"level":"info","msg":"数据库表创建成功","time":"2025-12-27 13:36:56"}
{"level":"info","mode":"debug","msg":"服务器启动","time":"2025-12-27 13:36:58"}
{"level":"debug","msg":"限流器状态","name":"local","time":"2025-12-27 13:37:06","tokens":99}
{"duration":"7.6861ms","level":"info","method":"GET","msg":"请求处理完成","path":"/employee/photo/get_all","request_id":"bebc4db6-60c4-4b5f-b051-059ac8b1c4cc","status":401,"time":"2025-12-27 13:37:06"}
{"level":"debug","msg":"限流器状态","name":"local","time":"2025-12-27 13:37:13","tokens":99}
{"duration":"7.8794ms","level":"info","method":"POST","msg":"请求处理完成","path":"/employee/login","request_id":"8ff85f01-6e7b-45b4-bfcc-3f9c32455df2","status":200,"time":"2025-12-27 13:37:13"}
{"level":"debug","msg":"限流器状态","name":"local","time":"2025-12-27 13:37:28","tokens":99}
{"duration":"3.2245ms","level":"info","method":"POST","msg":"请求处理完成","path":"/employee/login","request_id":"a3caa5b4-a055-4962-90bf-7a6e377635b6","status":200,"time":"2025-12-27 13:37:28"}
{"level":"debug","msg":"限流器状态","name":"local","time":"2025-12-27 13:37:38","tokens":99}
{"duration":"56.6075ms","level":"info","method":"GET","msg":"请求处理完成","path":"/employee/photo/download/20251226191757_abcdef.png","request_id":"7f439a7a-a13b-4548-bed3-76202dda6a0e","status":200,"time":"2025-12-27 13:37:38"}
{"level":"debug","msg":"限流器状态","name":"local","time":"2025-12-27 13:37:44","tokens":99}
{"duration":"14.7003ms","level":"info","method":"GET","msg":"请求处理完成","path":"/employee/photo/get_all","request_id":"ed6de22e-4881-474e-9810-d0177d5e1891","status":200,"time":"2025-12-27 13:37:44"}
{"level":"debug","msg":"限流器状态","name":"local","time":"2025-12-27 13:38:21","tokens":99}
{"duration":"11.5232ms","level":"info","method":"GET","msg":"请求处理完成","path":"/employee/get/all","request_id":"c598853b-0433-4fbd-b05c-c70bdf37675e","status":200,"time":"2025-12-27 13:38:21"}
{"level":"info","msg":"数据库表创建成功","time":"2025-12-27 13:38:56"}
{"level":"info","mode":"debug","msg":"服务器启动","time":"2025-12-27 13:38:56"}
{"level":"debug","msg":"限流器状态","name":"local","time":"2025-12-27 13:38:58","tokens":99}
{"error":"Photo: unsupported relations for schema LuggageStorage","level":"error","msg":"获取行李失败","time":"2025-12-27 13:38:58"}
{"duration":"11.599ms","level":"info","method":"GET","msg":"请求处理完成","path":"/employee/get/all","request_id":"80ea2790-5fc1-4a2e-a941-4dd63338d2aa","status":500,"time":"2025-12-27 13:38:58"}
{"level":"info","msg":"数据库表创建成功","time":"2025-12-27 13:39:33"}
{"level":"info","mode":"debug","msg":"服务器启动","time":"2025-12-27 13:39:33"}
{"level":"debug","msg":"限流器状态","name":"local","time":"2025-12-27 13:39:35","tokens":99}
{"duration":"22.9028ms","level":"info","method":"GET","msg":"请求处理完成","path":"/employee/get/all","request_id":"0c97551c-871c-41cf-ae97-483b59e127e6","status":200,"time":"2025-12-27 13:39:35"}
{"level":"debug","msg":"限流器状态","name":"local","time":"2025-12-27 13:39:48","tokens":99}
{"duration":"30.494ms","level":"info","method":"POST","msg":"请求处理完成","path":"/employee/photo/touch","request_id":"d26b7b3b-dc84-4053-88a9-1715edb4675a","status":400,"time":"2025-12-27 13:39:48"}
{"level":"debug","msg":"限流器状态","name":"local","time":"2025-12-27 13:40:54","tokens":99}
{"duration":"13.1582ms","level":"info","method":"POST","msg":"请求处理完成","path":"/employee/photo/touch","request_id":"4184361f-03ac-43eb-88ee-b78cfbf49988","status":200,"time":"2025-12-27 13:40:54"}
{"level":"debug","msg":"限流器状态","name":"local","time":"2025-12-27 13:40:58","tokens":99}
{"duration":"14.1786ms","level":"info","method":"GET","msg":"请求处理完成","path":"/employee/get/all","request_id":"1953ec8b-e4ba-423b-a209-e84e45fec8d9","status":200,"time":"2025-12-27 13:40:58"}
{"level":"debug","msg":"限流器状态","name":"local","time":"2025-12-27 13:41:57","tokens":99}
{"duration":"4.9368ms","level":"info","method":"GET","msg":"请求处理完成","path":"/employee/photo/get_all","request_id":"fa2f9399-8936-4d11-83cf-1fca968ee747","status":200,"time":"2025-12-27 13:41:57"}
{"level":"debug","msg":"限流器状态","name":"local","time":"2025-12-27 13:42:00","tokens":99}
{"duration":"14.4408ms","level":"info","method":"GET","msg":"请求处理完成","path":"/employee/get/all","request_id":"fbda9e84-b005-4f07-bd30-58bfb8454d1a","status":200,"time":"2025-12-27 13:42:00"}
{"level":"info","msg":"数据库表创建成功","time":"2025-12-27 13:58:12"}
{"level":"info","mode":"debug","msg":"服务器启动","time":"2025-12-27 13:58:14"}
{"level":"info","msg":"数据库表创建成功","time":"2025-12-27 14:07:14"}
{"level":"info","mode":"debug","msg":"服务器启动","time":"2025-12-27 14:07:16"}
{"level":"info","msg":"数据库表创建成功","time":"2025-12-27 14:11:42"}
{"level":"info","mode":"release","msg":"服务器启动","time":"2025-12-27 14:11:44"}
{"level":"info","msg":"数据库表创建成功","time":"2025-12-27 14:13:16"}
{"level":"info","mode":"release","msg":"服务器启动","time":"2025-12-27 14:13:18"}
{"level":"info","msg":"数据库表创建成功","time":"2025-12-27 14:18:19"}
{"level":"info","mode":"release","msg":"服务器启动","time":"2025-12-27 14:18:21"}
time="2025-12-27 14:23:45" level=info msg="数据库表创建成功"
time="2025-12-27 14:23:47" level=info msg="服务器启动" mode=release
time="2025-12-27 14:24:40" level=info msg="数据库表创建成功"
time="2025-12-27 14:24:42" level=info msg="服务器启动" mode=release
time="2025-12-27 14:24:58" level=info msg="数据库表创建成功"
time="2025-12-27 14:25:00" level=info msg="服务器启动" mode=release
[2025-12-27 14:26:10] [INFO] 数据库表创建成功
[2025-12-27 14:26:12] [INFO] 服务器启动
[2025-12-27 14:31:07] [INFO] 数据库表创建成功
[2025-12-27 14:31:09] [INFO] 服务器启动
[2025-12-27 14:31:22] [INFO] 数据库表创建成功
[2025-12-27 14:31:24] [INFO] 服务器启动
[2025-12-27 14:31:34] [ERROR] 限流器执行脚本失败
[2025-12-27 14:31:34] [WARNING] 请求过于频繁
[2025-12-27 14:31:34] [INFO] 请求处理完成
[2025-12-27 14:31:52] [INFO] 员工登录成功
[2025-12-27 14:31:52] [INFO] 请求处理完成
[2025-12-27 14:32:15] [INFO] 数据库表创建成功
[2025-12-27 14:32:15] [INFO] 服务器启动
[2025-12-27 14:32:19] [INFO] 员工登录成功
[2025-12-27 14:32:19] [INFO] 请求处理完成
{"level":"info","msg":"数据库表创建成功","time":"2025-12-27 14:33:21"}
{"level":"info","mode":"release","msg":"服务器启动","time":"2025-12-27 14:33:21"}
[2025-12-27 14:34:08] [INFO] 数据库表创建成功
[2025-12-27 14:34:08] [INFO] 服务器启动
[2025-12-27 14:34:15] [INFO] 员工登录成功
[2025-12-27 14:34:15] [INFO] 请求处理完成
[2025-12-27 14:34:33] [INFO] 员工登录成功
[2025-12-27 14:34:33] [INFO] 请求处理完成
[2025-12-27 14:34:49] [INFO] 请求处理完成
[2025-12-27 14:34:51] [INFO] 请求处理完成
[2025-12-27 14:35:13] [INFO] 行李寄存成功
[2025-12-27 14:35:13] [INFO] 请求处理完成
[2025-12-27 14:35:53] [INFO] 数据库表创建成功
[2025-12-27 14:35:53] [INFO] 服务器启动
[2025-12-27 14:35:56] [INFO] 行李寄存成功
[2025-12-27 14:35:56] [INFO] 请求处理完成
[2025-12-27 14:37:39] [INFO] 数据库表创建成功
[2025-12-27 14:37:39] [INFO] 服务器启动 - mode=release
[2025-12-27 14:37:39] [ERROR] 服务器启动失败 - mode=release, error=listen tcp 0.0.0.0:8080: bind: Only one usage of each socket address (protocol/network address/port) is normally permitted.
[2025-12-27 14:37:42] [INFO] 行李寄存成功
[2025-12-27 14:37:42] [INFO] 请求处理完成
[2025-12-27 14:37:53] [INFO] 数据库表创建成功
[2025-12-27 14:37:53] [INFO] 服务器启动 - mode=release
[2025-12-27 14:37:53] [ERROR] 服务器启动失败 - error=listen tcp 0.0.0.0:8080: bind: Only one usage of each socket address (protocol/network address/port) is normally permitted., mode=release
[2025-12-27 14:38:25] [INFO] 数据库表创建成功
[2025-12-27 14:38:25] [INFO] 服务器启动 - mode=release
[2025-12-27 14:38:31] [INFO] 行李寄存成功 - guest_room=808, bag_count=2, operator_id=1, operator_name=, pick_up_code=796739, luggage_id=6, guest_name=张三, guest_phone=13800138000
[2025-12-27 14:38:31] [INFO] 请求处理完成 - path=/employee/add/luggageStorage, status=201, duration=19.8991ms, request_id=f748c464-46b9-4ce1-a63e-822331bfcd84, method=POST
[2025-12-27 14:39:37] [INFO] 请求处理完成 - duration=9.3581ms, request_id=a9d114c3-1a7b-4567-8315-6082fb75a134, method=GET, path=/employee/count/sum, status=200
[2025-12-27 14:40:21] [INFO] 查询所有行李成功 - result_count=6, ip_address=::1
[2025-12-27 14:40:21] [INFO] 请求处理完成 - request_id=f08d9986-4732-482c-95e9-b5a9d79898d6, method=GET, path=/employee/get/all, status=200, duration=18.2103ms
[2025-12-27 14:42:31] [INFO] 数据库表创建成功
[2025-12-27 14:42:31] [INFO] 服务器启动 - mode=release
[2025-12-27 14:42:35] [INFO] 请求处理完成 - request_id=806ab2d6-9870-4afe-99d6-dda270a514ac, method=GET, path=/employee/get/all, status=200, duration=11.391ms
[2025-12-27 14:42:52] [INFO] 数据库表创建成功
[2025-12-27 14:42:52] [INFO] 服务器启动 - mode=release
[2025-12-27 14:42:56] [INFO] 请求处理完成 - status=200, duration=56.2219ms, request_id=a380c0b5-6ff8-4c10-a3ab-7fc96583d03d, method=GET, path=/employee/get/all
[2025-12-27 14:48:40] [INFO] 数据库表创建成功
[2025-12-27 14:48:40] [INFO] 服务器启动 - mode=release
[2025-12-27 14:48:42] [INFO] 请求处理完成 - status=200, duration=11.1276ms, name=, request_id=aa518589-93f3-430c-98e2-1d7fbbc88b0a, method=GET, path=/employee/get/all
[2025-12-27 14:48:57] [INFO] 请求处理完成 - request_id=cab14667-cc9f-4472-ad57-2b4f6035be7f, method=GET, path=/employee/get/all, status=200, duration=105.0582ms, name=
[2025-12-27 14:49:46] [INFO] 数据库表创建成功
[2025-12-27 14:49:46] [INFO] 服务器启动 - mode=release
[2025-12-27 14:49:48] [INFO] 请求处理完成 - method=GET, path=/employee/get/all, status=200, duration=26.9596ms, name=, request_id=730e6f79-ebd4-41da-99f2-36d8e18ae7fc
[2025-12-27 14:50:50] [INFO] 数据库表创建成功
[2025-12-27 14:50:50] [INFO] 服务器启动 - mode=release
[2025-12-27 14:50:52] [INFO] 请求处理完成 - method=GET, 路径=/employee/get/all, 状态码=200, 使用时间=15.762ms, 操作员=, 请求id=d8aa1807-7253-4a30-a88d-4cbd41a1daf0
[2025-12-27 14:53:49] [INFO] 数据库表创建成功
[2025-12-27 14:53:49] [INFO] 服务器启动 - mode=release
[2025-12-27 14:53:54] [INFO] 请求处理完成 - 路径=/employee/get/all, 状态码=200, 使用时间=19.5531ms, 操作员=, 请求id=a82f4a5e-7447-44fb-8f8b-bbf632305199, method=GET
[2025-12-27 14:58:41] [INFO] 数据库表创建成功
[2025-12-27 14:58:41] [INFO] 服务器启动 - mode=release
[2025-12-27 14:58:45] [INFO] 请求处理完成 - 路径=/employee/get/all, 状态码=200, 使用时间=18.497ms, 操作员=, 请求id=5a001623-6792-4f37-b2d5-044cac5d21b5, 请求方法=GET
[2025-12-27 14:59:02] [INFO] 请求处理完成 - 请求id=a7cc954d-fb94-49ee-b093-802a8762cf97, 请求方法=GET, 路径=/employee/get/name, 状态码=200, 使用时间=18.3773ms, 操作员=
[2025-12-27 14:59:59] [INFO] 请求处理完成 - 请求方法=POST, 路径=/employee/add/luggageStorage, 状态码=201, 使用时间=21.8447ms, 操作员=, 请求id=b2d06d4d-aa7e-45e7-912f-8d12bf80ed47
[2025-12-27 15:03:30] [INFO] 数据库表创建成功
[2025-12-27 15:03:30] [INFO] 服务器启动 - 
[2025-12-27 15:03:32] [INFO] 请求处理完成 - 请求id=f9b84d36-022f-4469-be7c-6a56800de0d5, 请求方法=POST, 路径=/employee/add/luggageStorage, 状态码=201, 使用时间=18.4421ms, 操作员=
[2025-12-27 15:03:44] [INFO] 请求处理完成 - 请求id=ff831102-fe8e-468d-9988-ebf589443df2, 请求方法=GET, 路径=/employee/get/all, 状态码=200, 使用时间=7.057ms, 操作员=
[2025-12-27 15:03:48] [INFO] 请求处理完成 - 请求id=96fcc132-35a5-457d-8e97-1ef9422b00ee, 请求方法=GET, 路径=/employee/get/all, 状态码=200, 使用时间=11.2735ms, 操作员=
[2025-12-27 15:03:49] [INFO] 请求处理完成 - 请求id=71388ce4-931b-42cd-8b01-654baea8f810, 请求方法=GET, 路径=/employee/get/all, 状态码=200, 使用时间=13.5894ms, 操作员=
[2025-12-27 15:04:35] [INFO] 数据库表创建成功
[2025-12-27 15:04:35] [INFO] 服务器启动 - 
[2025-12-27 15:04:37] [INFO] 请求处理完成 - 请求id=54c90ca1-0756-4cc9-ae36-fd7aebab8751, 请求方法=POST, 路径=/employee/login, 状态码=200, 使用时间=2.3424ms, 操作员=未知
[2025-12-27 15:04:42] [INFO] 请求处理完成 - 请求id=9418ec1a-0245-474c-a225-10335cca4b42, 请求方法=POST, 路径=/employee/login, 状态码=200, 使用时间=1.0065ms, 操作员=未知
[2025-12-27 15:04:43] [INFO] 请求处理完成 - 请求id=097c4d00-ba64-4cee-83f1-fbf8eccdc371, 请求方法=POST, 路径=/employee/login, 状态码=200, 使用时间=1.8969ms, 操作员=未知
[2025-12-27 15:05:53] [INFO] 数据库表创建成功
[2025-12-27 15:05:53] [INFO] 服务器启动 - 
[2025-12-27 15:05:55] [INFO] 请求处理完成 - 请求id=1e2fc860-dbf5-4622-b54e-0b84b7ff96d0, 请求方法=POST, 路径=/employee/login, 状态码=200, 使用时间=4.7526ms, 操作员=未知
[2025-12-27 15:05:56] [INFO] 请求处理完成 - 请求id=24b51c0b-29ab-472b-8903-cd11aad4cc9c, 请求方法=POST, 路径=/employee/login, 状态码=200, 使用时间=1.4749ms, 操作员=未知
[2025-12-27 15:06:02] [INFO] 请求处理完成 - 请求id=28064a87-bd56-4722-b095-965bb7b05eb5, 请求方法=GET, 路径=/employee/get/all, 状态码=200, 使用时间=12.9111ms, 操作员=
[2025-12-27 15:06:27] [INFO] 请求处理完成 - 请求id=d6b9e313-f288-4f2f-aeb3-d90cac65e442, 请求方法=PUT, 路径=/employee/update/luggageStorage, 状态码=200, 使用时间=16.2275ms, 操作员=
[2025-12-27 15:06:36] [INFO] 请求处理完成 - 请求id=c182edd7-cad3-480e-9030-c669c4e80623, 请求方法=PUT, 路径=/employee/update/luggageStorage, 状态码=404, 使用时间=13.6931ms, 操作员=
[2025-12-27 15:08:26] [INFO] 数据库表创建成功
[2025-12-27 15:08:26] [INFO] 服务器启动 - 
[2025-12-27 15:08:30] [INFO] 请求处理完成 - 请求id=6f5d145d-16c1-44c3-8d27-37956651ee1a, 请求方法=PUT, 路径=/employee/update/luggageStorage, 状态码=404, 使用时间=6.6103ms, 操作员=
[2025-12-27 15:09:15] [INFO] 数据库表创建成功
[2025-12-27 15:09:15] [INFO] 服务器启动 - 
[2025-12-27 15:09:19] [INFO] 请求处理完成 - 请求id=54986fe6-78d4-409d-8344-d9bb1346c323, 请求方法=PUT, 路径=/employee/update/luggageStorage, 状态码=404, 使用时间=12.6981ms, 操作员=
[2025-12-27 15:10:19] [INFO] 数据库表创建成功
[2025-12-27 15:10:19] [INFO] 服务器启动 - 
[2025-12-27 15:10:25] [INFO] 请求处理完成 - 请求id=6df83c0c-78af-4408-91ad-df3dd952e9ab, 请求方法=PUT, 路径=/employee/update/luggageStorage, 状态码=404, 使用时间=12.5531ms, 操作员=
[2025-12-27 15:10:29] [INFO] 请求处理完成 - 请求id=cb78df12-12c8-40e9-a854-76e9bb0c3278, 请求方法=POST, 路径=/employee/login, 状态码=200, 使用时间=3.8846ms, 操作员=未知
[2025-12-27 15:11:55] [INFO] 数据库表创建成功
[2025-12-27 15:11:56] [INFO] 服务器启动 - 
[2025-12-27 15:11:58] [INFO] 请求处理完成 - 请求id=9178dcc1-198b-4740-8fc1-df7d30092482, 请求方法=POST, 路径=/employee/login, 状态码=200, 使用时间=6.2835ms, 操作员=未知
[2025-12-27 15:13:37] [INFO] 数据库表创建成功
[2025-12-27 15:13:37] [INFO] 服务器启动 - mode=release
[2025-12-27 15:13:40] [INFO] 请求处理完成 - 请求id=5b8370ce-cfa3-48cd-b5db-82904facc529, 请求方法=POST, 路径=/employee/login, 状态码=200, 使用时间=5.0803ms, 操作员=未知, 客户端IP=::1
[2025-12-27 15:17:35] [INFO] 数据库表创建成功
[2025-12-27 15:17:35] [INFO] 服务器启动 - mode=release
[2025-12-27 15:17:39] [INFO] 请求处理完成 - 请求id=1f5feee0-5b73-4215-8435-ac1c9fb271f3, 请求方法=POST, 路径=/employee/login, 状态码=200, 使用时间=6.5065ms, 操作员=未知, 客户端IP=::1
[2025-12-27 15:17:49] [ERROR] 限流器执行脚本失败 - name=local, error=MISCONF Redis is configured to save RDB snapshots, but it's currently unable to persist to disk. Commands that may modify the data set are disabled, because this instance is configured to report errors during writes if RDB snapshotting fails (stop-writes-on-bgsave-error option). Please check the Redis logs for details about the RDB error. script: 28e2beabd17123c3991c66f202d51fd23c624dbc, on @user_script:26.
[2025-12-27 15:17:49] [WARNING] 请求过于频繁 - client_ip=::1
[2025-12-27 15:17:49] [INFO] 请求处理完成 - 请求id=becd9b5f-41f4-4bf8-ae5c-2ea6ded2668f, 请求方法=POST, 路径=/employee/login, 状态码=429, 使用时间=1.0001ms, 操作员=未知, 客户端IP=::1
[2025-12-27 15:17:51] [ERROR] 限流器执行脚本失败 - name=local, error=MISCONF Redis is configured to save RDB snapshots, but it's currently unable to persist to disk. Commands that may modify the data set are disabled, because this instance is configured to report errors during writes if RDB snapshotting fails (stop-writes-on-bgsave-error option). Please check the Redis logs for details about the RDB error. script: 28e2beabd17123c3991c66f202d51fd23c624dbc, on @user_script:26.
[2025-12-27 15:17:51] [WARNING] 请求过于频繁 - client_ip=::1
[2025-12-27 15:17:51] [INFO] 请求处理完成 - 请求id=a3a7c556-7d82-4611-ac87-0e05c3aaf6d0, 请求方法=GET, 路径=/employee/get/all, 状态码=429, 使用时间=1.3933ms, 操作员=未知, 客户端IP=::1
[2025-12-27 15:18:45] [INFO] 数据库表创建成功
[2025-12-27 15:18:45] [INFO] 服务器启动 - mode=release
[2025-12-27 15:18:45] [ERROR] 服务器启动失败 - error=listen tcp 0.0.0.0:8080: bind: Only one usage of each socket address (protocol/network address/port) is normally permitted., mode=release
[2025-12-27 15:18:49] [ERROR] 限流器执行脚本失败 - name=local, error=MISCONF Redis is configured to save RDB snapshots, but it's currently unable to persist to disk. Commands that may modify the data set are disabled, because this instance is configured to report errors during writes if RDB snapshotting fails (stop-writes-on-bgsave-error option). Please check the Redis logs for details about the RDB error. script: 28e2beabd17123c3991c66f202d51fd23c624dbc, on @user_script:26.
[2025-12-27 15:18:49] [WARNING] 请求过于频繁 - client_ip=::1
[2025-12-27 15:18:49] [INFO] 请求处理完成 - 请求id=e44b7206-3a94-443e-8e68-acda4b06b205, 请求方法=GET, 路径=/employee/get/all, 状态码=429, 使用时间=1.7826ms, 操作员=未知, 客户端IP=::1
[2025-12-27 15:19:02] [INFO] 请求处理完成 - 请求id=e91a1821-8627-4005-bc7d-cc206512fa5f, 请求方法=GET, 路径=/employee/get/all, 状态码=401, 使用时间=23.814ms, 操作员=未知, 客户端IP=::1
[2025-12-27 15:19:05] [INFO] 请求处理完成 - 请求id=455abf48-6589-45ce-988b-7b9562e9f0c0, 请求方法=POST, 路径=/employee/login, 状态码=200, 使用时间=37.6278ms, 操作员=未知, 客户端IP=::1
[2025-12-27 15:19:08] [INFO] 请求处理完成 - 请求id=1adde113-4340-4094-8d90-771c026c87a3, 请求方法=GET, 路径=/employee/get/all, 状态码=200, 使用时间=19.9955ms, 操作员=, 客户端IP=::1
[2025-12-27 15:20:46] [INFO] 数据库表创建成功
[2025-12-27 15:20:46] [INFO] 服务器启动 - mode=release
[2025-12-28 22:16:32] [INFO] 数据库表创建成功
[2025-12-28 22:16:34] [INFO] 服务器启动 - mode=release
[2025-12-28 23:06:28] [INFO] 数据库表创建成功
[2025-12-28 23:06:30] [INFO] 服务器启动 - mode=release
[2025-12-28 23:54:19] [INFO] 数据库表创建成功
[2025-12-28 23:54:21] [INFO] 服务器启动 - mode=release
[2025-12-29 19:09:22] [INFO] 数据库表创建成功
[2025-12-29 19:09:24] [INFO] 服务器启动 - mode=release
[2025-12-29 19:09:24] [ERROR] 服务器启动失败 - error=listen tcp 0.0.0.0:8080: bind: Only one usage of each socket address (protocol/network address/port) is normally permitted., mode=release
[2025-12-29 19:11:07] [INFO] 数据库表创建成功
[2025-12-29 19:11:09] [INFO] 服务器启动 - mode=release
[2025-12-29 19:23:28] [INFO] 数据库表创建成功
[2025-12-29 19:23:28] [INFO] 服务器启动 - mode=release
[2025-12-29 19:23:34] [INFO] 请求处理完成 - 请求id=a8024637-82ce-4fa3-954d-c94fe7413c9c, 请求方法=POST, 路径=/employee/login, 状态码=401, 使用时间=2.1089ms, 操作员=未知, 客户端IP=::1
[2025-12-29 19:25:18] [INFO] 数据库表创建成功
[2025-12-29 19:25:18] [INFO] 服务器启动 - mode=release
[2025-12-29 19:25:30] [INFO] 请求处理完成 - 请求id=2fb030eb-f902-4752-8a76-e63992ca4c85, 请求方法=POST, 路径=/employee/login, 状态码=401, 使用时间=1.503ms, 操作员=未知, 客户端IP=::1
[2025-12-29 19:25:54] [INFO] 数据库表创建成功
[2025-12-29 19:25:54] [INFO] 服务器启动 - mode=release
[2025-12-29 19:26:08] [INFO] 员工登录成功 - username=admin
[2025-12-29 19:26:08] [INFO] 请求处理完成 - 请求id=e95c41fe-0fcf-4f7b-8000-5155f5b2c57d, 请求方法=POST, 路径=/employee/login, 状态码=200, 使用时间=47.2479ms, 操作员=未知, 客户端IP=::1
[2025-12-30 13:02:16] [INFO] 数据库表创建成功
[2025-12-30 13:02:16] [INFO] 服务器启动 - mode=release
[2025-12-30 13:02:29] [INFO] 员工登录成功 - username=admin
[2025-12-30 13:02:29] [INFO] 请求处理完成 - 请求id=9e11185d-2b57-4fd5-9ea5-03bac9effe0c, 请求方法=POST, 路径=/employee/login, 状态码=200, 使用时间=42.451228ms, 操作员=未知, 客户端IP=172.18.0.1
[2025-12-30 13:02:34] [INFO] 员工登录成功 - username=admin
[2025-12-30 13:02:34] [INFO] 请求处理完成 - 请求id=f0046e8f-7ec4-48cd-8026-13211970aa6d, 请求方法=POST, 路径=/employee/login, 状态码=200, 使用时间=45.785378ms, 操作员=未知, 客户端IP=172.18.0.1
[2025-12-30 13:05:12] [INFO] 数据库表创建成功
[2025-12-30 13:05:12] [INFO] 服务器启动 - mode=release
[2025-12-30 13:05:18] [INFO] 员工登录成功 - username=admin
[2025-12-30 13:05:18] [INFO] 请求处理完成 - 请求id=27557a80-4334-4ea8-918d-8780b97028a9, 请求方法=POST, 路径=/employee/login, 状态码=200, 使用时间=43.059569ms, 操作员=未知, 客户端IP=172.18.0.1
[2025-12-30 21:14:13] [FATAL] 数据库连接失败 - error=dial tcp: lookup mysql: no such host
[2025-12-30 21:14:51] [FATAL] 数据库连接失败 - error=dial tcp: lookup mysql: no such host
[2025-12-30 21:22:15] [FATAL] 数据库连接失败 - error=dial tcp: lookup mysql: no such host
[2025-12-30 21:23:49] [INFO] 数据库表创建成功
[2025-12-30 21:23:51] [INFO] 服务器启动 - mode=debug
[2025-12-30 21:24:06] [INFO] 数据库表创建成功
[2025-12-30 21:24:06] [INFO] 服务器启动 - mode=debug
[2025-12-30 21:24:09] [DEBUG] 限流器状态 - name=local, tokens=99
[2025-12-30 21:24:09] [INFO] 员工登录成功 - username=admin
[2025-12-30 21:24:09] [INFO] 请求处理完成 - 请求id=460b262e-808b-4f97-b5db-e2a813a7ef3b, 请求方法=POST, 路径=/employee/login, 状态码=200, 使用时间=47.0151ms, 操作员=未知, 客户端IP=::1
[2025-12-30 21:25:00] [INFO] 数据库表创建成功
[2025-12-30 21:25:02] [INFO] 服务器启动 - mode=debug
[2025-12-30 21:25:20] [FATAL] 数据库连接失败 - error=dial tcp: lookup mysql: no such host
[2025-12-31 16:08:48] [FATAL] 数据库连接失败 - error=dial tcp: lookup mysql: no such host
[2025-12-31 16:09:05] [INFO] 数据库表创建成功
[2025-12-31 16:09:05] [INFO] 服务器启动 - mode=debug
[2025-12-31 16:09:12] [ERROR] 限流器执行脚本失败 - name=local, error=MISCONF Redis is configured to save RDB snapshots, but it's currently unable to persist to disk. Commands that may modify the data set are disabled, because this instance is configured to report errors during writes if RDB snapshotting fails (stop-writes-on-bgsave-error option). Please check the Redis logs for details about the RDB error. script: 28e2beabd17123c3991c66f202d51fd23c624dbc, on @user_script:26.
[2025-12-31 16:09:12] [WARNING] 请求过于频繁 - 客户端IP=::1
[2025-12-31 16:09:12] [INFO] 请求处理完成 - 请求id=25f5f6f7-3bf5-4ebc-b842-7d3f7b8a4986, 请求方法=POST, 路径=/user/login, 状态码=429, 使用时间=746.6µs, 操作员=未知, 客户端IP=::1
[2025-12-31 16:09:22] [ERROR] 限流器执行脚本失败 - name=local, error=MISCONF Redis is configured to save RDB snapshots, but it's currently unable to persist to disk. Commands that may modify the data set are disabled, because this instance is configured to report errors during writes if RDB snapshotting fails (stop-writes-on-bgsave-error option). Please check the Redis logs for details about the RDB error. script: 28e2beabd17123c3991c66f202d51fd23c624dbc, on @user_script:26.
[2025-12-31 16:09:22] [WARNING] 请求过于频繁 - 客户端IP=::1
[2025-12-31 16:09:22] [INFO] 请求处理完成 - 请求id=07130ce8-7ebc-4f6b-a010-55cd48cde4e2, 请求方法=POST, 路径=/user/login, 状态码=429, 使用时间=505µs, 操作员=未知, 客户端IP=::1
[2025-12-31 16:10:45] [DEBUG] 限流器状态 - name=local, tokens=99
[2025-12-31 16:10:45] [INFO] 请求处理完成 - 请求id=c5761a6d-760f-43d1-a115-069bccbd4da4, 请求方法=POST, 路径=/user/login, 状态码=404, 使用时间=21.7574ms, 操作员=未知, 客户端IP=::1
[2025-12-31 16:10:51] [INFO] 数据库表创建成功
[2025-12-31 16:10:51] [INFO] 服务器启动 - mode=debug
[2025-12-31 16:11:01] [DEBUG] 限流器状态 - name=local, tokens=99
[2025-12-31 16:11:01] [INFO] 请求处理完成 - 请求id=19ebe474-e8c9-4331-9a1f-cb9495b813f5, 请求方法=POST, 路径=/user/login, 状态码=404, 使用时间=1.0052ms, 操作员=未知, 客户端IP=::1
[2025-12-31 16:11:02] [DEBUG] 限流器状态 - name=local, tokens=99
[2025-12-31 16:11:02] [INFO] 请求处理完成 - 请求id=d8037d3f-a278-4add-91d0-340e97b12a73, 请求方法=POST, 路径=/user/login, 状态码=404, 使用时间=462.6µs, 操作员=未知, 客户端IP=::1
[2025-12-31 16:12:10] [ERROR] 限流器执行脚本失败 - name=local, error=dial tcp 127.0.0.1:6379: connectex: No connection could be made because the target machine actively refused it.
[2025-12-31 16:12:10] [WARNING] 请求过于频繁 - 客户端IP=::1
[2025-12-31 16:12:10] [INFO] 请求处理完成 - 请求id=6c076b13-6c10-40d7-a260-11296736ba09, 请求方法=POST, 路径=/user/login, 状态码=429, 使用时间=1.576942s, 操作员=未知, 客户端IP=::1
[2025-12-31 16:12:24] [DEBUG] 限流器状态 - name=local, tokens=99
[2025-12-31 16:12:24] [INFO] 请求处理完成 - 请求id=acc4245a-40ef-40df-83e9-eceeb31aac58, 请求方法=POST, 路径=/user/login, 状态码=404, 使用时间=2.5062ms, 操作员=未知, 客户端IP=::1
[2025-12-31 20:17:35] [INFO] 数据库表创建成功
[2025-12-31 20:17:37] [INFO] 服务器启动 - mode=debug
[2025-12-31 20:17:53] [DEBUG] 限流器状态 - tokens=99, name=local
[2025-12-31 20:17:53] [INFO] 员工登录成功 - username=admin
[2025-12-31 20:17:53] [INFO] 请求处理完成 - 请求id=fd5775b1-797c-412c-a2f1-9779e4a18e65, 请求方法=POST, 路径=/employee/login, 状态码=200, 使用时间=64.6106ms, 操作员=未知, 客户端IP=::1
[2025-12-31 20:19:05] [DEBUG] 限流器状态 - name=local, tokens=99
[2025-12-31 20:19:05] [INFO] 请求处理完成 - 请求id=c0bfac66-56f4-4371-99c8-49bb372da80e, 请求方法=POST, 路径=/employee/photo/touch, 状态码=200, 使用时间=25.871ms, 操作员=, 客户端IP=::1
[2025-12-31 20:19:12] [DEBUG] 限流器状态 - name=local, tokens=99
[2025-12-31 20:19:12] [INFO] 请求处理完成 - 请求id=72866891-e4ab-4fa2-8fa1-4934c61e0bb2, 请求方法=POST, 路径=/employee/photo/upload, 状态码=200, 使用时间=20.5159ms, 操作员=, 客户端IP=::1
[2025-12-31 20:19:58] [DEBUG] 限流器状态 - name=local, tokens=99
[2025-12-31 20:19:58] [INFO] 请求处理完成 - 请求id=125a88c9-aeb3-4072-86bc-004e3c061d43, 请求方法=POST, 路径=/employee/photo/upload, 状态码=200, 使用时间=90.198ms, 操作员=, 客户端IP=::1
[2025-12-31 20:20:17] [DEBUG] 限流器状态 - tokens=99, name=local
[2025-12-31 20:20:18] [INFO] 请求处理完成 - 请求id=754c632a-4d29-4502-b8c8-a0a66185a930, 请求方法=POST, 路径=/employee/photo/upload, 状态码=200, 使用时间=14.689ms, 操作员=, 客户端IP=::1
[2025-12-31 20:20:34] [DEBUG] 限流器状态 - name=local, tokens=99
[2025-12-31 20:20:34] [INFO] 请求处理完成 - 请求id=c80dd452-5574-4436-9fdf-29187e4179bc, 请求方法=GET, 路径=//photos/20251231202017_abcdef.png, 状态码=404, 使用时间=1.0435ms, 操作员=未知, 客户端IP=::1
[2025-12-31 20:21:08] [DEBUG] 限流器状态 - tokens=99, name=local
[2025-12-31 20:21:08] [INFO] 请求处理完成 - 请求id=43301ce3-7bf0-4b16-aeac-22bc4b2a1005, 请求方法=GET, 路径=/employee/photo/download/20251226191757_abcdef.png, 状态码=200, 使用时间=53.4091ms, 操作员=, 客户端IP=::1
[2025-12-31 20:21:16] [DEBUG] 限流器状态 - name=local, tokens=99
[2025-12-31 20:21:16] [INFO] 请求处理完成 - 请求id=dcf24201-626f-4a5b-a4a0-ecb6834dcf16, 请求方法=GET, 路径=/photos/20251231202017_abcdef.png, 状态码=404, 使用时间=1.0003ms, 操作员=未知, 客户端IP=::1
[2025-12-31 20:44:18] [INFO] 数据库表创建成功
[2025-12-31 20:44:20] [INFO] 服务器启动 - mode=debug
[2025-12-31 20:44:27] [DEBUG] 限流器状态 - name=local, tokens=99
[2025-12-31 20:44:27] [INFO] 员工登录成功 - username=admin
[2025-12-31 20:44:27] [INFO] 请求处理完成 - 请求id=37df7522-6a8b-4b0f-b53f-b5be1c23e403, 请求方法=POST, 路径=/employee/login, 状态码=200, 使用时间=57.1789ms, 操作员=未知, 客户端IP=::1
[2025-12-31 20:44:29] [DEBUG] 限流器状态 - name=local, tokens=99
[2025-12-31 20:44:29] [INFO] 请求处理完成 - 请求id=d31b82a4-5631-427e-a7fd-94389bab6186, 请求方法=GET, 路径=/photos/20251231202017_abcdef.png, 状态码=404, 使用时间=0s, 操作员=未知, 客户端IP=::1
[2025-12-31 20:45:23] [INFO] 数据库表创建成功
[2025-12-31 20:45:23] [INFO] 服务器启动 - mode=debug
[2025-12-31 20:45:26] [DEBUG] 限流器状态 - name=local, tokens=99
[2025-12-31 20:45:26] [INFO] 请求处理完成 - 请求id=f1aa17e2-1cde-4541-9cc4-5d1ef5299c62, 请求方法=GET, 路径=/photos/20251231202017_abcdef.png, 状态码=404, 使用时间=1.3377ms, 操作员=未知, 客户端IP=::1
[2025-12-31 20:45:35] [INFO] 数据库表创建成功
[2025-12-31 20:45:35] [INFO] 服务器启动 - mode=debug
[2025-12-31 20:46:12] [INFO] 数据库表创建成功
[2025-12-31 20:46:12] [INFO] 服务器启动 - mode=debug
[2025-12-31 20:46:15] [DEBUG] 限流器状态 - name=local, tokens=99
[2025-12-31 20:46:15] [INFO] 请求处理完成 - 请求id=3f9e3ada-1736-42d7-9605-33ca10cb9319, 请求方法=GET, 路径=/photos/20251231202017_abcdef.png, 状态码=200, 使用时间=41.8078ms, 操作员=未知, 客户端IP=::1
[2025-12-31 21:06:50] [INFO] 数据库表创建成功
[2025-12-31 21:06:50] [INFO] 服务器启动 - mode=debug
[2025-12-31 21:07:02] [DEBUG] 限流器状态 - name=local, tokens=99
[2025-12-31 21:07:02] [INFO] 请求处理完成 - 请求id=72db6cf6-6406-484d-9f46-a2c7d149633a, 请求方法=GET, 路径=/photos/20251231202017_abcdef.png, 状态码=200, 使用时间=45.7842ms, 操作员=未知, 客户端IP=::1
[2025-12-31 21:17:50] [INFO] 数据库表创建成功
[2025-12-31 21:17:50] [INFO] 服务器启动 - mode=debug
[2025-12-31 21:17:57] [DEBUG] 限流器状态 - name=local, tokens=99
[2025-12-31 21:17:57] [INFO] 请求处理完成 - 请求id=2fae24a5-bd08-4e93-8081-b8a2e8b1b36a, 请求方法=GET, 路径=/photos/20251231202017_abcdef.png, 状态码=401, 使用时间=795.8µs, 操作员=未知, 客户端IP=::1
[2025-12-31 21:18:00] [DEBUG] 限流器状态 - name=local, tokens=99
[2025-12-31 21:18:00] [INFO] 员工登录成功 - username=admin
[2025-12-31 21:18:00] [INFO] 请求处理完成 - 请求id=02b53ba7-df66-4d3c-872f-83c5eb2e65ff, 请求方法=POST, 路径=/employee/login, 状态码=200, 使用时间=49.736ms, 操作员=未知, 客户端IP=::1
[2025-12-31 21:18:02] [DEBUG] 限流器状态 - name=local, tokens=99
[2025-12-31 21:18:02] [INFO] 请求处理完成 - 请求id=e53b17ee-7522-4675-8bd0-483497c066db, 请求方法=GET, 路径=/photos/20251231202017_abcdef.png, 状态码=401, 使用时间=515µs, 操作员=未知, 客户端IP=::1
[2025-12-31 21:18:10] [DEBUG] 限流器状态 - tokens=99, name=local
[2025-12-31 21:18:10] [INFO] 请求处理完成 - 请求id=14cd6667-7ad0-465a-bdb5-94b627a60f9f, 请求方法=GET, 路径=/photos/20251231202017_abcdef.png, 状态码=401, 使用时间=503.5µs, 操作员=未知, 客户端IP=::1
[2025-12-31 21:18:16] [DEBUG] 限流器状态 - name=local, tokens=99
[2025-12-31 21:18:16] [INFO] 请求处理完成 - 请求id=60a0c78a-e38d-4355-b21e-86da3dcd3264, 请求方法=GET, 路径=/photos/20251231202017_abcdef.png, 状态码=200, 使用时间=34.4653ms, 操作员=未知, 客户端IP=::1
[2025-12-31 21:18:17] [DEBUG] 限流器状态 - name=local, tokens=99
[2025-12-31 21:18:17] [INFO] 请求处理完成 - 请求id=87e7a872-8f06-4472-9544-5924ad080a62, 请求方法=GET, 路径=/photos/20251231202017_abcdef.png, 状态码=200, 使用时间=2.1223ms, 操作员=未知, 客户端IP=::1
[2025-12-31 21:18:17] [DEBUG] 限流器状态 - name=local, tokens=99
[2025-12-31 21:18:17] [INFO] 请求处理完成 - 请求id=b62f2d54-b9c2-4675-a45d-51b4104283a9, 请求方法=GET, 路径=/photos/20251231202017_abcdef.png, 状态码=200, 使用时间=1.2992ms, 操作员=未知, 客户端IP=::1
[2025-12-31 22:35:54] [INFO] 数据库表创建成功
[2025-12-31 22:35:55] [INFO] 服务器启动 - mode=debug
[2025-12-31 22:36:00] [DEBUG] 限流器状态 - name=local, tokens=99
[2025-12-31 22:36:00] [INFO] 员工登录成功 - username=admin
[2025-12-31 22:36:00] [INFO] 请求处理完成 - 请求id=1c1438e2-43fb-42a4-ba47-d53a722d3d6b, 请求方法=POST, 路径=/employee/login, 状态码=200, 使用时间=55.8478ms, 操作员=未知, 客户端IP=::1
[2025-12-31 22:36:11] [DEBUG] 限流器状态 - name=local, tokens=99
[2025-12-31 22:36:11] [INFO] 请求处理完成 - 请求id=7b98b5f2-f007-4515-b3f3-8dc29ea31e94, 请求方法=GET, 路径=/photos/20251231202017_abcdef.png, 状态码=200, 使用时间=47.1869ms, 操作员=未知, 客户端IP=::1
[2025-12-31 22:36:14] [DEBUG] 限流器状态 - tokens=99, name=local
[2025-12-31 22:36:14] [INFO] 请求处理完成 - 请求id=528580e0-64b6-4224-a1fc-077e1decbfee, 请求方法=GET, 路径=/employee/photo/download/20251226191757_abcdef.png, 状态码=200, 使用时间=14.4771ms, 操作员=, 客户端IP=::1
[2025-12-31 22:36:18] [DEBUG] 限流器状态 - name=local, tokens=99
[2025-12-31 22:36:18] [INFO] 请求处理完成 - 请求id=d7a11787-578c-43d5-9409-4e0ab227f573, 请求方法=POST, 路径=/employee/photo/upload, 状态码=200, 使用时间=18.3996ms, 操作员=, 客户端IP=::1
[2026-01-12 19:24:32] [INFO] 数据库表创建成功
[2026-01-12 19:24:34] [INFO] 服务器启动 - mode=debug
[2026-01-21 13:07:49] [ERROR] 创建照片表失败 - error=Error 1170 (42000): BLOB/TEXT column 'file_name' used in key specification without a key length
[2026-01-21 13:07:49] [INFO] 数据库表创建成功
[2026-01-21 13:07:51] [INFO] 服务器启动 - mode=debug
[2026-01-21 13:07:58] [ERROR] 限流器执行脚本失败 - name=local, error=dial tcp 127.0.0.1:6379: connectex: No connection could be made because the target machine actively refused it.
[2026-01-21 13:07:58] [WARNING] 请求过于频繁 - 客户端IP=::1
[2026-01-21 13:07:58] [INFO] 请求处理完成 - 请求id=0e317528-5ae4-42c3-9b3e-13f17c878e7b, 请求方法=POST, 路径=/employee/login, 状态码=429, 使用时间=2.0882854s, 操作员=未知, 客户端IP=::1
[2026-01-21 13:08:07] [DEBUG] 限流器状态 - tokens=99, name=local
[2026-01-21 13:08:07] [INFO] 员工登录成功 - username=admin
[2026-01-21 13:08:07] [INFO] 请求处理完成 - 请求id=55e98b83-5903-4e14-b21a-21e7b97c28bd, 请求方法=POST, 路径=/employee/login, 状态码=200, 使用时间=57.1618ms, 操作员=未知, 客户端IP=::1
[2026-01-21 13:08:16] [DEBUG] 限流器状态 - name=local, tokens=99
[2026-01-21 13:08:16] [INFO] 员工登录成功 - username=admin
[2026-01-21 13:08:16] [INFO] 请求处理完成 - 请求id=99eb694e-52f0-498b-a509-56be48c70dab, 请求方法=POST, 路径=/employee/login, 状态码=200, 使用时间=52.1925ms, 操作员=未知, 客户端IP=::1
[2026-01-21 13:17:58] [ERROR] 创建照片表失败 - error=Error 1170 (42000): BLOB/TEXT column 'file_name' used in key specification without a key length
[2026-01-21 13:17:58] [INFO] 数据库表创建成功
[2026-01-21 13:17:58] [INFO] 服务器启动 - mode=debug
[2026-01-21 13:18:01] [DEBUG] 限流器状态 - name=local, tokens=99
[2026-01-21 13:18:01] [INFO] 员工登录成功 - username=admin
[2026-01-21 13:18:01] [INFO] 请求处理完成 - 请求id=2b3ab807-230c-49af-846e-e7afaa0dd73d, 请求方法=POST, 路径=/employee/login, 状态码=200, 使用时间=49.9641ms, 操作员=未知, 客户端IP=::1
[2026-01-21 13:18:18] [DEBUG] 限流器状态 - tokens=99, name=local
[2026-01-21 13:19:32] [DEBUG] 限流器状态 - name=local, tokens=99
[2026-01-21 13:19:32] [INFO] 员工登录成功 - username=admin
[2026-01-21 13:19:32] [INFO] 请求处理完成 - 请求id=a2feaa73-0c0f-4ee8-9863-c5030c8d42be, 请求方法=POST, 路径=/employee/login, 状态码=200, 使用时间=46.8668ms, 操作员=未知, 客户端IP=::1
[2026-01-21 13:20:29] [ERROR] 创建照片表失败 - error=Error 1170 (42000): BLOB/TEXT column 'file_name' used in key specification without a key length
[2026-01-21 13:20:29] [INFO] 数据库表创建成功
[2026-01-21 13:20:29] [INFO] 服务器启动 - mode=debug
[2026-01-21 13:20:32] [DEBUG] 限流器状态 - name=local, tokens=99
[2026-01-21 13:21:25] [ERROR] 创建照片表失败 - error=Error 1170 (42000): BLOB/TEXT column 'file_name' used in key specification without a key length
[2026-01-21 13:21:25] [INFO] 数据库表创建成功
[2026-01-21 13:21:25] [INFO] 服务器启动 - mode=debug
[2026-01-21 13:21:27] [DEBUG] 限流器状态 - name=local, tokens=99
[2026-01-21 13:21:27] [INFO] 请求处理完成 - 请求id=7fccbb30-0cfb-4e5d-ad2a-008b4f6859e8, 请求方法=POST, 路径=/employee/add/location, 状态码=200, 使用时间=59.8477ms, 操作员=, 客户端IP=::1
[2026-01-21 13:31:14] [ERROR] 创建照片表失败 - error=Error 1170 (42000): BLOB/TEXT column 'file_name' used in key specification without a key length
[2026-01-21 13:31:14] [INFO] 数据库表创建成功
[2026-01-21 13:31:14] [INFO] 服务器启动 - mode=debug
[2026-01-21 13:31:25] [DEBUG] 限流器状态 - name=local, tokens=99
[2026-01-21 13:31:25] [INFO] 请求处理完成 - 请求id=c7b690dc-2bff-4f95-918b-72470379bf60, 请求方法=POST, 路径=/employee/add/location, 状态码=201, 使用时间=20.1826ms, 操作员=, 客户端IP=::1
[2026-01-21 13:32:16] [DEBUG] 限流器状态 - name=local, tokens=99
[2026-01-21 13:32:16] [INFO] 请求处理完成 - 请求id=f872dc9d-e610-498f-a88c-98037a928b1b, 请求方法=POST, 路径=/employee/add/location, 状态码=201, 使用时间=7.4374ms, 操作员=, 客户端IP=::1
[2026-01-21 13:32:26] [DEBUG] 限流器状态 - tokens=99, name=local
[2026-01-21 13:32:26] [INFO] 请求处理完成 - 请求id=49d1858d-ac23-4d41-8a93-d75043ed37c6, 请求方法=POST, 路径=/employee/delete/location, 状态码=404, 使用时间=1.3355ms, 操作员=未知, 客户端IP=::1
[2026-01-21 13:32:32] [DEBUG] 限流器状态 - name=local, tokens=99
[2026-01-21 13:32:32] [INFO] 请求处理完成 - 请求id=52d3ef9f-4ffe-4dfb-a750-77890cc1d894, 请求方法=POST, 路径=/employee/delete/location, 状态码=404, 使用时间=542.4µs, 操作员=未知, 客户端IP=::1
[2026-01-21 13:34:24] [ERROR] 创建照片表失败 - error=Error 1170 (42000): BLOB/TEXT column 'file_name' used in key specification without a key length
[2026-01-21 13:34:24] [INFO] 数据库表创建成功
[2026-01-21 13:34:24] [INFO] 服务器启动 - mode=debug
[2026-01-21 13:34:42] [ERROR] 创建照片表失败 - error=Error 1170 (42000): BLOB/TEXT column 'file_name' used in key specification without a key length
[2026-01-21 13:34:42] [INFO] 数据库表创建成功
[2026-01-21 13:34:42] [INFO] 服务器启动 - mode=debug
[2026-01-21 13:34:45] [DEBUG] 限流器状态 - tokens=99, name=local
[2026-01-21 13:34:45] [INFO] 请求处理完成 - 请求id=94ffdc87-4807-4026-b0c7-bcf6319adc4f, 请求方法=POST, 路径=/employee/delete/location, 状态码=401, 使用时间=595.8µs, 操作员=未知, 客户端IP=::1
[2026-01-21 13:34:58] [DEBUG] 限流器状态 - name=local, tokens=99
[2026-01-21 13:34:58] [INFO] 请求处理完成 - 请求id=9d959433-5ecf-44fb-b439-ccb58ea01872, 请求方法=POST, 路径=/employee/delete/location, 状态码=401, 使用时间=503.2µs, 操作员=未知, 客户端IP=::1
[2026-01-21 13:35:02] [DEBUG] 限流器状态 - tokens=99, name=local
[2026-01-21 13:35:02] [INFO] 员工登录成功 - username=admin
[2026-01-21 13:35:02] [INFO] 请求处理完成 - 请求id=3f429913-8388-402a-80a7-6c4abd666cba, 请求方法=POST, 路径=/employee/login, 状态码=200, 使用时间=47.6532ms, 操作员=未知, 客户端IP=::1
[2026-01-21 13:35:04] [DEBUG] 限流器状态 - name=local, tokens=99
[2026-01-21 13:35:04] [ERROR] 位置不属于该酒店 - error=<nil>, location_id=3
[2026-01-21 13:35:04] [INFO] 请求处理完成 - 请求id=9fce46e4-db0c-467a-8b88-76336c5594c7, 请求方法=POST, 路径=/employee/delete/location, 状态码=400, 使用时间=77.2346ms, 操作员=, 客户端IP=::1
[2026-01-21 13:35:48] [ERROR] 创建照片表失败 - error=Error 1170 (42000): BLOB/TEXT column 'file_name' used in key specification without a key length
[2026-01-21 13:35:48] [INFO] 数据库表创建成功
[2026-01-21 13:35:48] [INFO] 服务器启动 - mode=debug
[2026-01-21 13:35:51] [DEBUG] 限流器状态 - tokens=99, name=local
[2026-01-21 13:35:51] [ERROR] 位置不属于该酒店 - location_id=3, user_hotel_id=1
[2026-01-21 13:35:51] [INFO] 请求处理完成 - 请求id=7fbd324f-9322-4ece-a6b2-b86d76c48f72, 请求方法=POST, 路径=/employee/delete/location, 状态码=400, 使用时间=10.6284ms, 操作员=, 客户端IP=::1
[2026-01-21 13:36:28] [ERROR] 创建照片表失败 - error=Error 1170 (42000): BLOB/TEXT column 'file_name' used in key specification without a key length
[2026-01-21 13:36:28] [INFO] 数据库表创建成功
[2026-01-21 13:36:29] [INFO] 服务器启动 - mode=debug
[2026-01-21 13:36:31] [DEBUG] 限流器状态 - name=local, tokens=99
[2026-01-21 13:36:31] [ERROR] 位置不属于该酒店 - user_hotel_id=1, location_hotel_id=0
[2026-01-21 13:36:31] [INFO] 请求处理完成 - 请求id=f440b7ae-c98c-4cb7-8ecf-3c5a0d974c29, 请求方法=POST, 路径=/employee/delete/location, 状态码=400, 使用时间=20.5152ms, 操作员=, 客户端IP=::1
[2026-01-21 13:37:40] [ERROR] 创建照片表失败 - error=Error 1170 (42000): BLOB/TEXT column 'file_name' used in key specification without a key length
[2026-01-21 13:37:40] [INFO] 数据库表创建成功
[2026-01-21 13:37:40] [INFO] 服务器启动 - mode=debug
[2026-01-21 13:37:48] [DEBUG] 限流器状态 - tokens=99, name=local
[2026-01-21 13:37:48] [INFO] 请求处理完成 - 请求id=38b56839-5d5d-40bf-9c23-27879d99656a, 请求方法=POST, 路径=/employee/delete/location, 状态码=200, 使用时间=13.3583ms, 操作员=, 客户端IP=::1
[2026-01-22 08:55:51] [ERROR] 创建照片表失败 - error=Error 1170 (42000): BLOB/TEXT column 'file_name' used in key specification without a key length
[2026-01-22 08:55:51] [INFO] 数据库表创建成功
[2026-01-22 08:55:53] [INFO] 服务器启动 - mode=debug
[2026-01-22 08:56:43] [ERROR] 限流器执行脚本失败 - name=local, error=dial tcp 127.0.0.1:6379: connectex: No connection could be made because the target machine actively refused it.
[2026-01-22 08:56:43] [WARNING] 请求过于频繁 - 客户端IP=::1
[2026-01-22 08:56:43] [INFO] 请求处理完成 - 请求id=b688f7a4-976b-4049-8829-84f2a3594df1, 请求方法=POST, 路径=/employee/login, 状态码=429, 使用时间=2.0979865s, 操作员=未知, 客户端IP=::1
[2026-01-22 08:57:00] [DEBUG] 限流器状态 - name=local, tokens=99
[2026-01-22 08:57:00] [INFO] 员工登录成功 - username=admin
[2026-01-22 08:57:00] [INFO] 请求处理完成 - 请求id=01def1ae-b9fb-4663-aa69-d7c936c5b114, 请求方法=POST, 路径=/employee/login, 状态码=200, 使用时间=116.5662ms, 操作员=未知, 客户端IP=::1
[2026-01-22 08:57:18] [DEBUG] 限流器状态 - tokens=99, name=local
[2026-01-22 08:57:18] [INFO] 员工注册成功 - username=zhangsa123n
[2026-01-22 08:57:18] [INFO] 请求处理完成 - 请求id=36e76a9f-d4a6-4475-ae47-0e66bd23954a, 请求方法=POST, 路径=/tool/add/employee, 状态码=201, 使用时间=157.5422ms, 操作员=, 客户端IP=::1
[2026-01-22 08:57:35] [DEBUG] 限流器状态 - name=local, tokens=99
[2026-01-22 08:57:35] [INFO] 员工注册成功 - username=123456
[2026-01-22 08:57:35] [INFO] 请求处理完成 - 请求id=a97c0b70-ba33-4757-a742-4e1e50ce74c0, 请求方法=POST, 路径=/tool/add/employee, 状态码=201, 使用时间=142.3429ms, 操作员=, 客户端IP=::1
[2026-01-22 08:59:22] [DEBUG] 限流器状态 - tokens=99, name=local
[2026-01-22 08:59:22] [INFO] 请求处理完成 - 请求id=dd6ce7d8-3de2-4052-927d-b25cfb7d8234, 请求方法=POST, 路径=/employee/add/luggageStorage, 状态码=201, 使用时间=31.6862ms, 操作员=, 客户端IP=::1
[2026-01-22 09:01:45] [DEBUG] 限流器状态 - name=local, tokens=99
[2026-01-22 09:01:45] [INFO] 请求处理完成 - 请求id=d5c057ba-1aba-401c-ae3e-52e701354537, 请求方法=POST, 路径=/employee/delete/luggageStorage, 状态码=200, 使用时间=21.7324ms, 操作员=, 客户端IP=::1
[2026-01-22 09:19:31] [ERROR] 创建照片表失败 - error=Error 1170 (42000): BLOB/TEXT column 'file_name' used in key specification without a key length
[2026-01-22 09:19:31] [INFO] 数据库表创建成功
[2026-01-22 09:19:31] [INFO] 服务器启动 - mode=debug
[2026-01-22 09:19:46] [DEBUG] 限流器状态 - tokens=99, name=local
[2026-01-22 09:19:46] [INFO] 请求处理完成 - 请求id=5ad5ffcf-fafe-4ed3-be2b-5b2c40fc767f, 请求方法=POST, 路径=/employee/delete/luggageStorage, 状态码=401, 使用时间=1.0432ms, 操作员=未知, 客户端IP=::1
[2026-01-22 09:19:54] [DEBUG] 限流器状态 - name=local, tokens=99
[2026-01-22 09:19:54] [INFO] 员工登录成功 - username=admin
[2026-01-22 09:19:54] [INFO] 请求处理完成 - 请求id=5ae357e1-e35a-40ea-8971-63ab3a7215ce, 请求方法=POST, 路径=/employee/login, 状态码=200, 使用时间=121.974ms, 操作员=未知, 客户端IP=::1
[2026-01-22 09:20:01] [DEBUG] 限流器状态 - tokens=99, name=local
[2026-01-22 09:20:01] [INFO] 请求处理完成 - 请求id=ee610ef7-89d0-4075-984f-a7ac06331ac6, 请求方法=POST, 路径=/employee/delete/luggageStorage, 状态码=200, 使用时间=23.8694ms, 操作员=, 客户端IP=::1
[2026-01-22 09:22:41] [ERROR] 创建照片表失败 - error=Error 1170 (42000): BLOB/TEXT column 'file_name' used in key specification without a key length
[2026-01-22 09:22:41] [INFO] 数据库表创建成功
[2026-01-22 09:22:41] [INFO] 服务器启动 - mode=debug
[2026-01-22 09:22:47] [DEBUG] 限流器状态 - name=local, tokens=99
[2026-01-22 09:22:47] [INFO] 请求处理完成 - 请求id=25498485-7c0a-4540-80d6-aef3960ec100, 请求方法=POST, 路径=/employee/delete/luggageStorage, 状态码=200, 使用时间=28.9401ms, 操作员=, 客户端IP=::1
[2026-01-22 09:23:15] [DEBUG] 限流器状态 - name=local, tokens=99
[2026-01-22 09:23:15] [INFO] 请求处理完成 - 请求id=9b0b9fa3-27e3-426f-90fc-2147cc340e69, 请求方法=POST, 路径=/employee/delete/luggageStorage, 状态码=404, 使用时间=12.4684ms, 操作员=, 客户端IP=::1
[2026-01-22 09:27:03] [ERROR] 创建照片表失败 - error=Error 1170 (42000): BLOB/TEXT column 'file_name' used in key specification without a key length
[2026-01-22 09:27:03] [INFO] 数据库表创建成功
[2026-01-22 09:27:04] [INFO] 服务器启动 - mode=debug
[2026-01-22 11:48:52] [INFO] 数据库表创建成功
[2026-01-22 11:48:52] [INFO] 服务器启动 - mode=debug
[2026-01-22 11:50:24] [INFO] 数据库表创建成功
[2026-01-22 11:50:24] [INFO] 服务器启动 - mode=debug
[2026-01-22 13:01:42] [INFO] 数据库表创建成功
[2026-01-22 13:01:42] [INFO] 服务器启动 - mode=debug
[2026-01-22 13:02:03] [INFO] 数据库表创建成功
[2026-01-22 13:02:03] [INFO] 服务器启动 - mode=debug
[2026-01-22 13:03:09] [INFO] 数据库表创建成功
[2026-01-22 13:03:09] [INFO] 服务器启动 - mode=debug
[2026-01-22 13:03:24] [INFO] 数据库表创建成功
[2026-01-22 13:03:24] [INFO] 服务器启动 - mode=debug
[2026-01-22 13:03:29] [INFO] 数据库表创建成功
[2026-01-22 13:03:29] [INFO] 服务器启动 - mode=debug
[2026-01-22 13:11:10] [INFO] 数据库表创建成功
[2026-01-22 13:11:10] [INFO] 服务器启动 - mode=debug
[2026-01-22 13:11:33] [DEBUG] 限流器状态 - tokens=99, name=local
[2026-01-22 13:11:33] [INFO] 请求处理完成 - 请求id=96f66784-4b5b-447e-80e6-706b1b916c5b, 请求方法=POST, 路径=/login, 状态码=401, 使用时间=53.0216ms, 操作员=未知, 客户端IP=::1
[2026-01-22 13:12:11] [DEBUG] 限流器状态 - tokens=99, name=local
[2026-01-22 13:12:11] [INFO] 员工登录成功 - username=admin
[2026-01-22 13:12:11] [INFO] 请求处理完成 - 请求id=f556042c-42b3-474a-ad8e-8d936abd4881, 请求方法=POST, 路径=/login, 状态码=200, 使用时间=49.3589ms, 操作员=未知, 客户端IP=::1
[2026-01-22 13:12:23] [DEBUG] 限流器状态 - name=local, tokens=99
[2026-01-22 13:12:23] [INFO] 请求处理完成 - 请求id=4f684c2e-a225-4024-98ae-9a73e42f67d6, 请求方法=POST, 路径=/internal/luggageStorage, 状态码=401, 使用时间=983.1µs, 操作员=未知, 客户端IP=::1
[2026-01-22 13:13:15] [DEBUG] 限流器状态 - name=local, tokens=99
[2026-01-22 13:13:15] [INFO] 员工登录成功 - username=admin
[2026-01-22 13:13:15] [INFO] 请求处理完成 - 请求id=6a9d8fb7-59e1-424f-ad48-b50ff9a421b3, 请求方法=POST, 路径=/login, 状态码=200, 使用时间=47.7356ms, 操作员=未知, 客户端IP=::1
[2026-01-22 13:13:32] [DEBUG] 限流器状态 - tokens=99, name=local
[2026-01-22 13:13:32] [INFO] 员工登录成功 - username=admin
[2026-01-22 13:13:32] [INFO] 请求处理完成 - 请求id=b4b05471-b403-498d-a077-25e867cd0a3e, 请求方法=POST, 路径=/login, 状态码=200, 使用时间=53.9179ms, 操作员=未知, 客户端IP=::1
[2026-01-22 13:13:36] [DEBUG] 限流器状态 - name=local, tokens=99
[2026-01-22 13:13:36] [INFO] 请求处理完成 - 请求id=fa37b0d7-2c67-47ab-bb16-afe7cf2ab514, 请求方法=POST, 路径=/internal/luggageStorage, 状态码=401, 使用时间=9.0313ms, 操作员=, 客户端IP=::1
[2026-01-22 13:14:41] [INFO] 数据库表创建成功
[2026-01-22 13:14:41] [INFO] 服务器启动 - mode=debug
[2026-01-22 13:14:58] [DEBUG] 限流器状态 - name=local, tokens=99
[2026-01-22 13:14:58] [INFO] 请求处理完成 - 请求id=12bfdaa5-d340-431c-a474-544cdff4e366, 请求方法=POST, 路径=/internal/luggageStorage, 状态码=403, 使用时间=13.4609ms, 操作员=, 客户端IP=::1
[2026-01-22 13:16:06] [INFO] 数据库表创建成功
[2026-01-22 13:16:07] [INFO] 服务器启动 - mode=debug
[2026-01-22 13:16:10] [DEBUG] 限流器状态 - name=local, tokens=99
[2026-01-22 13:16:10] [INFO] 请求处理完成 - 请求id=b5ee75bb-6517-4489-adab-87b65dd34c87, 请求方法=POST, 路径=/internal/luggageStorage, 状态码=403, 使用时间=17.4367ms, 操作员=, 客户端IP=::1
[2026-01-22 13:17:11] [INFO] 数据库表创建成功
[2026-01-22 13:17:11] [INFO] 服务器启动 - mode=debug
[2026-01-22 13:17:16] [DEBUG] 限流器状态 - name=local, tokens=99
[2026-01-22 13:17:16] [INFO] 员工登录成功 - username=admin
[2026-01-22 13:17:16] [INFO] 请求处理完成 - 请求id=4b45bc66-0958-4dae-b596-19094dc41b9a, 请求方法=POST, 路径=/login, 状态码=200, 使用时间=56.259ms, 操作员=未知, 客户端IP=::1
[2026-01-22 13:17:22] [DEBUG] 限流器状态 - name=local, tokens=99
[2026-01-22 13:17:22] [INFO] 请求处理完成 - 请求id=19b115ec-1377-49da-9cef-04adce415de5, 请求方法=POST, 路径=/internal/luggageStorage, 状态码=403, 使用时间=10.6211ms, 操作员=, 客户端IP=::1
[2026-01-22 13:17:40] [INFO] 数据库表创建成功
[2026-01-22 13:17:40] [INFO] 服务器启动 - mode=debug
[2026-01-22 13:17:46] [DEBUG] 限流器状态 - tokens=99, name=local
[2026-01-22 13:17:46] [INFO] 员工登录成功 - username=admin
[2026-01-22 13:17:46] [INFO] 请求处理完成 - 请求id=3833c9bb-b516-4d13-8dde-2ff77176997c, 请求方法=POST, 路径=/login, 状态码=200, 使用时间=47.4924ms, 操作员=未知, 客户端IP=::1
[2026-01-22 13:17:49] [DEBUG] 限流器状态 - name=local, tokens=99
[2026-01-22 13:17:49] [INFO] 请求处理完成 - 请求id=b0841680-033a-4940-bcc1-1855b92871aa, 请求方法=POST, 路径=/internal/luggageStorage, 状态码=403, 使用时间=9.5101ms, 操作员=, 客户端IP=::1
[2026-01-22 13:18:01] [INFO] 数据库表创建成功
[2026-01-22 13:18:01] [INFO] 服务器启动 - mode=debug
[2026-01-22 13:18:04] [DEBUG] 限流器状态 - name=local, tokens=99
[2026-01-22 13:18:04] [INFO] 请求处理完成 - 请求id=d02d2e10-edbf-4099-b32e-257a7aa8f7b5, 请求方法=POST, 路径=/internal/luggageStorage, 状态码=403, 使用时间=28.4256ms, 操作员=, 客户端IP=::1
[2026-01-22 13:18:23] [INFO] 数据库表创建成功
[2026-01-22 13:18:23] [INFO] 服务器启动 - mode=debug
[2026-01-22 13:18:26] [DEBUG] 限流器状态 - name=local, tokens=99
[2026-01-22 13:18:26] [INFO] 请求处理完成 - 请求id=155881ff-6614-4b24-9b3f-19faf2cf35c0, 请求方法=POST, 路径=/internal/luggageStorage, 状态码=201, 使用时间=39.0128ms, 操作员=, 客户端IP=::1
[2026-01-22 13:18:34] [DEBUG] 限流器状态 - name=local, tokens=99
[2026-01-22 13:18:34] [INFO] 请求处理完成 - 请求id=2c704961-f670-4a3d-897e-cf25707dbbb1, 请求方法=GET, 路径=/internal/luggageStorage, 状态码=200, 使用时间=15.5369ms, 操作员=, 客户端IP=::1
[2026-01-22 13:18:43] [DEBUG] 限流器状态 - tokens=99, name=local
[2026-01-22 13:18:43] [INFO] 请求处理完成 - 请求id=9b6cd5e0-7a21-4ebb-ab01-199b8a900080, 请求方法=DELETE, 路径=/internal/luggageStorage/10, 状态码=200, 使用时间=13.9562ms, 操作员=, 客户端IP=::1
[2026-01-22 13:18:52] [DEBUG] 限流器状态 - tokens=99, name=local
[2026-01-22 13:18:52] [INFO] 请求处理完成 - 请求id=272055f7-98cd-4a7a-a17e-d1298528aa38, 请求方法=GET, 路径=/internal/luggageStorage, 状态码=200, 使用时间=16.9253ms, 操作员=, 客户端IP=::1
[2026-01-22 13:19:12] [DEBUG] 限流器状态 - name=local, tokens=99
[2026-01-22 13:19:12] [INFO] 请求处理完成 - 请求id=64724b26-ec92-49fa-a6b6-45016f9e3ffc, 请求方法=PUT, 路径=/internal/luggageStorage/, 状态码=404, 使用时间=0s, 操作员=未知, 客户端IP=::1
[2026-01-22 13:20:25] [DEBUG] 限流器状态 - tokens=99, name=local
[2026-01-22 13:20:25] [ERROR] 更新数据失败 - 请求id=0, error=Error 1452 (23000): Cannot add or update a child row: a foreign key constraint fails (`study`.`luggage_storages`, CONSTRAINT `fk_luggage_storages_hotel` FOREIGN KEY (`hotel_id`) REFERENCES `hotels` (`id`))
[2026-01-22 13:20:25] [INFO] 请求处理完成 - 请求id=55a5afdb-5a1f-4478-83aa-408743b1efd5, 请求方法=PUT, 路径=/internal/luggageStorage/1, 状态码=500, 使用时间=13.6507ms, 操作员=, 客户端IP=::1
[2026-01-22 13:20:58] [DEBUG] 限流器状态 - name=local, tokens=99
[2026-01-22 13:20:58] [INFO] 请求处理完成 - 请求id=690775af-34a3-4256-b7da-0fba5c3291c4, 请求方法=PUT, 路径=/internal/luggageStorage/1, 状态码=400, 使用时间=9.6294ms, 操作员=, 客户端IP=::1
[2026-01-22 13:21:07] [DEBUG] 限流器状态 - name=local, tokens=99
[2026-01-22 13:21:07] [INFO] 请求处理完成 - 请求id=43f80a66-f0c9-4222-a4c0-81660e72a372, 请求方法=PUT, 路径=/internal/luggageStorage/1, 状态码=200, 使用时间=12.3421ms, 操作员=, 客户端IP=::1
[2026-01-22 13:21:24] [DEBUG] 限流器状态 - name=local, tokens=99
[2026-01-22 13:21:24] [INFO] 请求处理完成 - 请求id=0aea2209-25c1-4218-b591-105fb7cf360e, 请求方法=GET, 路径=/internal/luggageStorage, 状态码=200, 使用时间=9.5335ms, 操作员=, 客户端IP=::1
[2026-01-22 13:21:42] [DEBUG] 限流器状态 - tokens=99, name=local
[2026-01-22 13:21:42] [INFO] 请求处理完成 - 请求id=8c82375b-7471-4dd5-9387-7aa4ff603143, 请求方法=GET, 路径=/internal/luggageStorage, 状态码=200, 使用时间=11.5362ms, 操作员=, 客户端IP=::1
[2026-01-22 13:21:53] [DEBUG] 限流器状态 - name=local, tokens=99
[2026-01-22 13:21:53] [INFO] 请求处理完成 - 请求id=8e3ff9e8-b10f-4efb-ac64-0cce4319a885, 请求方法=DELETE, 路径=/internal/luggageStorage/code/968768, 状态码=200, 使用时间=11.5212ms, 操作员=, 客户端IP=::1
[2026-01-22 13:21:56] [DEBUG] 限流器状态 - name=local, tokens=99
[2026-01-22 13:21:56] [INFO] 请求处理完成 - 请求id=edeee26f-c3a0-4e10-af99-a3ba3b220896, 请求方法=GET, 路径=/internal/luggageStorage, 状态码=200, 使用时间=17.6343ms, 操作员=, 客户端IP=::1
[2026-01-22 13:39:05] [INFO] 数据库表创建成功
[2026-01-22 13:39:05] [INFO] 服务器启动 - mode=debug
[2026-01-22 13:39:11] [DEBUG] 限流器状态 - name=local, tokens=49
[2026-01-22 13:39:11] [INFO] 员工登录成功 - username=admin
[2026-01-22 13:39:11] [INFO] 请求处理完成 - 请求id=935c069f-9b29-46a1-bb20-f55346353291, 请求方法=POST, 路径=/login, 状态码=200, 使用时间=50.4397ms, 操作员=未知, 客户端IP=::1
[2026-01-22 13:39:12] [DEBUG] 限流器状态 - tokens=49, name=local
[2026-01-22 13:39:12] [INFO] 员工登录成功 - username=admin
[2026-01-22 13:39:12] [INFO] 请求处理完成 - 请求id=95bdee1c-ab63-46c9-b9c2-5a0c5809b514, 请求方法=POST, 路径=/login, 状态码=200, 使用时间=73.7758ms, 操作员=未知, 客户端IP=::1
[2026-01-22 14:15:44] [INFO] 数据库表创建成功
[2026-01-22 14:15:44] [INFO] 服务器启动 - mode=debug
[2026-01-22 14:15:55] [DEBUG] 限流器状态 - name=local, tokens=49
[2026-01-22 14:15:55] [INFO] 请求处理完成 - 请求id=b69ebb94-0ed8-4c7a-97d0-3d71a2b4b7e9, 请求方法=GET, 路径=/internal/luggage, 状态码=401, 使用时间=997.6µs, 操作员=未知, 客户端IP=::1
[2026-01-22 14:16:00] [DEBUG] 限流器状态 - name=local, tokens=49
[2026-01-22 14:16:00] [INFO] 员工登录成功 - username=admin
[2026-01-22 14:16:00] [INFO] 请求处理完成 - 请求id=74a43ac2-9d42-4744-8627-09aed598a43f, 请求方法=POST, 路径=/login, 状态码=200, 使用时间=50.1209ms, 操作员=未知, 客户端IP=::1
[2026-01-22 14:16:06] [DEBUG] 限流器状态 - name=local, tokens=49
[2026-01-22 14:16:06] [INFO] 请求处理完成 - 请求id=f30c0251-4e29-4b45-aaba-208b0bcf713a, 请求方法=GET, 路径=/internal/luggage, 状态码=200, 使用时间=11.6991ms, 操作员=, 客户端IP=::1
[2026-01-22 14:16:35] [DEBUG] 限流器状态 - name=local, tokens=49
[2026-01-22 14:16:35] [INFO] 请求处理完成 - 请求id=d353ac76-33ae-48c9-b80f-26adf09318fe, 请求方法=GET, 路径=/internal/luggage, 状态码=200, 使用时间=11.7469ms, 操作员=, 客户端IP=::1
[2026-01-22 14:16:44] [DEBUG] 限流器状态 - name=local, tokens=49
[2026-01-22 14:16:44] [INFO] 请求处理完成 - 请求id=fbb5e1d5-6f7a-4bed-81a1-62ff4bee2b62, 请求方法=GET, 路径=/internal/luggage, 状态码=200, 使用时间=6.8299ms, 操作员=, 客户端IP=::1
[2026-01-22 14:16:56] [INFO] 数据库表创建成功
[2026-01-22 14:16:56] [INFO] 服务器启动 - mode=debug
[2026-01-22 14:17:31] [INFO] 数据库表创建成功
[2026-01-22 14:17:31] [INFO] 服务器启动 - mode=debug
[2026-01-22 14:17:35] [DEBUG] 限流器状态 - name=local, tokens=49
[2026-01-22 14:17:35] [INFO] 请求处理完成 - 请求id=d4a84a9c-d64b-4b25-a5cf-78db1c0ea15d, 请求方法=GET, 路径=/internal/luggage, 状态码=200, 使用时间=10.0368ms, 操作员=, 客户端IP=::1
[2026-01-22 14:17:41] [DEBUG] 限流器状态 - name=local, tokens=49
[2026-01-22 14:17:41] [INFO] 请求处理完成 - 请求id=b713b89a-122a-4146-a56c-8971c7ecd49c, 请求方法=GET, 路径=/internal/luggage, 状态码=200, 使用时间=9.8108ms, 操作员=, 客户端IP=::1
[2026-01-22 14:19:51] [INFO] 数据库表创建成功
[2026-01-22 14:19:51] [INFO] 服务器启动 - mode=debug
[2026-01-22 14:19:53] [DEBUG] 限流器状态 - name=local, tokens=49
[2026-01-22 14:19:53] [INFO] 请求处理完成 - 请求id=42a9c537-4fd6-46cf-8a58-bfc841fb1c18, 请求方法=GET, 路径=/internal/luggageStorage, 状态码=200, 使用时间=12.5852ms, 操作员=, 客户端IP=::1
[2026-01-22 14:19:57] [DEBUG] 限流器状态 - tokens=49, name=local
[2026-01-22 14:19:57] [INFO] 请求处理完成 - 请求id=c755330d-2146-4022-b2b2-89472616dde6, 请求方法=GET, 路径=/internal/luggageStorage, 状态码=200, 使用时间=27.4199ms, 操作员=, 客户端IP=::1
[2026-01-22 14:21:42] [INFO] 数据库表创建成功
[2026-01-22 14:21:42] [INFO] 服务器启动 - mode=debug
[2026-01-22 15:02:03] [INFO] 数据库表创建成功
[2026-01-22 15:02:03] [INFO] 服务器启动 - mode=debug
[2026-01-22 15:02:08] [DEBUG] 限流器状态 - name=local, tokens=49
[2026-01-22 15:02:08] [INFO] 员工登录成功 - username=admin
[2026-01-22 15:02:08] [INFO] 请求处理完成 - 请求id=d495031a-e391-45e1-b901-a803d807a6c3, 请求方法=POST, 路径=/login, 状态码=200, 使用时间=46.7364ms, 操作员=未知, 客户端IP=::1
[2026-01-22 15:02:11] [DEBUG] 限流器状态 - name=local, tokens=49
[2026-01-22 15:02:11] [ERROR] 创建行李记录失败 - 请求id=0, error=Error 1292 (22007): Incorrect datetime value: '0000-00-00' for column 'check_out_at' at row 1
[2026-01-22 15:02:11] [INFO] 请求处理完成 - 请求id=2cf79bbc-e51a-4249-86e5-2cd12eb676a1, 请求方法=POST, 路径=/internal/luggageStorage, 状态码=500, 使用时间=16.189ms, 操作员=, 客户端IP=::1
[2026-01-22 15:05:39] [INFO] 数据库表创建成功
[2026-01-22 15:05:39] [INFO] 服务器启动 - mode=debug
[2026-01-22 15:05:43] [DEBUG] 限流器状态 - tokens=49, name=local
[2026-01-22 15:05:43] [INFO] 请求处理完成 - 请求id=620af5ae-410b-433e-9dc6-25cb10937511, 请求方法=POST, 路径=/internal/luggageStorage, 状态码=201, 使用时间=48.6213ms, 操作员=, 客户端IP=::1
[2026-01-22 15:06:02] [DEBUG] 限流器状态 - name=local, tokens=49
[2026-01-22 15:06:02] [INFO] 请求处理完成 - 请求id=da972bbe-8ec0-448d-acf4-04244cc356f5, 请求方法=GET, 路径=/internal/luggageStorage, 状态码=200, 使用时间=12.9922ms, 操作员=, 客户端IP=::1
[2026-01-22 15:15:24] [INFO] 数据库表创建成功
[2026-01-22 15:15:24] [INFO] 服务器启动 - mode=debug
[2026-01-22 15:19:34] [INFO] 数据库表创建成功
[2026-01-22 15:19:34] [INFO] 服务器启动 - mode=debug
[2026-01-22 15:19:46] [DEBUG] 限流器状态 - name=local, tokens=49
[2026-01-22 15:19:46] [INFO] 请求处理完成 - 请求id=f00d6366-a6d1-446b-b1a4-ca2531efcf39, 请求方法=GET, 路径=/internal/luggage, 状态码=401, 使用时间=531.6µs, 操作员=未知, 客户端IP=::1
[2026-01-22 15:19:50] [DEBUG] 限流器状态 - name=local, tokens=49
[2026-01-22 15:19:50] [INFO] 员工登录成功 - username=admin
[2026-01-22 15:19:50] [INFO] 请求处理完成 - 请求id=c14fd956-5596-466c-94ba-2a208d4063b0, 请求方法=POST, 路径=/login, 状态码=200, 使用时间=46.8132ms, 操作员=未知, 客户端IP=::1
[2026-01-22 15:19:52] [DEBUG] 限流器状态 - tokens=49, name=local
[2026-01-22 15:19:52] [INFO] 请求处理完成 - 请求id=2ce0cb90-067b-48f3-8045-a0526f638c2d, 请求方法=GET, 路径=/internal/luggage, 状态码=200, 使用时间=10.7333ms, 操作员=, 客户端IP=::1
[2026-01-22 15:20:11] [DEBUG] 限流器状态 - name=local, tokens=49
[2026-01-22 15:20:11] [INFO] 请求处理完成 - 请求id=057b2992-c500-4e38-87b6-eed750e8408e, 请求方法=DELETE, 路径=/internal/luggageStorage/2, 状态码=200, 使用时间=8.4111ms, 操作员=, 客户端IP=::1
[2026-01-22 15:20:18] [DEBUG] 限流器状态 - name=local, tokens=49
[2026-01-22 15:20:18] [INFO] 请求处理完成 - 请求id=731d04b6-c0b9-4062-b821-ffe56507a1af, 请求方法=GET, 路径=/internal/luggage, 状态码=200, 使用时间=10.3408ms, 操作员=, 客户端IP=::1
[2026-01-22 15:20:39] [DEBUG] 限流器状态 - name=local, tokens=49
[2026-01-22 15:20:39] [INFO] 请求处理完成 - 请求id=00aa2562-dc5c-4923-8cc7-dead7f951f20, 请求方法=GET, 路径=/internal/luggage, 状态码=200, 使用时间=9.574ms, 操作员=, 客户端IP=::1
[2026-01-22 15:20:54] [DEBUG] 限流器状态 - name=local, tokens=49
[2026-01-22 15:20:54] [INFO] 请求处理完成 - 请求id=4c10af30-0053-4e80-b590-0d51f4e6b97d, 请求方法=GET, 路径=/internal/luggageStorage, 状态码=200, 使用时间=11.6423ms, 操作员=, 客户端IP=::1
[2026-01-22 15:22:08] [INFO] 数据库表创建成功
[2026-01-22 15:22:08] [INFO] 服务器启动 - mode=debug
[2026-01-22 15:22:13] [DEBUG] 限流器状态 - name=local, tokens=49
[2026-01-22 15:22:13] [INFO] 请求处理完成 - 请求id=ee7d0536-3a21-45d1-9244-18989ae0ed99, 请求方法=GET, 路径=/internal/luggageStorage, 状态码=200, 使用时间=12.7269ms, 操作员=, 客户端IP=::1
[2026-01-22 15:22:19] [DEBUG] 限流器状态 - name=local, tokens=49
[2026-01-22 15:22:19] [INFO] 请求处理完成 - 请求id=7834fdab-64aa-46f1-b724-e113f2aec07a, 请求方法=GET, 路径=/internal/luggageStorage, 状态码=200, 使用时间=13.6493ms, 操作员=, 客户端IP=::1
[2026-01-22 15:22:25] [DEBUG] 限流器状态 - name=local, tokens=49
[2026-01-22 15:22:25] [INFO] 请求处理完成 - 请求id=2c6fb611-93c9-47e9-8a46-d2f67478f2e1, 请求方法=GET, 路径=/internal/luggageStorage, 状态码=200, 使用时间=19.4741ms, 操作员=, 客户端IP=::1
[2026-01-22 15:24:05] [DEBUG] 限流器状态 - name=local, tokens=49
[2026-01-22 15:24:05] [INFO] 请求处理完成 - 请求id=777e3626-dc1e-49b9-8102-844293907a99, 请求方法=POST, 路径=/internal/luggageStorage/2, 状态码=404, 使用时间=11.0215ms, 操作员=, 客户端IP=::1
[2026-01-22 15:24:11] [DEBUG] 限流器状态 - name=local, tokens=49
[2026-01-22 15:24:11] [INFO] 请求处理完成 - 请求id=4d246b35-3345-40e8-ae8e-01ba5240106f, 请求方法=POST, 路径=/internal/luggageStorage/3, 状态码=200, 使用时间=16.085ms, 操作员=, 客户端IP=::1
[2026-01-22 15:24:15] [DEBUG] 限流器状态 - tokens=49, name=local
[2026-01-22 15:24:15] [INFO] 请求处理完成 - 请求id=994a269a-bceb-4fbb-8b72-19d2203ba894, 请求方法=GET, 路径=/internal/luggageStorage, 状态码=200, 使用时间=16.7401ms, 操作员=, 客户端IP=::1
[2026-01-22 15:31:07] [INFO] 数据库表创建成功
[2026-01-22 15:31:07] [INFO] 服务器启动 - mode=debug
[2026-01-22 15:31:12] [INFO] 数据库表创建成功
[2026-01-22 15:31:12] [INFO] 服务器启动 - mode=debug
[2026-01-22 15:31:15] [INFO] 数据库表创建成功
[2026-01-22 15:31:15] [INFO] 服务器启动 - mode=debug
[2026-01-22 15:31:26] [DEBUG] 限流器状态 - tokens=49, name=local
[2026-01-22 15:31:26] [INFO] 请求处理完成 - 请求id=3819b4a1-8ffc-4a5d-8ce1-ac48f70e488e, 请求方法=GET, 路径=/internal/luggage, 状态码=200, 使用时间=30.115ms, 操作员=, 客户端IP=::1
[2026-01-22 15:31:36] [DEBUG] 限流器状态 - name=local, tokens=49
[2026-01-22 15:31:36] [INFO] 请求处理完成 - 请求id=118b5b76-1e9e-4f20-9903-cafe72c58576, 请求方法=GET, 路径=/internal/luggageStorage, 状态码=200, 使用时间=12.1213ms, 操作员=, 客户端IP=::1
[2026-01-22 15:31:56] [DEBUG] 限流器状态 - name=local, tokens=49
[2026-01-22 15:31:56] [INFO] 请求处理完成 - 请求id=853b4e28-4bad-47b2-b4b4-d5cd7999face, 请求方法=POST, 路径=/internal/luggageStorage/4, 状态码=200, 使用时间=16.3823ms, 操作员=, 客户端IP=::1
[2026-01-22 15:32:08] [DEBUG] 限流器状态 - name=local, tokens=49
[2026-01-22 15:32:08] [INFO] 请求处理完成 - 请求id=c7d02eaf-8eac-427e-a8cb-13b195850950, 请求方法=GET, 路径=/internal/luggageStorage, 状态码=200, 使用时间=21.6901ms, 操作员=, 客户端IP=::1
[2026-01-22 15:54:44] [INFO] 数据库表创建成功
[2026-01-22 15:54:45] [INFO] 服务器启动 - mode=debug
[2026-01-22 15:54:48] [INFO] 数据库表创建成功
[2026-01-22 15:54:48] [INFO] 服务器启动 - mode=debug
[2026-01-22 15:54:52] [DEBUG] 限流器状态 - name=local, tokens=49
[2026-01-22 15:54:52] [INFO] 员工登录成功 - username=admin
[2026-01-22 15:54:52] [INFO] 请求处理完成 - 请求id=a2872a6c-454f-43d1-9880-8a6cd3c27cb2, 请求方法=POST, 路径=/login, 状态码=200, 使用时间=48.1496ms, 操作员=未知, 客户端IP=::1
[2026-01-22 15:55:52] [DEBUG] 限流器状态 - name=local, tokens=49
[2026-01-22 15:55:52] [INFO] 员工登录成功 - username=admin
[2026-01-22 15:55:52] [INFO] 请求处理完成 - 请求id=64eeb7b1-9ea1-46dd-a8ed-683ea1e54bf7, 请求方法=POST, 路径=/login, 状态码=200, 使用时间=46.8444ms, 操作员=未知, 客户端IP=::1
[2026-01-22 16:41:05] [INFO] 数据库表创建成功
[2026-01-22 16:41:05] [INFO] 服务器启动 - mode=debug
[2026-01-22 16:45:28] [INFO] 数据库表创建成功
[2026-01-22 16:45:28] [INFO] 服务器启动 - mode=debug
[2026-01-22 16:46:14] [DEBUG] 限流器状态 - name=local, tokens=49
[2026-01-22 16:46:14] [INFO] 员工登录成功 - username=admin
[2026-01-22 16:46:14] [INFO] 请求处理完成 - 请求id=1e2ecfe1-92dc-4a3e-8049-cbc24ed94a57, 请求方法=POST, 路径=/login, 状态码=200, 使用时间=50.9138ms, 操作员=未知, 客户端IP=183.36.189.141
[2026-01-22 17:12:46] [INFO] 数据库表创建成功
[2026-01-22 17:12:46] [INFO] 服务器启动 - mode=debug
[2026-01-23 10:04:16] [INFO] 数据库表创建成功
[2026-01-23 10:04:19] [INFO] 服务器启动 - mode=debug
[2026-01-23 10:34:09] [INFO] 数据库表创建成功
[2026-01-23 10:34:09] [INFO] 服务器启动 - mode=debug
[2026-01-23 10:34:27] [DEBUG] 限流器状态 - name=local, tokens=49
[2026-01-23 10:34:27] [INFO] 员工登录成功 - username=admin
[2026-01-23 10:34:27] [INFO] 请求处理完成 - 请求id=2e932303-3879-498f-874c-14238261cd7e, 请求方法=POST, 路径=/login, 状态码=200, 使用时间=47.473ms, 操作员=未知, 客户端IP=::1
[2026-01-23 10:34:54] [INFO] 数据库表创建成功
[2026-01-23 10:34:54] [INFO] 服务器启动 - mode=debug
[2026-01-23 10:34:57] [DEBUG] 限流器状态 - name=local, tokens=49
[2026-01-23 10:34:57] [INFO] 员工登录成功 - username=admin
[2026-01-23 10:34:57] [INFO] 请求处理完成 - 请求id=1d2ce9ed-1df9-4ee4-8608-04e4c0ba4b86, 请求方法=POST, 路径=/login, 状态码=200, 使用时间=47.6304ms, 操作员=未知, 客户端IP=::1
[2026-01-23 10:35:18] [DEBUG] 限流器状态 - name=local, tokens=49
[2026-01-23 10:35:18] [INFO] 员工登录成功 - username=admin
[2026-01-23 10:35:18] [INFO] 请求处理完成 - 请求id=1b35ad26-ce3e-4638-88e5-c41e533a3025, 请求方法=POST, 路径=/login, 状态码=200, 使用时间=48.2997ms, 操作员=未知, 客户端IP=::1
[2026-01-23 10:35:19] [DEBUG] 限流器状态 - tokens=49, name=local
[2026-01-23 10:35:19] [INFO] 员工登录成功 - username=admin
[2026-01-23 10:35:19] [INFO] 请求处理完成 - 请求id=24a3cb24-995b-4471-8790-0400d0ba6d00, 请求方法=POST, 路径=/login, 状态码=200, 使用时间=47.1835ms, 操作员=未知, 客户端IP=::1
[2026-01-23 10:35:19] [DEBUG] 限流器状态 - name=local, tokens=49
[2026-01-23 10:35:19] [INFO] 员工登录成功 - username=admin
[2026-01-23 10:35:19] [INFO] 请求处理完成 - 请求id=ff7e46b1-9ad0-4597-8629-d97548ce803e, 请求方法=POST, 路径=/login, 状态码=200, 使用时间=47.6922ms, 操作员=未知, 客户端IP=::1
[2026-01-23 10:35:20] [DEBUG] 限流器状态 - name=local, tokens=49
[2026-01-23 10:35:20] [INFO] 员工登录成功 - username=admin
[2026-01-23 10:35:20] [INFO] 请求处理完成 - 请求id=bd90c3ca-ff38-421c-a457-4a7f4857f8fc, 请求方法=POST, 路径=/login, 状态码=200, 使用时间=45.1741ms, 操作员=未知, 客户端IP=::1
[2026-01-23 10:35:20] [DEBUG] 限流器状态 - name=local, tokens=49
[2026-01-23 10:35:20] [INFO] 员工登录成功 - username=admin
[2026-01-23 10:35:20] [INFO] 请求处理完成 - 请求id=4aa9c5ff-6d66-4636-8e62-f5220c1dfb29, 请求方法=POST, 路径=/login, 状态码=200, 使用时间=44.3087ms, 操作员=未知, 客户端IP=::1
[2026-01-23 10:35:21] [DEBUG] 限流器状态 - name=local, tokens=49
[2026-01-23 10:35:21] [INFO] 员工登录成功 - username=admin
[2026-01-23 10:35:21] [INFO] 请求处理完成 - 请求id=a9bbcf64-7f00-4295-a693-f9ba22c49c1e, 请求方法=POST, 路径=/login, 状态码=200, 使用时间=45.8236ms, 操作员=未知, 客户端IP=::1
[2026-01-23 10:35:21] [DEBUG] 限流器状态 - name=local, tokens=49
[2026-01-23 10:35:21] [INFO] 员工登录成功 - username=admin
[2026-01-23 10:35:21] [INFO] 请求处理完成 - 请求id=7d968015-733a-40b1-a3bd-7d9ac2eb52fb, 请求方法=POST, 路径=/login, 状态码=200, 使用时间=47.5865ms, 操作员=未知, 客户端IP=::1
[2026-01-23 10:35:28] [DEBUG] 限流器状态 - name=local, tokens=49
[2026-01-23 10:35:28] [INFO] 请求处理完成 - 请求id=2be7bd6b-a134-4b8b-9fb0-ad4d21935ee7, 请求方法=POST, 路径=/internal/luggageStorage, 状态码=201, 使用时间=29.9537ms, 操作员=, 客户端IP=::1
[2026-01-23 10:35:29] [DEBUG] 限流器状态 - name=local, tokens=49
[2026-01-23 10:35:29] [INFO] 请求处理完成 - 请求id=8df84fb7-dc59-4682-a35d-abde5399de8b, 请求方法=POST, 路径=/internal/luggageStorage, 状态码=201, 使用时间=27.5604ms, 操作员=, 客户端IP=::1
[2026-01-23 10:36:04] [INFO] 数据库表创建成功
[2026-01-23 10:36:05] [INFO] 服务器启动 - mode=debug
[2026-01-23 10:38:00] [DEBUG] 限流器状态 - name=local, tokens=49
[2026-01-23 10:38:00] [INFO] 请求处理完成 - 请求id=ba51984b-5044-49e0-9927-7b3d9ae2be65, 请求方法=GET, 路径=/register, 状态码=404, 使用时间=907.2µs, 操作员=未知, 客户端IP=54.222.207.217
[2026-01-23 10:38:00] [DEBUG] 限流器状态 - name=local, tokens=49
[2026-01-23 10:38:00] [INFO] 请求处理完成 - 请求id=f8447977-cc58-41db-bfa1-9b56396e8289, 请求方法=GET, 路径=/favicon.ico, 状态码=404, 使用时间=508.4µs, 操作员=未知, 客户端IP=54.222.207.217
[2026-01-23 10:38:08] [DEBUG] 限流器状态 - name=local, tokens=49
[2026-01-23 10:38:08] [INFO] 请求处理完成 - 请求id=8399f905-2c5e-4cb3-830f-18fe1c4f777a, 请求方法=GET, 路径=/register, 状态码=404, 使用时间=508.8µs, 操作员=未知, 客户端IP=52.80.178.113
[2026-01-23 11:37:44] [INFO] 数据库表创建成功
[2026-01-23 11:37:44] [INFO] 服务器启动 - mode=debug
[2026-01-23 11:37:53] [INFO] 数据库表创建成功
[2026-01-23 11:37:53] [INFO] 服务器启动 - mode=debug
[2026-01-23 14:32:10] [INFO] 数据库表创建成功
[2026-01-23 14:32:10] [INFO] 服务器启动 - mode=debug
[2026-01-23 14:33:42] [INFO] 数据库表创建成功
[2026-01-23 14:33:42] [INFO] 服务器启动 - mode=debug
[2026-01-23 14:33:45] [ERROR] 限流器执行脚本失败 - name=local, error=MISCONF Redis is configured to save RDB snapshots, but it's currently unable to persist to disk. Commands that may modify the data set are disabled, because this instance is configured to report errors during writes if RDB snapshotting fails (stop-writes-on-bgsave-error option). Please check the Redis logs for details about the RDB error. script: 28e2beabd17123c3991c66f202d51fd23c624dbc, on @user_script:26.
[2026-01-23 14:33:45] [WARNING] 请求过于频繁 - 客户端IP=::1
[2026-01-23 14:33:45] [INFO] 请求处理完成 - 请求id=f1cf5ddd-78cd-4aff-b23e-5bfe541c8908, 请求方法=GET, 路径=/internal/luggageStorage, 状态码=429, 使用时间=1.0704ms, 操作员=未知, 客户端IP=::1
[2026-01-23 14:33:49] [ERROR] 限流器执行脚本失败 - name=local, error=MISCONF Redis is configured to save RDB snapshots, but it's currently unable to persist to disk. Commands that may modify the data set are disabled, because this instance is configured to report errors during writes if RDB snapshotting fails (stop-writes-on-bgsave-error option). Please check the Redis logs for details about the RDB error. script: 28e2beabd17123c3991c66f202d51fd23c624dbc, on @user_script:26.
[2026-01-23 14:33:49] [WARNING] 请求过于频繁 - 客户端IP=::1
[2026-01-23 14:33:49] [INFO] 请求处理完成 - 请求id=154567bb-8d3b-4e1a-a1b3-bfce8bfccf10, 请求方法=POST, 路径=/login, 状态码=429, 使用时间=1.1495ms, 操作员=未知, 客户端IP=::1
[2026-01-23 14:34:20] [DEBUG] 限流器状态 - tokens=49, name=local
[2026-01-23 14:34:20] [INFO] 员工登录成功 - username=admin
[2026-01-23 14:34:20] [INFO] 请求处理完成 - 请求id=44929899-73a1-4411-a9a6-24889a1b9143, 请求方法=POST, 路径=/login, 状态码=200, 使用时间=73.2686ms, 操作员=未知, 客户端IP=::1
[2026-01-23 14:34:31] [DEBUG] 限流器状态 - tokens=49, name=local
[2026-01-23 14:34:31] [INFO] 请求处理完成 - 请求id=8122ae4d-bc9a-43fc-b2d9-0923988b7c12, 请求方法=GET, 路径=/internal/luggageStorage, 状态码=200, 使用时间=17.7672ms, 操作员=, 客户端IP=::1
[2026-01-23 14:34:46] [DEBUG] 限流器状态 - name=local, tokens=49
[2026-01-23 14:34:46] [INFO] 请求处理完成 - 请求id=60bfb128-cb3e-43bc-99e5-35cf96a1fa16, 请求方法=GET, 路径=/internal/luggageStorage, 状态码=200, 使用时间=17.0594ms, 操作员=, 客户端IP=::1
[2026-01-23 14:40:05] [INFO] 数据库表创建成功
[2026-01-23 14:40:05] [INFO] 服务器启动 - mode=debug
[2026-01-23 14:45:05] [INFO] 数据库表创建成功
[2026-01-23 14:45:05] [INFO] 服务器启动 - mode=debug
[2026-01-23 14:45:15] [DEBUG] 限流器状态 - tokens=49, name=local
[2026-01-23 14:45:15] [INFO] 请求处理完成 - 请求id=10f8ceb2-3c0c-4425-a2b1-9d355d616444, 请求方法=POST, 路径=/register, 状态码=400, 使用时间=13.4106ms, 操作员=, 客户端IP=::1
[2026-01-23 14:45:54] [INFO] 数据库表创建成功
[2026-01-23 14:45:54] [INFO] 服务器启动 - mode=debug
[2026-01-23 14:46:01] [DEBUG] 限流器状态 - name=local, tokens=49
[2026-01-23 14:46:01] [INFO] 请求处理完成 - 请求id=b6d23294-5305-4786-afac-80e9c7dc73ff, 请求方法=POST, 路径=/register, 状态码=400, 使用时间=79.9549ms, 操作员=, 客户端IP=::1
[2026-01-23 14:46:57] [DEBUG] 限流器状态 - name=local, tokens=49
[2026-01-23 14:46:57] [INFO] 员工注册成功 - username=veniam
[2026-01-23 14:46:57] [INFO] 请求处理完成 - 请求id=67c77905-d95b-4179-add7-8fc064df5446, 请求方法=POST, 路径=/register, 状态码=201, 使用时间=59.4173ms, 操作员=, 客户端IP=::1
[2026-01-23 14:47:46] [INFO] 数据库表创建成功
[2026-01-23 14:47:46] [INFO] 服务器启动 - mode=debug
[2026-01-23 14:47:48] [DEBUG] 限流器状态 - tokens=49, name=local
[2026-01-23 14:47:48] [INFO] 请求处理完成 - 请求id=470e765e-2d3c-4cbc-8e6f-b68b6580cc57, 请求方法=POST, 路径=/register, 状态码=409, 使用时间=18.9324ms, 操作员=, 客户端IP=::1
[2026-01-23 14:47:53] [DEBUG] 限流器状态 - tokens=49, name=local
[2026-01-23 14:47:53] [INFO] 员工注册成功 - username=veniam1
[2026-01-23 14:47:53] [INFO] 请求处理完成 - 请求id=2ce68ff5-b586-4a1d-aba5-dc0d2a2557bb, 请求方法=POST, 路径=/register, 状态码=201, 使用时间=68.513ms, 操作员=, 客户端IP=::1
[2026-01-23 14:49:46] [INFO] 数据库表创建成功
[2026-01-23 14:49:46] [INFO] 服务器启动 - mode=debug
[2026-01-23 14:50:12] [DEBUG] 限流器状态 - name=local, tokens=49
[2026-01-23 14:50:12] [INFO] 请求处理完成 - 请求id=21f1099d-abbc-4c36-88b8-4e21732f976b, 请求方法=POST, 路径=/internal/luggageStorage, 状态码=401, 使用时间=1.5004ms, 操作员=未知, 客户端IP=::1
[2026-01-23 14:50:24] [DEBUG] 限流器状态 - name=local, tokens=49
[2026-01-23 14:50:24] [INFO] 员工登录成功 - username=admin
[2026-01-23 14:50:24] [INFO] 请求处理完成 - 请求id=1901ff22-cc8b-4992-899b-85eea60c2051, 请求方法=POST, 路径=/login, 状态码=200, 使用时间=54.2007ms, 操作员=未知, 客户端IP=::1
[2026-01-23 14:50:26] [DEBUG] 限流器状态 - name=local, tokens=49
[2026-01-23 14:50:26] [INFO] 请求处理完成 - 请求id=88d0e60f-b597-4b52-acc5-aa382dfe1fe1, 请求方法=POST, 路径=/internal/luggageStorage, 状态码=201, 使用时间=26.5536ms, 操作员=, 客户端IP=::1
[2026-01-23 14:52:07] [INFO] 数据库表创建成功
[2026-01-23 14:52:07] [INFO] 服务器启动 - mode=debug
[2026-01-23 15:45:42] [INFO] 数据库表创建成功
[2026-01-23 15:45:42] [INFO] 服务器启动 - mode=debug
[2026-01-23 15:45:47] [DEBUG] 限流器状态 - name=local, tokens=49
[2026-01-23 15:45:47] [INFO] 请求处理完成 - 请求id=a8586406-5396-4ceb-80f2-587200234e6f, 请求方法=GET, 路径=/internal/luggageStorage, 状态码=404, 使用时间=999.9µs, 操作员=未知, 客户端IP=::1
[2026-01-23 15:45:56] [DEBUG] 限流器状态 - tokens=49, name=local
[2026-01-23 15:45:56] [INFO] 请求处理完成 - 请求id=6eb38a3f-2e9c-441a-bd90-9e6ae14aca11, 请求方法=GET, 路径=/internal/LuggageStorage, 状态码=401, 使用时间=1.2905ms, 操作员=未知, 客户端IP=::1
[2026-01-23 15:45:59] [DEBUG] 限流器状态 - tokens=49, name=local
[2026-01-23 15:45:59] [INFO] 员工登录成功 - username=admin
[2026-01-23 15:45:59] [INFO] 请求处理完成 - 请求id=fc6eb39c-9466-431a-828f-c32130e4083a, 请求方法=POST, 路径=/login, 状态码=200, 使用时间=53.5265ms, 操作员=未知, 客户端IP=::1
[2026-01-23 15:46:03] [DEBUG] 限流器状态 - name=local, tokens=49
[2026-01-23 15:46:03] [INFO] 请求处理完成 - 请求id=039635b5-8019-4ba3-b5bc-034643096260, 请求方法=GET, 路径=/internal/LuggageStorage, 状态码=200, 使用时间=28.3673ms, 操作员=, 客户端IP=::1
[2026-01-23 15:56:20] [INFO] 数据库表创建成功
[2026-01-23 15:56:21] [INFO] 服务器启动 - mode=debug
[2026-01-23 15:56:22] [DEBUG] 限流器状态 - tokens=49, name=local
[2026-01-23 15:56:22] [INFO] 员工登录成功 - username=admin
[2026-01-23 15:56:22] [INFO] 请求处理完成 - 请求id=5e263fc7-4a04-41a0-9ae7-0056c476468a, 请求方法=POST, 路径=/login, 状态码=200, 使用时间=49.2716ms, 操作员=未知, 客户端IP=::1
[2026-01-23 15:56:25] [DEBUG] 限流器状态 - name=local, tokens=49
[2026-01-23 15:56:25] [ERROR] 行李数据绑定错误 - 请求id=0, error=invalid character '"' after object key:value pair
[2026-01-23 15:56:25] [INFO] 请求处理完成 - 请求id=753ec673-35c3-4607-8704-73a1defab848, 请求方法=POST, 路径=/internal/LuggageStorage, 状态码=400, 使用时间=54.6107ms, 操作员=, 客户端IP=::1
[2026-01-23 15:56:42] [DEBUG] 限流器状态 - name=local, tokens=49
[2026-01-23 15:56:42] [INFO] 请求处理完成 - 请求id=e9b5980a-55d7-4e13-9d09-177b5f0f99c0, 请求方法=POST, 路径=/internal/LuggageStorage, 状态码=201, 使用时间=17.134ms, 操作员=, 客户端IP=::1
[2026-01-23 16:02:28] [INFO] 数据库表创建成功
[2026-01-23 16:02:28] [INFO] 服务器启动 - mode=debug
[2026-01-23 16:02:32] [DEBUG] 限流器状态 - name=local, tokens=49
[2026-01-23 16:02:32] [INFO] 员工登录成功 - username=admin
[2026-01-23 16:02:32] [INFO] 请求处理完成 - 请求id=7756c9ec-4059-48af-ba69-f22b11ac4360, 请求方法=POST, 路径=/login, 状态码=200, 使用时间=49.7469ms, 操作员=未知, 客户端IP=::1
[2026-01-23 16:02:34] [DEBUG] 限流器状态 - name=local, tokens=49
[2026-01-23 16:02:34] [INFO] 请求处理完成 - 请求id=9ce804d9-ac1e-4ac0-a5e6-143a69ef0fc9, 请求方法=POST, 路径=/internal/luggageStorage/, 状态码=404, 使用时间=932.3µs, 操作员=未知, 客户端IP=::1
[2026-01-23 16:02:42] [DEBUG] 限流器状态 - name=local, tokens=49
[2026-01-23 16:02:42] [INFO] 请求处理完成 - 请求id=e961bcd5-f275-425e-a99d-ed3a2a2fe2b4, 请求方法=POST, 路径=/internal/LuggageStorage, 状态码=401, 使用时间=999.1µs, 操作员=未知, 客户端IP=::1
[2026-01-23 16:02:53] [DEBUG] 限流器状态 - name=local, tokens=49
[2026-01-23 16:02:53] [INFO] 请求处理完成 - 请求id=b89c0863-a04a-4e68-a1e6-58da9a7a30b2, 请求方法=POST, 路径=/internal/LuggageStorage, 状态码=400, 使用时间=12.5215ms, 操作员=, 客户端IP=::1
[2026-01-23 16:04:16] [DEBUG] 限流器状态 - name=local, tokens=49
[2026-01-23 16:04:16] [INFO] 请求处理完成 - 请求id=82b9be29-c99c-46f9-8770-782eedfbdb6d, 请求方法=POST, 路径=/internal/LuggageStorage/code, 状态码=500, 使用时间=10.9164ms, 操作员=, 客户端IP=::1
[2026-01-23 16:04:41] [INFO] 数据库表创建成功
[2026-01-23 16:04:41] [INFO] 服务器启动 - mode=debug
[2026-01-23 16:04:43] [DEBUG] 限流器状态 - tokens=49, name=local
[2026-01-23 16:04:43] [INFO] 请求处理完成 - 请求id=720e9f04-cf11-47a0-acfb-2ca07fae6d3b, 请求方法=POST, 路径=/internal/LuggageStorage/code/, 状态码=404, 使用时间=1.0092ms, 操作员=未知, 客户端IP=::1
[2026-01-23 16:05:06] [DEBUG] 限流器状态 - name=local, tokens=49
[2026-01-23 16:05:06] [INFO] 请求处理完成 - 请求id=047753f3-8312-4dad-8f2b-8a76db17103a, 请求方法=POST, 路径=/internal/LuggageStorage/code/1, 状态码=500, 使用时间=10.7903ms, 操作员=, 客户端IP=::1
[2026-01-23 16:05:51] [INFO] 数据库表创建成功
[2026-01-23 16:05:51] [INFO] 服务器启动 - mode=debug
[2026-01-23 16:05:53] [DEBUG] 限流器状态 - name=local, tokens=49
[2026-01-23 16:05:53] [INFO] 请求处理完成 - 请求id=4794f3a5-fc23-42a7-9845-b1268cd4b1a9, 请求方法=POST, 路径=/internal/LuggageStorage/code/1, 状态码=404, 使用时间=35.8324ms, 操作员=, 客户端IP=::1
[2026-01-23 16:05:59] [DEBUG] 限流器状态 - tokens=49, name=local
[2026-01-23 16:05:59] [INFO] 请求处理完成 - 请求id=a0a05a63-9104-4ff3-bd6a-ad3c3c817bdb, 请求方法=GET, 路径=/internal/LuggageStorage, 状态码=200, 使用时间=16.6257ms, 操作员=, 客户端IP=::1
[2026-01-23 16:06:19] [DEBUG] 限流器状态 - tokens=49, name=local
[2026-01-23 16:06:19] [INFO] 请求处理完成 - 请求id=469a7482-daef-4b61-a293-ccb4665ef3b9, 请求方法=POST, 路径=/internal/LuggageStorage/code/101380, 状态码=200, 使用时间=23.9429ms, 操作员=, 客户端IP=::1
[2026-01-23 16:06:23] [DEBUG] 限流器状态 - name=local, tokens=49
[2026-01-23 16:06:23] [INFO] 请求处理完成 - 请求id=9b06f48c-2265-4b4d-a084-add969d08520, 请求方法=GET, 路径=/internal/LuggageStorage, 状态码=200, 使用时间=23.9629ms, 操作员=, 客户端IP=::1
[2026-01-23 16:06:39] [DEBUG] 限流器状态 - name=local, tokens=49
[2026-01-23 16:06:39] [INFO] 请求处理完成 - 请求id=5402415e-f4b3-4e80-b6c1-35bed9f0228d, 请求方法=GET, 路径=/internal/LuggageStorage, 状态码=200, 使用时间=14.9354ms, 操作员=, 客户端IP=::1
[2026-01-23 16:16:53] [INFO] 数据库表创建成功
[2026-01-23 16:16:53] [INFO] 服务器启动 - mode=debug
[2026-01-23 16:16:55] [DEBUG] 限流器状态 - name=local, tokens=49
[2026-01-23 16:16:55] [INFO] 员工登录成功 - username=admin
[2026-01-23 16:16:55] [INFO] 请求处理完成 - 请求id=ce1c35c0-bce2-45ba-a2f6-9d1b88d7cece, 请求方法=POST, 路径=/login, 状态码=200, 使用时间=57.9858ms, 操作员=未知, 客户端IP=::1
[2026-01-23 16:17:04] [DEBUG] 限流器状态 - tokens=49, name=local
[2026-01-23 16:17:04] [INFO] 请求处理完成 - 请求id=d0f6ce46-f2b8-4744-9ec4-d598b2d4ae1a, 请求方法=GET, 路径=/internal/LuggageStorage, 状态码=401, 使用时间=2.4453ms, 操作员=未知, 客户端IP=::1
[2026-01-23 16:17:08] [DEBUG] 限流器状态 - name=local, tokens=49
[2026-01-23 16:17:08] [INFO] 员工登录成功 - username=admin
[2026-01-23 16:17:08] [INFO] 请求处理完成 - 请求id=167e6f9c-9f16-490f-bb1b-658fc4410ee5, 请求方法=POST, 路径=/login, 状态码=200, 使用时间=54.1109ms, 操作员=未知, 客户端IP=::1
[2026-01-23 16:17:10] [DEBUG] 限流器状态 - name=local, tokens=49
[2026-01-23 16:17:10] [INFO] 请求处理完成 - 请求id=9bc989af-190d-40cb-ad20-667acd3acddc, 请求方法=GET, 路径=/internal/LuggageStorage, 状态码=200, 使用时间=12.7303ms, 操作员=, 客户端IP=::1
[2026-01-23 16:17:23] [DEBUG] 限流器状态 - name=local, tokens=49
[2026-01-23 16:17:23] [INFO] 请求处理完成 - 请求id=fb05971d-30d4-4109-a1ab-0b50db773de8, 请求方法=POST, 路径=/internal/LuggageStorage/code/675043, 状态码=401, 使用时间=1.0056ms, 操作员=未知, 客户端IP=::1
[2026-01-23 16:17:28] [DEBUG] 限流器状态 - name=local, tokens=49
[2026-01-23 16:17:28] [INFO] 员工登录成功 - username=admin
[2026-01-23 16:17:28] [INFO] 请求处理完成 - 请求id=a2d8d103-2be3-45c4-be42-c1e860796977, 请求方法=POST, 路径=/login, 状态码=200, 使用时间=43.6891ms, 操作员=未知, 客户端IP=::1
[2026-01-23 16:17:31] [DEBUG] 限流器状态 - name=local, tokens=49
[2026-01-23 16:17:31] [INFO] 请求处理完成 - 请求id=8ba6044c-cdef-41c0-8b74-b68df1c8dfa0, 请求方法=POST, 路径=/internal/LuggageStorage/code/675043, 状态码=200, 使用时间=17.1594ms, 操作员=, 客户端IP=::1
[2026-01-23 16:17:39] [DEBUG] 限流器状态 - name=local, tokens=49
[2026-01-23 16:17:39] [INFO] 请求处理完成 - 请求id=71770d7a-08bc-4338-8de4-821e88621f8a, 请求方法=GET, 路径=/internal/LuggageStorage, 状态码=401, 使用时间=999.6µs, 操作员=未知, 客户端IP=::1
[2026-01-23 16:45:15] [INFO] 数据库表创建成功
[2026-01-23 16:45:15] [INFO] 服务器启动 - mode=debug
[2026-01-23 16:45:18] [DEBUG] 限流器状态 - name=local, tokens=49
[2026-01-23 16:45:18] [INFO] 请求处理完成 - 请求id=f702224b-b852-42d5-a9ed-7897beaa59c9, 请求方法=POST, 路径=/internal/LuggageStorage, 状态码=401, 使用时间=531.7µs, 操作员=未知, 客户端IP=::1
[2026-01-23 16:45:21] [DEBUG] 限流器状态 - tokens=49, name=local
[2026-01-23 16:45:21] [INFO] 员工登录成功 - username=admin
[2026-01-23 16:45:21] [INFO] 请求处理完成 - 请求id=e7920936-4915-4d35-bf09-c0e8e57afdc9, 请求方法=POST, 路径=/login, 状态码=200, 使用时间=49.36ms, 操作员=未知, 客户端IP=::1
[2026-01-23 16:45:22] [DEBUG] 限流器状态 - name=local, tokens=49
[2026-01-23 16:45:22] [INFO] 请求处理完成 - 请求id=9135669a-40a3-4cda-88e8-bcd4f6c9a96e, 请求方法=POST, 路径=/internal/LuggageStorage, 状态码=201, 使用时间=43.1989ms, 操作员=, 客户端IP=::1
[2026-01-23 16:45:33] [DEBUG] 限流器状态 - name=local, tokens=49
[2026-01-23 16:45:33] [INFO] 请求处理完成 - 请求id=a25e3b6d-70bc-4af9-ba2b-241ee7aef454, 请求方法=GET, 路径=/internal/LuggageStorage, 状态码=401, 使用时间=507.6µs, 操作员=未知, 客户端IP=::1
[2026-01-23 16:45:35] [DEBUG] 限流器状态 - tokens=49, name=local
[2026-01-23 16:45:35] [INFO] 员工登录成功 - username=admin
[2026-01-23 16:45:35] [INFO] 请求处理完成 - 请求id=44a74d2d-8c5c-49ef-9769-f733bc13eb8d, 请求方法=POST, 路径=/login, 状态码=200, 使用时间=45.853ms, 操作员=未知, 客户端IP=::1
[2026-01-23 16:45:37] [DEBUG] 限流器状态 - name=local, tokens=49
[2026-01-23 16:45:37] [INFO] 请求处理完成 - 请求id=8d26747d-8bd8-4047-810b-06c445274732, 请求方法=GET, 路径=/internal/LuggageStorage, 状态码=200, 使用时间=15.2288ms, 操作员=, 客户端IP=::1
[2026-01-23 16:47:05] [INFO] 数据库表创建成功
[2026-01-23 16:47:05] [INFO] 服务器启动 - mode=debug
[2026-01-23 16:47:08] [DEBUG] 限流器状态 - tokens=49, name=local
[2026-01-23 16:47:08] [INFO] 请求处理完成 - 请求id=4a350b2f-c301-4cf4-8f35-ad5818f41d07, 请求方法=GET, 路径=/internal/LuggageStorage, 状态码=200, 使用时间=22.0082ms, 操作员=, 客户端IP=::1
[2026-01-23 16:49:30] [INFO] 数据库表创建成功
[2026-01-23 16:49:30] [INFO] 服务器启动 - mode=debug
[2026-01-23 16:49:38] [DEBUG] 限流器状态 - tokens=49, name=local
[2026-01-23 16:49:38] [INFO] 请求处理完成 - 请求id=164d804c-adc8-4249-adb5-b6a54d169b02, 请求方法=POST, 路径=/internal/LuggageStorage, 状态码=401, 使用时间=1.8946ms, 操作员=未知, 客户端IP=::1
[2026-01-23 16:49:41] [DEBUG] 限流器状态 - name=local, tokens=49
[2026-01-23 16:49:41] [INFO] 员工登录成功 - username=admin
[2026-01-23 16:49:41] [INFO] 请求处理完成 - 请求id=64999409-3e7f-4c3f-8d41-a5177e891ede, 请求方法=POST, 路径=/login, 状态码=200, 使用时间=51.5513ms, 操作员=未知, 客户端IP=::1
[2026-01-23 16:49:43] [DEBUG] 限流器状态 - name=local, tokens=49
[2026-01-23 16:49:43] [INFO] 请求处理完成 - 请求id=10e0995e-f217-4891-b6c8-01fa563adeaa, 请求方法=POST, 路径=/internal/LuggageStorage, 状态码=201, 使用时间=20.849ms, 操作员=, 客户端IP=::1
[2026-01-23 16:49:47] [DEBUG] 限流器状态 - tokens=49, name=local
[2026-01-23 16:49:47] [INFO] 员工登录成功 - username=admin
[2026-01-23 16:49:47] [INFO] 请求处理完成 - 请求id=76cb5fad-bc73-4532-a791-3a53dc1908bc, 请求方法=POST, 路径=/login, 状态码=200, 使用时间=48.2138ms, 操作员=未知, 客户端IP=::1
[2026-01-23 16:49:49] [DEBUG] 限流器状态 - name=local, tokens=49
[2026-01-23 16:49:49] [INFO] 请求处理完成 - 请求id=077c50ff-6eb5-41ca-828f-ec36cc98d51b, 请求方法=GET, 路径=/internal/LuggageStorage, 状态码=200, 使用时间=15.9501ms, 操作员=, 客户端IP=::1
[2026-01-25 14:34:25] [INFO] 数据库表创建成功
[2026-01-25 14:34:27] [INFO] 服务器启动 - mode=debug
[2026-01-25 14:34:44] [DEBUG] 限流器状态 - name=local, tokens=49
[2026-01-25 14:34:44] [INFO] 请求处理完成 - 请求id=44648cde-7132-4b2c-8e0f-0a87b2ca9b3d, 请求方法=POST, 路径=/auth/login, 状态码=404, 使用时间=4.9514ms, 操作员=未知, 客户端IP=::1
[2026-01-25 14:34:57] [DEBUG] 限流器状态 - tokens=49, name=local
[2026-01-25 14:34:57] [INFO] 请求处理完成 - 请求id=d0cb86a2-3db8-44c2-adaf-a158c61c0f35, 请求方法=POST, 路径=/login, 状态码=401, 使用时间=52.2477ms, 操作员=未知, 客户端IP=::1
[2026-01-25 14:35:09] [DEBUG] 限流器状态 - name=local, tokens=49
[2026-01-25 14:35:09] [INFO] 员工登录成功 - username=admin
[2026-01-25 14:35:09] [INFO] 请求处理完成 - 请求id=ce13fc80-50e5-4e03-b64d-2f4e2cc34494, 请求方法=POST, 路径=/login, 状态码=200, 使用时间=53.4774ms, 操作员=未知, 客户端IP=::1
[2026-01-25 14:36:22] [DEBUG] 限流器状态 - name=local, tokens=49
[2026-01-25 14:36:22] [INFO] 员工登录成功 - username=admin
[2026-01-25 14:36:22] [INFO] 请求处理完成 - 请求id=6f821727-3333-4e4a-aacf-83c38578e519, 请求方法=POST, 路径=/login, 状态码=200, 使用时间=47.9176ms, 操作员=未知, 客户端IP=::1
[2026-01-25 14:36:32] [DEBUG] 限流器状态 - name=local, tokens=49
[2026-01-25 14:36:32] [INFO] 员工登录成功 - username=admin
[2026-01-25 14:36:32] [INFO] 请求处理完成 - 请求id=9a350527-fd00-47f0-93e9-a3346288744c, 请求方法=POST, 路径=/login, 状态码=200, 使用时间=48.2692ms, 操作员=未知, 客户端IP=::1
[2026-01-25 14:36:53] [DEBUG] 限流器状态 - name=local, tokens=49
[2026-01-25 14:36:53] [INFO] 员工登录成功 - username=admin
[2026-01-25 14:36:53] [INFO] 请求处理完成 - 请求id=eed5f922-fe76-4d22-8e11-71c490df7c8d, 请求方法=POST, 路径=/login, 状态码=200, 使用时间=54.401ms, 操作员=未知, 客户端IP=::1
[2026-01-25 14:37:52] [INFO] 数据库表创建成功
[2026-01-25 14:37:52] [INFO] 服务器启动 - mode=debug
[2026-01-25 14:37:55] [DEBUG] 限流器状态 - tokens=49, name=local
[2026-01-25 14:37:55] [INFO] 员工登录成功 - username=admin
[2026-01-25 14:37:55] [INFO] 请求处理完成 - 请求id=31c10386-4319-4ed2-941f-21ef8bf1e656, 请求方法=POST, 路径=/login, 状态码=200, 使用时间=50.7381ms, 操作员=未知, 客户端IP=::1
[2026-01-25 14:38:25] [DEBUG] 限流器状态 - name=local, tokens=49
[2026-01-25 14:38:25] [INFO] 员工登录成功 - username=admin
[2026-01-25 14:38:25] [INFO] 请求处理完成 - 请求id=fa0efe5d-91c5-4787-8ac8-63064cd5e659, 请求方法=POST, 路径=/login, 状态码=200, 使用时间=49.8516ms, 操作员=未知, 客户端IP=::1
[2026-01-25 14:40:20] [DEBUG] 限流器状态 - name=local, tokens=49
[2026-01-25 14:40:20] [INFO] 员工登录成功 - username=admin
[2026-01-25 14:40:20] [INFO] 请求处理完成 - 请求id=922f3f7f-ecd2-48bc-ba17-0a1b7779307b, 请求方法=POST, 路径=/login, 状态码=200, 使用时间=53.3525ms, 操作员=未知, 客户端IP=::1
[2026-01-25 14:43:15] [DEBUG] 限流器状态 - name=local, tokens=49
[2026-01-25 14:43:15] [INFO] 请求处理完成 - 请求id=31cb7563-50e0-4bd0-9217-601a565c2877, 请求方法=POST, 路径=/internal/photo, 状态码=401, 使用时间=1.0874ms, 操作员=未知, 客户端IP=::1
[2026-01-25 14:43:20] [DEBUG] 限流器状态 - tokens=49, name=local
[2026-01-25 14:43:20] [INFO] 员工登录成功 - username=admin
[2026-01-25 14:43:20] [INFO] 请求处理完成 - 请求id=5203e9d3-a2ea-4d9e-9e58-77d27dc6e6c2, 请求方法=POST, 路径=/login, 状态码=200, 使用时间=52.017ms, 操作员=未知, 客户端IP=::1
[2026-01-25 14:43:22] [DEBUG] 限流器状态 - name=local, tokens=49
[2026-01-25 14:43:22] [INFO] 请求处理完成 - 请求id=6c51393f-1aee-4027-b68e-74c69de3d97b, 请求方法=POST, 路径=/internal/photo, 状态码=401, 使用时间=1.0057ms, 操作员=未知, 客户端IP=::1
[2026-01-25 14:43:28] [DEBUG] 限流器状态 - name=local, tokens=49
[2026-01-25 14:43:28] [INFO] 请求处理完成 - 请求id=01f543f4-1730-4f75-95f2-d4b166193cef, 请求方法=POST, 路径=/internal/photo, 状态码=200, 使用时间=25.5331ms, 操作员=, 客户端IP=::1
[2026-01-25 14:52:58] [INFO] 数据库表创建成功
[2026-01-25 14:52:58] [INFO] 服务器启动 - mode=debug
[2026-01-25 14:53:00] [DEBUG] 限流器状态 - tokens=49, name=local
[2026-01-25 14:53:00] [INFO] 请求处理完成 - 请求id=86987dd8-4416-4e09-8d40-46ef3db506ae, 请求方法=PUT, 路径=/internal/location/, 状态码=404, 使用时间=708µs, 操作员=未知, 客户端IP=::1
[2026-01-25 14:53:41] [DEBUG] 限流器状态 - tokens=49, name=local
[2026-01-25 14:53:41] [INFO] 请求处理完成 - 请求id=5309e4fa-bac5-45b7-8cd3-143655b68faa, 请求方法=PUT, 路径=/internal/luggageStorage/1, 状态码=404, 使用时间=1.0001ms, 操作员=未知, 客户端IP=::1
[2026-01-25 14:54:13] [INFO] 数据库表创建成功
[2026-01-25 14:54:13] [INFO] 服务器启动 - mode=debug
[2026-01-25 14:54:15] [DEBUG] 限流器状态 - tokens=49, name=local
[2026-01-25 14:54:15] [INFO] 请求处理完成 - 请求id=f7d5000b-eb7e-48cd-98b6-b111ac463a61, 请求方法=PUT, 路径=/internal/luggageStorage/1, 状态码=404, 使用时间=14.9479ms, 操作员=, 客户端IP=::1
[2026-01-25 14:54:20] [DEBUG] 限流器状态 - name=local, tokens=49
[2026-01-25 14:54:20] [INFO] 请求处理完成 - 请求id=6045328f-2bb4-4fb9-96ad-2ac553b0e12b, 请求方法=PUT, 路径=/internal/luggageStorage/5, 状态码=404, 使用时间=14.0538ms, 操作员=, 客户端IP=::1
[2026-01-25 14:54:24] [DEBUG] 限流器状态 - name=local, tokens=49
[2026-01-25 14:54:24] [INFO] 请求处理完成 - 请求id=513ee667-bd78-40fd-9c13-a9a4bfa96125, 请求方法=GET, 路径=/internal/luggageStorage, 状态码=200, 使用时间=10.1408ms, 操作员=, 客户端IP=::1
[2026-01-25 14:54:29] [DEBUG] 限流器状态 - name=local, tokens=49
[2026-01-25 14:54:29] [INFO] 请求处理完成 - 请求id=eb735028-6e95-4604-b559-2558ce0aa95c, 请求方法=PUT, 路径=/internal/luggageStorage/6, 状态码=404, 使用时间=18.5784ms, 操作员=, 客户端IP=::1
[2026-01-25 14:54:56] [DEBUG] 限流器状态 - name=local, tokens=49
[2026-01-25 14:54:56] [INFO] 请求处理完成 - 请求id=0a5cbb2e-5543-4855-89ad-db137ad0bed2, 请求方法=PUT, 路径=/internal/luggageStorage/6, 状态码=400, 使用时间=13.1059ms, 操作员=, 客户端IP=::1
[2026-01-25 14:55:26] [INFO] 数据库表创建成功
[2026-01-25 14:55:26] [INFO] 服务器启动 - mode=debug
[2026-01-25 14:55:28] [DEBUG] 限流器状态 - name=local, tokens=49
[2026-01-25 14:55:28] [INFO] 请求处理完成 - 请求id=ec867791-241a-4139-adef-cae8e731abef, 请求方法=PUT, 路径=/internal/luggageStorage/6, 状态码=404, 使用时间=14.7711ms, 操作员=, 客户端IP=::1
[2026-01-25 15:01:51] [INFO] 数据库表创建成功
[2026-01-25 15:01:51] [INFO] 服务器启动 - mode=debug
[2026-01-25 15:01:54] [DEBUG] 限流器状态 - name=local, tokens=49
[2026-01-25 15:01:54] [INFO] 请求处理完成 - 请求id=cbd15155-4f42-4222-879b-ae8d00579855, 请求方法=PUT, 路径=/internal/luggageStorage/6, 状态码=401, 使用时间=658.9µs, 操作员=未知, 客户端IP=::1
[2026-01-25 15:01:57] [DEBUG] 限流器状态 - tokens=49, name=local
[2026-01-25 15:01:57] [INFO] 员工登录成功 - username=admin
[2026-01-25 15:01:57] [INFO] 请求处理完成 - 请求id=2a1cacf0-0cb7-430c-ae37-f6ae9ac40a53, 请求方法=POST, 路径=/login, 状态码=200, 使用时间=52.5885ms, 操作员=未知, 客户端IP=::1
[2026-01-25 15:01:59] [DEBUG] 限流器状态 - tokens=49, name=local
[2026-01-25 15:01:59] [ERROR] 更新数据失败 - 请求id=0, error=Error 1452 (23000): Cannot add or update a child row: a foreign key constraint fails (`study`.`luggage_storages`, CONSTRAINT `fk_luggage_storages_hotel` FOREIGN KEY (`hotel_id`) REFERENCES `hotels` (`id`))
[2026-01-25 15:01:59] [INFO] 请求处理完成 - 请求id=43958570-0e9c-4d86-9c39-8327aeeae99b, 请求方法=PUT, 路径=/internal/luggageStorage/6, 状态码=500, 使用时间=14.5055ms, 操作员=, 客户端IP=::1
[2026-01-25 15:03:07] [DEBUG] 限流器状态 - tokens=49, name=local
[2026-01-25 15:03:07] [INFO] 请求处理完成 - 请求id=8d89ecd8-5ef9-4ea9-b40f-596de273ee42, 请求方法=PUT, 路径=/internal/luggageStorage/6, 状态码=200, 使用时间=16.4189ms, 操作员=, 客户端IP=::1
[2026-01-25 15:03:16] [DEBUG] 限流器状态 - name=local, tokens=49
[2026-01-25 15:03:16] [INFO] 请求处理完成 - 请求id=3ed7c58f-3a92-4651-a5c1-b1ec84d085e4, 请求方法=GET, 路径=/internal/luggageStorage, 状态码=200, 使用时间=11.5466ms, 操作员=, 客户端IP=::1
[2026-01-25 15:03:23] [DEBUG] 限流器状态 - tokens=49, name=local
[2026-01-25 15:03:23] [INFO] 请求处理完成 - 请求id=96fc0e3c-1b9e-417f-9c4a-292a5cd0f71c, 请求方法=GET, 路径=/internal/luggageStorage, 状态码=200, 使用时间=14.2717ms, 操作员=, 客户端IP=::1
[2026-01-25 15:03:28] [DEBUG] 限流器状态 - name=local, tokens=49
[2026-01-25 15:03:28] [INFO] 请求处理完成 - 请求id=b2e7820c-4571-4bf7-bacd-f1272d613f7e, 请求方法=GET, 路径=/internal/luggageStorage, 状态码=200, 使用时间=10.5013ms, 操作员=, 客户端IP=::1
[2026-01-25 15:05:06] [DEBUG] 限流器状态 - name=local, tokens=49
[2026-01-25 15:05:06] [INFO] 请求处理完成 - 请求id=dacc6af3-794a-4cde-af39-b34ed8b105ca, 请求方法=POST, 路径=/internal/luggageStorage, 状态码=401, 使用时间=857.3µs, 操作员=未知, 客户端IP=::1
[2026-01-25 15:05:09] [DEBUG] 限流器状态 - name=local, tokens=49
[2026-01-25 15:05:09] [INFO] 请求处理完成 - 请求id=f560ee2f-b0b0-4ab5-b4a2-659a20a6fe07, 请求方法=POST, 路径=/login, 状态码=401, 使用时间=50.6366ms, 操作员=未知, 客户端IP=::1
[2026-01-25 15:05:39] [DEBUG] 限流器状态 - tokens=49, name=local
[2026-01-25 15:05:39] [INFO] 员工登录成功 - username=admin
[2026-01-25 15:05:39] [INFO] 请求处理完成 - 请求id=42a95cf6-a5e8-4158-a51f-8d0786413be8, 请求方法=POST, 路径=/login, 状态码=200, 使用时间=50.8672ms, 操作员=未知, 客户端IP=::1
[2026-01-25 15:05:44] [DEBUG] 限流器状态 - name=local, tokens=49
[2026-01-25 15:05:44] [INFO] 请求处理完成 - 请求id=1ef96705-34bf-43ed-af08-b5204c86cb33, 请求方法=POST, 路径=/internal/luggageStorage, 状态码=201, 使用时间=23.2574ms, 操作员=, 客户端IP=::1
[2026-01-25 15:07:46] [DEBUG] 限流器状态 - name=local, tokens=49
[2026-01-25 15:07:46] [INFO] 请求处理完成 - 请求id=e3053499-967a-47e9-87cb-2492edbc6815, 请求方法=GET, 路径=/internal/luggageStorage, 状态码=200, 使用时间=16.8625ms, 操作员=, 客户端IP=::1
[2026-01-25 15:07:53] [DEBUG] 限流器状态 - name=local, tokens=49
[2026-01-25 15:07:53] [INFO] 请求处理完成 - 请求id=d394ed27-9f51-4817-948c-8822780fbe7d, 请求方法=DELETE, 路径=/internal/luggageStorage/3, 状态码=404, 使用时间=19.1339ms, 操作员=, 客户端IP=::1
[2026-01-25 15:07:57] [DEBUG] 限流器状态 - name=local, tokens=49
[2026-01-25 15:07:57] [INFO] 请求处理完成 - 请求id=30ff682d-b373-4fe3-81e0-66441b3fdce1, 请求方法=DELETE, 路径=/internal/luggageStorage/7, 状态码=200, 使用时间=15.5212ms, 操作员=, 客户端IP=::1
[2026-01-25 15:09:23] [DEBUG] 限流器状态 - name=local, tokens=49
[2026-01-25 15:09:23] [INFO] 请求处理完成 - 请求id=e4bb7082-f579-4d39-90c3-aab8e00e6ef1, 请求方法=PUT, 路径=/internal/luggageStorage/8, 状态码=200, 使用时间=16.4992ms, 操作员=, 客户端IP=::1
[2026-01-25 15:09:33] [DEBUG] 限流器状态 - name=local, tokens=49
[2026-01-25 15:09:33] [INFO] 请求处理完成 - 请求id=dd48a973-b5df-40cc-920d-5933b02c1737, 请求方法=GET, 路径=/internal/luggageStorage, 状态码=200, 使用时间=9.7233ms, 操作员=, 客户端IP=::1
[2026-01-25 15:10:03] [DEBUG] 限流器状态 - name=local, tokens=49
[2026-01-25 15:10:03] [INFO] 请求处理完成 - 请求id=d2e3218c-543b-4e7f-947a-c5c607631b92, 请求方法=PUT, 路径=/internal/luggageStorage/8, 状态码=200, 使用时间=16.8587ms, 操作员=, 客户端IP=::1
[2026-01-25 15:11:34] [INFO] 数据库表创建成功
[2026-01-25 15:11:34] [INFO] 服务器启动 - mode=debug
[2026-01-25 15:15:46] [INFO] 数据库表创建成功
[2026-01-25 15:15:46] [INFO] 服务器启动 - mode=debug
[2026-01-25 15:15:49] [DEBUG] 限流器状态 - tokens=49, name=local
[2026-01-25 15:15:49] [INFO] 请求处理完成 - 请求id=58f7a5b9-a014-415d-b373-417c21e3ed52, 请求方法=GET, 路径=/internal/photo/, 状态码=404, 使用时间=1.0226ms, 操作员=未知, 客户端IP=::1
[2026-01-25 15:16:32] [DEBUG] 限流器状态 - name=local, tokens=49
[2026-01-25 15:16:32] [INFO] 请求处理完成 - 请求id=5aad65b8-0a07-4495-ac4a-2f28e0630026, 请求方法=POST, 路径=/internal/photo, 状态码=401, 使用时间=4.5065ms, 操作员=未知, 客户端IP=::1
[2026-01-25 15:16:37] [DEBUG] 限流器状态 - name=local, tokens=49
[2026-01-25 15:16:37] [INFO] 员工登录成功 - username=admin
[2026-01-25 15:16:37] [INFO] 请求处理完成 - 请求id=b0a9ad6c-b7cb-4c10-881c-43407be2f7e8, 请求方法=POST, 路径=/login, 状态码=200, 使用时间=52.593ms, 操作员=未知, 客户端IP=::1
[2026-01-25 15:16:40] [DEBUG] 限流器状态 - tokens=49, name=local
[2026-01-25 15:16:40] [INFO] 请求处理完成 - 请求id=0e828774-0725-48f3-87c2-f44001820536, 请求方法=POST, 路径=/internal/photo, 状态码=200, 使用时间=16.8822ms, 操作员=, 客户端IP=::1
[2026-01-25 15:16:48] [DEBUG] 限流器状态 - name=local, tokens=49
[2026-01-25 15:16:48] [INFO] 请求处理完成 - 请求id=97b53a6d-a52d-42e7-9a08-d09a62f2fa2b, 请求方法=GET, 路径=/, 状态码=404, 使用时间=0s, 操作员=未知, 客户端IP=::1
[2026-01-25 15:17:01] [DEBUG] 限流器状态 - name=local, tokens=49
[2026-01-25 15:17:01] [INFO] 请求处理完成 - 请求id=0b264e64-d62d-4f58-99b3-7f07d7cf890f, 请求方法=GET, 路径=/photos/20260125151640_sB4kZm.png, 状态码=401, 使用时间=800.9µs, 操作员=未知, 客户端IP=::1
[2026-01-25 15:17:10] [DEBUG] 限流器状态 - name=local, tokens=49
[2026-01-25 15:17:10] [INFO] 请求处理完成 - 请求id=ae45cae6-6292-4c02-8e15-9296ec0bc6e3, 请求方法=GET, 路径=/photos/20260125151640_sB4kZm.png, 状态码=200, 使用时间=36.7132ms, 操作员=未知, 客户端IP=::1
[2026-01-25 15:27:21] [INFO] 数据库表创建成功
[2026-01-25 15:27:21] [INFO] 服务器启动 - mode=debug
[2026-01-25 15:28:04] [DEBUG] 限流器状态 - name=local, tokens=49
[2026-01-25 15:28:04] [INFO] 请求处理完成 - 请求id=30cd8b53-192a-4bf3-8be4-004dfc344090, 请求方法=POST, 路径=/internal/photo, 状态码=200, 使用时间=14.5335ms, 操作员=, 客户端IP=::1
[2026-01-25 15:28:52] [DEBUG] 限流器状态 - tokens=49, name=local
[2026-01-25 15:28:52] [INFO] 请求处理完成 - 请求id=ab7e3329-ab84-4a3a-a110-c270da9e0c8e, 请求方法=POST, 路径=/internal/luggageStorage, 状态码=401, 使用时间=1.3585ms, 操作员=未知, 客户端IP=::1
[2026-01-25 15:28:55] [DEBUG] 限流器状态 - name=local, tokens=49
[2026-01-25 15:28:55] [INFO] 请求处理完成 - 请求id=fb4b543b-ba24-4d99-9d48-d806522a1e76, 请求方法=POST, 路径=/login, 状态码=401, 使用时间=47.3851ms, 操作员=未知, 客户端IP=::1
[2026-01-25 15:29:02] [DEBUG] 限流器状态 - name=local, tokens=49
[2026-01-25 15:29:03] [INFO] 员工登录成功 - username=admin
[2026-01-25 15:29:03] [INFO] 请求处理完成 - 请求id=db2e9263-a733-430d-9d37-8dcc181ba880, 请求方法=POST, 路径=/login, 状态码=200, 使用时间=46.7345ms, 操作员=未知, 客户端IP=::1
[2026-01-25 15:29:05] [DEBUG] 限流器状态 - tokens=49, name=local
[2026-01-25 15:29:05] [INFO] 请求处理完成 - 请求id=3ca3051f-a26e-4f7c-b713-5e6f31b813f2, 请求方法=POST, 路径=/internal/luggageStorage, 状态码=201, 使用时间=83.3566ms, 操作员=, 客户端IP=::1
[2026-01-25 15:30:21] [INFO] 数据库表创建成功
[2026-01-25 15:30:21] [INFO] 服务器启动 - mode=debug
[2026-01-25 15:30:23] [DEBUG] 限流器状态 - name=local, tokens=49
[2026-01-25 15:30:23] [INFO] 请求处理完成 - 请求id=cea7de32-499f-410a-ad4c-051173c3dfb1, 请求方法=POST, 路径=/internal/photo, 状态码=401, 使用时间=1.0459ms, 操作员=未知, 客户端IP=::1
[2026-01-25 15:30:26] [DEBUG] 限流器状态 - name=local, tokens=49
[2026-01-25 15:30:26] [INFO] 员工登录成功 - username=admin
[2026-01-25 15:30:26] [INFO] 请求处理完成 - 请求id=86c21cfe-f110-4552-8b54-cd51e432272f, 请求方法=POST, 路径=/login, 状态码=200, 使用时间=44.8415ms, 操作员=未知, 客户端IP=::1
[2026-01-25 15:30:28] [DEBUG] 限流器状态 - tokens=49, name=local
[2026-01-25 15:30:28] [INFO] 请求处理完成 - 请求id=89bb3c5a-2478-4126-9b12-ef47dba83ca3, 请求方法=POST, 路径=/internal/photo, 状态码=200, 使用时间=8.5997ms, 操作员=, 客户端IP=::1
[2026-01-25 15:30:42] [DEBUG] 限流器状态 - name=local, tokens=49
[2026-01-25 15:30:42] [INFO] 请求处理完成 - 请求id=d892bd27-e83b-4f18-9c52-170b445fd3bf, 请求方法=POST, 路径=/internal/photo, 状态码=200, 使用时间=12.5288ms, 操作员=, 客户端IP=::1
[2026-01-25 15:33:16] [DEBUG] 限流器状态 - name=local, tokens=49
[2026-01-25 15:33:16] [INFO] 请求处理完成 - 请求id=c141bb06-31bd-40ba-88f9-711105a0b3a6, 请求方法=POST, 路径=/internal/luggageStorage, 状态码=401, 使用时间=2.0224ms, 操作员=未知, 客户端IP=::1
[2026-01-25 15:33:20] [DEBUG] 限流器状态 - name=local, tokens=49
[2026-01-25 15:33:20] [INFO] 员工登录成功 - username=admin
[2026-01-25 15:33:20] [INFO] 请求处理完成 - 请求id=75db377b-4e20-4f62-8ab8-e71781a9dd1e, 请求方法=POST, 路径=/login, 状态码=200, 使用时间=53.0456ms, 操作员=未知, 客户端IP=::1
[2026-01-25 15:33:21] [DEBUG] 限流器状态 - name=local, tokens=49
[2026-01-25 15:33:21] [INFO] 请求处理完成 - 请求id=3bfc334c-a606-4aa3-b304-96abc154d20d, 请求方法=POST, 路径=/internal/luggageStorage, 状态码=201, 使用时间=22.3467ms, 操作员=, 客户端IP=::1
[2026-01-25 15:33:53] [DEBUG] 限流器状态 - name=local, tokens=49
[2026-01-25 15:33:53] [INFO] 请求处理完成 - 请求id=84676989-3284-44c6-9cda-1deb0ee55fe3, 请求方法=POST, 路径=/internal/photo, 状态码=200, 使用时间=142.7954ms, 操作员=, 客户端IP=::1
[2026-01-25 15:34:19] [DEBUG] 限流器状态 - tokens=49, name=local
[2026-01-25 15:34:19] [INFO] 请求处理完成 - 请求id=6f7c4cb3-f68c-4d33-867d-7c6bd84fdd86, 请求方法=GET, 路径=/uploads/luggage_photos/2026/01/25/d391a9c46e04581e07f6770325ab9a4f.jpg, 状态码=404, 使用时间=998µs, 操作员=未知, 客户端IP=::1
[2026-01-25 15:34:30] [DEBUG] 限流器状态 - name=local, tokens=49
[2026-01-25 15:34:30] [INFO] 请求处理完成 - 请求id=739ed3ce-a95b-49ab-b787-2ea055c603ab, 请求方法=GET, 路径=/photos/20260125153353_tiG1l3.png, 状态码=200, 使用时间=42.7673ms, 操作员=未知, 客户端IP=::1
[2026-01-25 15:46:34] [INFO] 数据库表创建成功
[2026-01-25 15:46:34] [INFO] 服务器启动 - mode=debug
[2026-01-25 15:58:27] [INFO] 数据库表创建成功
[2026-01-25 15:58:27] [INFO] 服务器启动 - mode=debug
[2026-01-25 15:58:42] [ERROR] 限流器执行脚本失败 - error=MISCONF Redis is configured to save RDB snapshots, but it's currently unable to persist to disk. Commands that may modify the data set are disabled, because this instance is configured to report errors during writes if RDB snapshotting fails (stop-writes-on-bgsave-error option). Please check the Redis logs for details about the RDB error. script: 28e2beabd17123c3991c66f202d51fd23c624dbc, on @user_script:26., name=local
[2026-01-25 15:58:42] [WARNING] 请求过于频繁 - 客户端IP=::1
[2026-01-25 15:58:42] [INFO] 请求处理完成 - 请求id=a7ed3a73-6b34-4af4-8604-76e2cf16aba0, 请求方法=POST, 路径=/login, 状态码=429, 使用时间=1.1428ms, 操作员=未知, 客户端IP=::1
[2026-01-25 15:59:01] [ERROR] 限流器执行脚本失败 - name=local, error=dial tcp 127.0.0.1:6379: connectex: No connection could be made because the target machine actively refused it.
[2026-01-25 15:59:01] [WARNING] 请求过于频繁 - 客户端IP=::1
[2026-01-25 15:59:01] [INFO] 请求处理完成 - 请求id=8991efef-c2ee-4c00-847e-5f90e5c84b58, 请求方法=POST, 路径=/login, 状态码=429, 使用时间=1.5756382s, 操作员=未知, 客户端IP=::1
[2026-01-25 15:59:20] [INFO] 数据库表创建成功
[2026-01-25 15:59:20] [INFO] 服务器启动 - mode=debug
[2026-01-25 15:59:22] [DEBUG] 限流器状态 - name=local, tokens=49
[2026-01-25 15:59:23] [INFO] 员工登录成功 - username=admin
[2026-01-25 15:59:23] [INFO] 请求处理完成 - 请求id=230baf21-4f58-419f-84fe-1b3422a78b11, 请求方法=POST, 路径=/login, 状态码=200, 使用时间=46.1492ms, 操作员=未知, 客户端IP=::1
[2026-01-25 15:59:27] [DEBUG] 限流器状态 - name=local, tokens=49
[2026-01-25 15:59:27] [INFO] 请求处理完成 - 请求id=b3b655e6-86c6-4445-8cbf-e6180dfdaf25, 请求方法=GET, 路径=/internal/location, 状态码=200, 使用时间=11.884ms, 操作员=, 客户端IP=::1
[2026-01-25 15:59:34] [DEBUG] 限流器状态 - name=local, tokens=49
[2026-01-25 15:59:34] [ERROR] 位置不存在 - error=record not found, location_id=0
[2026-01-25 15:59:34] [INFO] 请求处理完成 - 请求id=39a69452-c262-4009-b296-23b38b569679, 请求方法=DELETE, 路径=/internal/location/4, 状态码=404, 使用时间=9.471ms, 操作员=, 客户端IP=::1
[2026-01-25 16:01:17] [INFO] 数据库表创建成功
[2026-01-25 16:01:18] [INFO] 服务器启动 - mode=debug
[2026-01-25 16:01:25] [DEBUG] 限流器状态 - name=local, tokens=49
[2026-01-25 16:01:25] [INFO] 员工登录成功 - username=admin
[2026-01-25 16:01:25] [INFO] 请求处理完成 - 请求id=d793f807-9d04-4542-b0c1-b3344814b6da, 请求方法=POST, 路径=/login, 状态码=200, 使用时间=45.6939ms, 操作员=未知, 客户端IP=::1
[2026-01-25 16:01:28] [DEBUG] 限流器状态 - name=local, tokens=49
[2026-01-25 16:01:28] [INFO] 请求处理完成 - 请求id=323a7ceb-3e95-4a0e-9783-6917153d8d36, 请求方法=DELETE, 路径=/internal/location/4, 状态码=200, 使用时间=23.8833ms, 操作员=, 客户端IP=::1
[2026-01-25 16:01:32] [DEBUG] 限流器状态 - name=local, tokens=49
[2026-01-25 16:01:32] [INFO] 请求处理完成 - 请求id=3bbaad36-63eb-4d54-b428-8121f87b9a4d, 请求方法=GET, 路径=/internal/location, 状态码=200, 使用时间=9.8745ms, 操作员=, 客户端IP=::1
[2026-01-25 16:03:39] [INFO] 数据库表创建成功
[2026-01-25 16:03:39] [INFO] 服务器启动 - mode=debug
[2026-01-25 16:03:42] [DEBUG] 限流器状态 - name=local, tokens=49
[2026-01-25 16:03:42] [INFO] 请求处理完成 - 请求id=ac44cc29-2d47-4b5f-b135-fb99e60730d9, 请求方法=GET, 路径=/internal/location, 状态码=200, 使用时间=11.0284ms, 操作员=, 客户端IP=::1
[2026-01-25 16:04:08] [DEBUG] 限流器状态 - name=local, tokens=49
[2026-01-25 16:04:08] [ERROR] 位置下还有行李，无法删除 - error=<nil>, location_id=1
[2026-01-25 16:04:08] [INFO] 请求处理完成 - 请求id=59555da5-c817-4da5-8fda-98e14afb3642, 请求方法=DELETE, 路径=/internal/location/1, 状态码=400, 使用时间=14.7078ms, 操作员=, 客户端IP=::1
[2026-01-25 16:04:46] [DEBUG] 限流器状态 - name=local, tokens=49
[2026-01-25 16:04:46] [INFO] 请求处理完成 - 请求id=2ec0baf6-3cc3-49fe-be90-6e47a57a4653, 请求方法=PUT, 路径=/internal/location/2, 状态码=200, 使用时间=17.7201ms, 操作员=, 客户端IP=::1
[2026-01-25 16:04:49] [DEBUG] 限流器状态 - tokens=49, name=local
[2026-01-25 16:04:49] [INFO] 请求处理完成 - 请求id=95e1e0a7-a3ed-4ec2-be66-a34bce8259db, 请求方法=GET, 路径=/internal/location, 状态码=200, 使用时间=10.8447ms, 操作员=, 客户端IP=::1
[2026-01-25 17:26:19] [INFO] 数据库表创建成功
[2026-01-25 17:26:22] [INFO] 服务器启动 - mode=debug
[2026-01-25 17:26:29] [DEBUG] 限流器状态 - name=local, tokens=49
[2026-01-25 17:26:29] [INFO] 请求处理完成 - 请求id=e3036ffc-7e4b-48dc-806f-53448ac35ca8, 请求方法=POST, 路径=/login, 状态码=401, 使用时间=50.3088ms, 操作员=未知, 客户端IP=::1
[2026-01-25 17:26:36] [DEBUG] 限流器状态 - name=local, tokens=49
[2026-01-25 17:26:36] [INFO] 员工登录成功 - username=admin
[2026-01-25 17:26:36] [INFO] 请求处理完成 - 请求id=e32da7c2-3b17-4008-a633-bb288060a1cf, 请求方法=POST, 路径=/login, 状态码=200, 使用时间=51.1671ms, 操作员=未知, 客户端IP=::1
[2026-01-25 17:26:38] [DEBUG] 限流器状态 - name=local, tokens=49
[2026-01-25 17:26:38] [INFO] 请求处理完成 - 请求id=4fb953a5-e4a2-4e71-a69e-6af216978c93, 请求方法=GET, 路径=/internal/luggage, 状态码=401, 使用时间=1.0985ms, 操作员=未知, 客户端IP=::1
[2026-01-25 17:26:56] [DEBUG] 限流器状态 - name=local, tokens=49
[2026-01-25 17:26:56] [INFO] 请求处理完成 - 请求id=17c14a38-dc46-4990-9044-18c4e596006d, 请求方法=GET, 路径=/internal/luggage, 状态码=401, 使用时间=964.3µs, 操作员=未知, 客户端IP=::1
[2026-01-25 17:28:00] [DEBUG] 限流器状态 - name=local, tokens=49
[2026-01-25 17:28:00] [INFO] 请求处理完成 - 请求id=9f13fe44-96e0-46f4-906a-b315740db436, 请求方法=GET, 路径=/internal/luggage, 状态码=200, 使用时间=16.004ms, 操作员=, 客户端IP=::1
[2026-01-25 17:33:12] [DEBUG] 限流器状态 - name=local, tokens=49
[2026-01-25 17:33:12] [INFO] 请求处理完成 - 请求id=12fa588f-1b8c-4f41-a39f-3028b1b36485, 请求方法=GET, 路径=/internal/tags, 状态码=404, 使用时间=508.7µs, 操作员=未知, 客户端IP=111.55.210.75
[2026-01-25 17:33:18] [DEBUG] 限流器状态 - tokens=49, name=local
[2026-01-25 17:33:18] [INFO] 请求处理完成 - 请求id=829cbe04-2440-4547-8939-77e851145486, 请求方法=PUT, 路径=/internal/luggage/2, 状态码=200, 使用时间=12.2322ms, 操作员=, 客户端IP=::1
[2026-01-25 17:33:23] [DEBUG] 限流器状态 - name=local, tokens=49
[2026-01-25 17:33:23] [INFO] 请求处理完成 - 请求id=419ffec4-66b3-478e-8eec-c9ceeefd4ef5, 请求方法=GET, 路径=/internal/luggageStorage/tag/EB19FB3E2DC5, 状态码=404, 使用时间=1.0022ms, 操作员=未知, 客户端IP=111.55.210.75
[2026-01-25 17:33:24] [DEBUG] 限流器状态 - name=local, tokens=49
[2026-01-25 17:33:24] [INFO] 请求处理完成 - 请求id=71070493-e0d1-4c59-adc9-74957fe24503, 请求方法=GET, 路径=/internal/luggage, 状态码=200, 使用时间=10.3358ms, 操作员=, 客户端IP=::1
[2026-01-25 17:34:06] [DEBUG] 限流器状态 - name=local, tokens=49
[2026-01-25 17:34:06] [INFO] 请求处理完成 - 请求id=4ab05e13-7964-437a-8322-c963efde5748, 请求方法=GET, 路径=/internal/luggageStorage/tag/EB19FB3E2DC5, 状态码=404, 使用时间=1.4093ms, 操作员=未知, 客户端IP=111.55.210.75
[2026-01-25 17:36:43] [DEBUG] 限流器状态 - tokens=49, name=local
[2026-01-25 17:36:43] [INFO] 请求处理完成 - 请求id=a4865f7a-ff4b-4aca-81c0-e122c6e8e47d, 请求方法=GET, 路径=/internal/location, 状态码=200, 使用时间=10.4754ms, 操作员=, 客户端IP=::1
[2026-01-26 09:25:57] [INFO] 数据库表创建成功
[2026-01-26 09:25:59] [INFO] 服务器启动 - mode=debug
[2026-01-26 09:26:15] [ERROR] 限流器执行脚本失败 - name=local, error=dial tcp 127.0.0.1:6379: connectex: No connection could be made because the target machine actively refused it.
[2026-01-26 09:26:15] [WARNING] 请求过于频繁 - 客户端IP=::1
[2026-01-26 09:26:15] [INFO] 请求处理完成 - 请求id=fde2582c-8ff5-485c-a09b-a8ad55b6001a, 请求方法=POST, 路径=/login, 状态码=429, 使用时间=2.0916854s, 操作员=未知, 客户端IP=::1
[2026-01-26 09:26:30] [DEBUG] 限流器状态 - tokens=49, name=local
[2026-01-26 09:26:30] [INFO] 请求处理完成 - 请求id=0befee09-7b57-4f35-8ea8-6474a4d2f83e, 请求方法=POST, 路径=/login, 状态码=401, 使用时间=65.007ms, 操作员=未知, 客户端IP=::1
[2026-01-26 09:26:39] [DEBUG] 限流器状态 - tokens=49, name=local
[2026-01-26 09:26:39] [INFO] 员工登录成功 - username=admin
[2026-01-26 09:26:39] [INFO] 请求处理完成 - 请求id=ccca814f-b3f9-4dcf-92d7-cb43ad232383, 请求方法=POST, 路径=/login, 状态码=200, 使用时间=52.8493ms, 操作员=未知, 客户端IP=::1
[2026-01-26 09:26:45] [DEBUG] 限流器状态 - tokens=49, name=local
[2026-01-26 09:26:45] [INFO] 请求处理完成 - 请求id=3325967a-6fa7-4408-916b-90ce2cfb9610, 请求方法=GET, 路径=/internal/tag, 状态码=200, 使用时间=59.2943ms, 操作员=, 客户端IP=::1
[2026-01-26 09:27:05] [DEBUG] 限流器状态 - name=local, tokens=49
[2026-01-26 09:27:05] [INFO] 请求处理完成 - 请求id=e222cb8d-9934-418c-af5d-51b39d188d02, 请求方法=POST, 路径=/internal/tag, 状态码=409, 使用时间=67.7135ms, 操作员=, 客户端IP=::1
[2026-01-26 09:27:12] [DEBUG] 限流器状态 - name=local, tokens=49
[2026-01-26 09:27:12] [INFO] 请求处理完成 - 请求id=6c485a2d-8924-4f76-b3b2-ed2e4f977959, 请求方法=POST, 路径=/internal/tag, 状态码=200, 使用时间=71.9953ms, 操作员=, 客户端IP=::1
[2026-01-26 09:27:17] [DEBUG] 限流器状态 - name=local, tokens=49
[2026-01-26 09:27:17] [INFO] 请求处理完成 - 请求id=30087b48-28c7-4799-9455-cd69f16b2b62, 请求方法=GET, 路径=/internal/tag, 状态码=200, 使用时间=12.1215ms, 操作员=, 客户端IP=::1
[2026-01-26 09:27:55] [DEBUG] 限流器状态 - tokens=49, name=local
[2026-01-26 09:27:55] [INFO] 请求处理完成 - 请求id=5b3f4c98-8fc6-412c-ba38-78669b20fa67, 请求方法=GET, 路径=/internal/tag, 状态码=200, 使用时间=15.2871ms, 操作员=, 客户端IP=::1
[2026-01-26 09:28:54] [DEBUG] 限流器状态 - name=local, tokens=49
[2026-01-26 09:28:54] [INFO] 请求处理完成 - 请求id=b416daf8-39ed-4ca9-b726-4cfe9fef5f0e, 请求方法=GET, 路径=/internal/location, 状态码=200, 使用时间=13.6916ms, 操作员=, 客户端IP=::1
[2026-01-26 10:15:48] [DEBUG] 限流器状态 - tokens=49, name=local
[2026-01-26 10:15:48] [INFO] 员工登录成功 - username=admin
[2026-01-26 10:15:48] [INFO] 请求处理完成 - 请求id=1ce6fa1e-156e-4fe3-b33d-558dad78232d, 请求方法=POST, 路径=/login, 状态码=200, 使用时间=54.2876ms, 操作员=未知, 客户端IP=::1
[2026-01-26 10:15:52] [DEBUG] 限流器状态 - name=local, tokens=49
[2026-01-26 10:15:52] [INFO] 请求处理完成 - 请求id=3a72d918-c8b7-4335-b806-19ddf1c3c740, 请求方法=GET, 路径=/internal/luggage, 状态码=200, 使用时间=66.4082ms, 操作员=, 客户端IP=::1
[2026-01-26 10:16:04] [DEBUG] 限流器状态 - name=local, tokens=49
[2026-01-26 10:16:04] [INFO] 请求处理完成 - 请求id=5f8f9ec6-d256-4fa2-afe2-3ef4bf43e0d5, 请求方法=POST, 路径=/internal/luggage/2, 状态码=401, 使用时间=1.2514ms, 操作员=未知, 客户端IP=::1
[2026-01-26 10:16:15] [DEBUG] 限流器状态 - name=local, tokens=49
[2026-01-26 10:16:15] [INFO] 请求处理完成 - 请求id=4f177f7b-57b7-4385-ac36-cfa700e0cff6, 请求方法=POST, 路径=/internal/luggage/2, 状态码=200, 使用时间=21.1816ms, 操作员=, 客户端IP=::1
[2026-01-26 10:16:33] [DEBUG] 限流器状态 - name=local, tokens=49
[2026-01-26 10:16:33] [INFO] 请求处理完成 - 请求id=4d90fa08-f4f6-4a43-aa87-284bf7e78ffb, 请求方法=GET, 路径=/internal/luggage, 状态码=200, 使用时间=14.3312ms, 操作员=, 客户端IP=::1
[2026-01-26 10:16:42] [DEBUG] 限流器状态 - name=local, tokens=49
[2026-01-26 10:16:42] [INFO] 请求处理完成 - 请求id=bbb5ba9d-7a1a-4af2-a958-1af876a8091a, 请求方法=GET, 路径=/internal/luggage, 状态码=200, 使用时间=14.3744ms, 操作员=, 客户端IP=::1
[2026-01-26 10:16:46] [DEBUG] 限流器状态 - name=local, tokens=49
[2026-01-26 10:16:46] [INFO] 请求处理完成 - 请求id=7eaeb003-eb6c-4933-9ab6-d6a399e75c77, 请求方法=GET, 路径=/internal/luggage, 状态码=200, 使用时间=31.9246ms, 操作员=, 客户端IP=::1
[2026-01-26 10:17:06] [DEBUG] 限流器状态 - tokens=49, name=local
[2026-01-26 10:17:06] [INFO] 请求处理完成 - 请求id=9601faac-dfaa-4c4a-9fed-a77ca9f9ad4f, 请求方法=GET, 路径=/internal/luggageStorage, 状态码=200, 使用时间=14.17ms, 操作员=, 客户端IP=::1
[2026-01-26 10:18:33] [DEBUG] 限流器状态 - name=local, tokens=49
[2026-01-26 10:18:33] [INFO] 请求处理完成 - 请求id=a2a46cab-b06a-4bcc-a3f3-b2a195361804, 请求方法=GET, 路径=/internal/luggageStorage, 状态码=200, 使用时间=28.8113ms, 操作员=, 客户端IP=::1
[2026-01-26 10:18:39] [DEBUG] 限流器状态 - tokens=49, name=local
[2026-01-26 10:18:39] [INFO] 请求处理完成 - 请求id=019b987c-f1be-4649-a1e7-8987255f8a81, 请求方法=GET, 路径=/internal/luggageStorage, 状态码=200, 使用时间=36.6031ms, 操作员=, 客户端IP=::1
[2026-01-26 10:18:41] [DEBUG] 限流器状态 - name=local, tokens=49
[2026-01-26 10:18:41] [INFO] 请求处理完成 - 请求id=e787a3fc-a75d-4336-a980-31d80d0ea5bf, 请求方法=GET, 路径=/internal/luggageStorage, 状态码=200, 使用时间=16.437ms, 操作员=, 客户端IP=::1
[2026-01-26 10:19:02] [DEBUG] 限流器状态 - tokens=49, name=local
[2026-01-26 10:19:02] [INFO] 请求处理完成 - 请求id=de5bfa47-69e4-4a34-8317-1ee1fcd89510, 请求方法=GET, 路径=/internal/luggageStorage, 状态码=200, 使用时间=14.9905ms, 操作员=, 客户端IP=::1
[2026-01-26 10:20:02] [DEBUG] 限流器状态 - tokens=49, name=local
[2026-01-26 10:20:02] [INFO] 请求处理完成 - 请求id=fb95d636-bb28-4b12-bfc8-1cbdad310bec, 请求方法=DELETE, 路径=/internal/luggageStorage/3, 状态码=404, 使用时间=15.0629ms, 操作员=, 客户端IP=::1
[2026-01-26 10:20:05] [DEBUG] 限流器状态 - tokens=49, name=local
[2026-01-26 10:20:05] [INFO] 请求处理完成 - 请求id=1f253ff8-b4d5-4b4c-aa5e-e8b63396c3d0, 请求方法=DELETE, 路径=/internal/luggageStorage/4, 状态码=404, 使用时间=24.6158ms, 操作员=, 客户端IP=::1
[2026-01-26 10:20:07] [DEBUG] 限流器状态 - tokens=49, name=local
[2026-01-26 10:20:07] [INFO] 请求处理完成 - 请求id=f5ac4fc2-7f2e-4e48-84df-4cee6d704b46, 请求方法=DELETE, 路径=/internal/luggageStorage/5, 状态码=404, 使用时间=12.2294ms, 操作员=, 客户端IP=::1
[2026-01-26 10:20:09] [DEBUG] 限流器状态 - name=local, tokens=49
[2026-01-26 10:20:09] [INFO] 请求处理完成 - 请求id=02157b2b-e307-4948-a062-5c276b10f448, 请求方法=DELETE, 路径=/internal/luggageStorage/7, 状态码=404, 使用时间=12.3947ms, 操作员=, 客户端IP=::1
[2026-01-26 10:20:12] [DEBUG] 限流器状态 - name=local, tokens=49
[2026-01-26 10:20:12] [INFO] 请求处理完成 - 请求id=102fca7a-1c8e-4786-9839-b6846a7d03ce, 请求方法=DELETE, 路径=/internal/luggageStorage/8, 状态码=200, 使用时间=40.8359ms, 操作员=, 客户端IP=::1
[2026-01-26 10:20:14] [DEBUG] 限流器状态 - tokens=49, name=local
[2026-01-26 10:20:14] [INFO] 请求处理完成 - 请求id=8dde14b1-2bbe-4e0d-8a7f-adde383278d5, 请求方法=DELETE, 路径=/internal/luggageStorage/9, 状态码=404, 使用时间=12.7897ms, 操作员=, 客户端IP=::1
[2026-01-26 10:20:17] [DEBUG] 限流器状态 - name=local, tokens=49
[2026-01-26 10:20:17] [INFO] 请求处理完成 - 请求id=6ed7df93-22e5-4e89-be8e-eccfe6f7165f, 请求方法=DELETE, 路径=/internal/luggageStorage/10, 状态码=404, 使用时间=6.2099ms, 操作员=, 客户端IP=::1
[2026-01-26 10:20:19] [DEBUG] 限流器状态 - name=local, tokens=49
[2026-01-26 10:20:19] [INFO] 请求处理完成 - 请求id=ce702a6e-c57e-4a0f-bdf4-8c7c8e54163c, 请求方法=DELETE, 路径=/internal/luggageStorage/11, 状态码=200, 使用时间=57.0462ms, 操作员=, 客户端IP=::1
[2026-01-26 10:20:23] [DEBUG] 限流器状态 - name=local, tokens=49
[2026-01-26 10:20:23] [INFO] 请求处理完成 - 请求id=9c6c33d5-68c0-40ce-92fd-18a578481d4e, 请求方法=DELETE, 路径=/internal/luggageStorage/12, 状态码=200, 使用时间=21.2993ms, 操作员=, 客户端IP=::1
[2026-01-26 10:20:26] [DEBUG] 限流器状态 - tokens=49, name=local
[2026-01-26 10:20:26] [INFO] 请求处理完成 - 请求id=56f8cc25-de03-43e3-b727-1041e6781c2d, 请求方法=GET, 路径=/internal/luggageStorage, 状态码=200, 使用时间=18.3219ms, 操作员=, 客户端IP=::1
[2026-01-26 10:20:41] [DEBUG] 限流器状态 - name=local, tokens=49
[2026-01-26 10:20:41] [INFO] 请求处理完成 - 请求id=5c91723e-8213-40c5-84a1-cf673271ae83, 请求方法=DELETE, 路径=/internal/luggageStorage/6, 状态码=200, 使用时间=157.0457ms, 操作员=, 客户端IP=::1
[2026-01-26 10:20:44] [DEBUG] 限流器状态 - name=local, tokens=49
[2026-01-26 10:20:44] [INFO] 请求处理完成 - 请求id=db771efb-231a-4d65-b3a8-4f21fd7a85c8, 请求方法=GET, 路径=/internal/luggageStorage, 状态码=200, 使用时间=13.7231ms, 操作员=, 客户端IP=::1
[2026-01-26 10:21:03] [DEBUG] 限流器状态 - name=local, tokens=49
[2026-01-26 10:21:03] [INFO] 请求处理完成 - 请求id=d6688f78-9bbf-4b19-8de9-73258a76fb80, 请求方法=DELETE, 路径=/internal/luggageStorage/13, 状态码=200, 使用时间=108.667ms, 操作员=, 客户端IP=::1
[2026-01-26 10:21:08] [DEBUG] 限流器状态 - tokens=49, name=local
[2026-01-26 10:21:08] [INFO] 请求处理完成 - 请求id=9a501451-f81c-4791-8844-a093d5700b5e, 请求方法=GET, 路径=/internal/luggageStorage, 状态码=200, 使用时间=113.2395ms, 操作员=, 客户端IP=::1
[2026-01-26 10:21:12] [DEBUG] 限流器状态 - name=local, tokens=49
[2026-01-26 10:21:12] [INFO] 请求处理完成 - 请求id=29b337e9-496d-4b7d-88fb-e3941c8c6e89, 请求方法=DELETE, 路径=/internal/luggageStorage/14, 状态码=200, 使用时间=18.6837ms, 操作员=, 客户端IP=::1
[2026-01-26 10:21:18] [DEBUG] 限流器状态 - name=local, tokens=49
[2026-01-26 10:21:18] [INFO] 请求处理完成 - 请求id=9f1a4b29-71e5-4abe-a06e-8c716864502c, 请求方法=DELETE, 路径=/internal/luggageStorage/15, 状态码=404, 使用时间=13.9506ms, 操作员=, 客户端IP=::1
[2026-01-26 10:21:20] [DEBUG] 限流器状态 - name=local, tokens=49
[2026-01-26 10:21:20] [INFO] 请求处理完成 - 请求id=1a4f073e-aa0d-4a8f-85d8-775776f212aa, 请求方法=DELETE, 路径=/internal/luggageStorage/16, 状态码=200, 使用时间=15.3678ms, 操作员=, 客户端IP=::1
[2026-01-26 10:21:24] [DEBUG] 限流器状态 - name=local, tokens=49
[2026-01-26 10:21:24] [INFO] 请求处理完成 - 请求id=0052b0e7-464a-4589-968e-3f203e2f3842, 请求方法=DELETE, 路径=/internal/luggageStorage/17, 状态码=200, 使用时间=19.6266ms, 操作员=, 客户端IP=::1
[2026-01-26 10:21:27] [DEBUG] 限流器状态 - name=local, tokens=49
[2026-01-26 10:21:27] [INFO] 请求处理完成 - 请求id=944ecad6-d17b-46fb-a17f-84ec5643237e, 请求方法=DELETE, 路径=/internal/luggageStorage/18, 状态码=200, 使用时间=69.9619ms, 操作员=, 客户端IP=::1
[2026-01-26 10:21:30] [DEBUG] 限流器状态 - name=local, tokens=49
[2026-01-26 10:21:30] [INFO] 请求处理完成 - 请求id=fc1be023-775c-40fb-b344-2ce80a7c2a91, 请求方法=GET, 路径=/internal/luggageStorage, 状态码=200, 使用时间=15.4887ms, 操作员=, 客户端IP=::1
[2026-01-26 10:22:32] [DEBUG] 限流器状态 - tokens=49, name=local
[2026-01-26 10:22:32] [INFO] 请求处理完成 - 请求id=d54eadb2-9bbf-47b1-a1e2-67a4432ac44f, 请求方法=POST, 路径=/internal/luggage/30, 状态码=200, 使用时间=18.9628ms, 操作员=, 客户端IP=::1
[2026-01-26 10:22:36] [DEBUG] 限流器状态 - tokens=49, name=local
[2026-01-26 10:22:36] [INFO] 请求处理完成 - 请求id=5d112f47-e295-4fed-9fe7-245e0daf8123, 请求方法=GET, 路径=/internal/luggageStorage, 状态码=200, 使用时间=15.9732ms, 操作员=, 客户端IP=::1
[2026-01-26 10:23:15] [DEBUG] 限流器状态 - tokens=49, name=local
[2026-01-26 10:23:15] [INFO] 请求处理完成 - 请求id=ed99af2f-4765-4b15-8205-97f50a266440, 请求方法=GET, 路径=/internal/luggage, 状态码=200, 使用时间=10.188ms, 操作员=, 客户端IP=::1
[2026-01-26 10:23:23] [DEBUG] 限流器状态 - name=local, tokens=49
[2026-01-26 10:23:23] [INFO] 请求处理完成 - 请求id=c378346d-b721-4ec8-8ec6-08d82003e91b, 请求方法=GET, 路径=/internal/luggage, 状态码=200, 使用时间=13.7987ms, 操作员=, 客户端IP=::1
[2026-01-26 15:01:14] [INFO] 数据库表创建成功
[2026-01-26 15:01:16] [INFO] 服务器启动 - mode=debug
[2026-01-26 15:04:12] [DEBUG] 限流器状态 - name=local, tokens=49
[2026-01-26 15:04:12] [INFO] 请求处理完成 - 请求id=be31685d-7390-4bcd-a6bf-1b0ec532f6da, 请求方法=POST, 路径=/auth/login, 状态码=404, 使用时间=10.5103ms, 操作员=未知, 客户端IP=111.55.210.75
[2026-01-26 15:08:10] [DEBUG] 限流器状态 - tokens=49, name=local
[2026-01-26 15:08:10] [INFO] 请求处理完成 - 请求id=800d41b2-18b1-41f3-a315-f32515f2d316, 请求方法=GET, 路径=/internal/luggage, 状态码=401, 使用时间=1.0327ms, 操作员=未知, 客户端IP=111.55.210.75
[2026-01-26 15:14:54] [DEBUG] 限流器状态 - tokens=49, name=local
[2026-01-26 15:14:54] [INFO] 请求处理完成 - 请求id=1a0c0bfc-af33-4ddb-90af-a3079222b2d7, 请求方法=POST, 路径=/login, 状态码=401, 使用时间=115.1432ms, 操作员=未知, 客户端IP=111.55.210.75
[2026-01-26 15:17:44] [DEBUG] 限流器状态 - name=local, tokens=49
[2026-01-26 15:17:45] [INFO] 请求处理完成 - 请求id=fd4fff10-02d0-4166-af89-2cfcdee0ebbe, 请求方法=POST, 路径=/login, 状态码=401, 使用时间=119.9954ms, 操作员=未知, 客户端IP=111.55.210.75
[2026-01-26 15:18:31] [DEBUG] 限流器状态 - name=local, tokens=49
[2026-01-26 15:18:31] [INFO] 请求处理完成 - 请求id=f69455f0-65d0-45c8-8127-a4b08bffde71, 请求方法=POST, 路径=/login, 状态码=401, 使用时间=2.5747ms, 操作员=未知, 客户端IP=111.55.210.75
[2026-01-26 15:24:01] [DEBUG] 限流器状态 - name=local, tokens=49
[2026-01-26 15:24:01] [INFO] 请求处理完成 - 请求id=e42c8993-c65e-49f5-a566-ec808ed3d53d, 请求方法=POST, 路径=/api/login, 状态码=404, 使用时间=1.1154ms, 操作员=未知, 客户端IP=111.55.210.75
[2026-01-26 15:25:35] [DEBUG] 限流器状态 - name=local, tokens=49
[2026-01-26 15:25:35] [INFO] 员工登录成功 - username=admin
[2026-01-26 15:25:35] [INFO] 请求处理完成 - 请求id=3ad4434d-7e7d-4e7d-b130-a409223cd5df, 请求方法=POST, 路径=/login, 状态码=200, 使用时间=128.6478ms, 操作员=未知, 客户端IP=::1
[2026-01-26 15:30:22] [DEBUG] 限流器状态 - name=local, tokens=49
[2026-01-26 15:30:22] [INFO] 请求处理完成 - 请求id=dcc69293-1f27-4242-bed3-3676204d49f3, 请求方法=GET, 路径=/internal/location, 状态码=401, 使用时间=510.1µs, 操作员=未知, 客户端IP=111.55.210.75
[2026-01-26 15:33:42] [INFO] 数据库表创建成功
[2026-01-26 15:33:42] [INFO] 服务器启动 - mode=debug
[2026-01-26 15:34:21] [DEBUG] 限流器状态 - name=local, tokens=49
[2026-01-26 15:34:21] [INFO] 请求处理完成 - 请求id=dbe46120-4517-4d36-8686-6abef0f0709d, 请求方法=POST, 路径=/tool/add/employee, 状态码=401, 使用时间=0s, 操作员=未知, 客户端IP=::1
[2026-01-26 15:34:30] [DEBUG] 限流器状态 - name=local, tokens=49
[2026-01-26 15:34:30] [INFO] 员工登录成功 - username=admin
[2026-01-26 15:34:30] [INFO] 请求处理完成 - 请求id=726d55bf-907f-4169-b635-a74bdddd7fa2, 请求方法=POST, 路径=/login, 状态码=200, 使用时间=126.5863ms, 操作员=未知, 客户端IP=::1
[2026-01-26 15:34:37] [DEBUG] 限流器状态 - name=local, tokens=49
[2026-01-26 15:34:37] [INFO] 请求处理完成 - 请求id=c0f80ca7-960c-4a65-a3cc-64f374b2f05b, 请求方法=POST, 路径=/tool/add/employee, 状态码=400, 使用时间=26.9474ms, 操作员=, 客户端IP=::1
[2026-01-26 15:35:51] [DEBUG] 限流器状态 - name=local, tokens=49
[2026-01-26 15:35:51] [ERROR] 员工注册失败 - error=invalid character '}' looking for beginning of object key string
[2026-01-26 15:35:51] [INFO] 请求处理完成 - 请求id=2f2a7397-187f-4876-872b-3d1fb9442118, 请求方法=POST, 路径=/tool/add/employee, 状态码=400, 使用时间=18.8761ms, 操作员=, 客户端IP=::1
[2026-01-26 15:36:00] [DEBUG] 限流器状态 - tokens=49, name=local
[2026-01-26 15:36:00] [INFO] 请求处理完成 - 请求id=c49451c8-c387-4729-b786-2c06f33384ba, 请求方法=POST, 路径=/tool/add/employee, 状态码=400, 使用时间=20.2621ms, 操作员=, 客户端IP=::1
[2026-01-26 15:37:06] [INFO] 数据库表创建成功
[2026-01-26 15:37:07] [INFO] 服务器启动 - mode=debug
[2026-01-26 15:37:09] [DEBUG] 限流器状态 - tokens=49, name=local
[2026-01-26 15:37:10] [INFO] 员工注册成功 - username=123456
[2026-01-26 15:37:10] [INFO] 请求处理完成 - 请求id=5880a362-f60e-4dd8-9d85-9a5d02b5cf08, 请求方法=POST, 路径=/tool/add/employee, 状态码=201, 使用时间=156.2474ms, 操作员=, 客户端IP=::1
[2026-01-26 15:37:28] [DEBUG] 限流器状态 - name=local, tokens=49
[2026-01-26 15:37:28] [INFO] 员工登录成功 - username=123456
[2026-01-26 15:37:28] [INFO] 请求处理完成 - 请求id=ee838ea3-6ee2-4062-9917-470b6b3ce82b, 请求方法=POST, 路径=/login, 状态码=200, 使用时间=124.2417ms, 操作员=未知, 客户端IP=111.55.210.75
[2026-01-26 15:37:50] [DEBUG] 限流器状态 - name=local, tokens=49
[2026-01-26 15:37:50] [INFO] 请求处理完成 - 请求id=b3acc767-3a77-4574-a7fe-ca87faad77aa, 请求方法=GET, 路径=/internal/tag, 状态码=200, 使用时间=74.6016ms, 操作员=张三, 客户端IP=111.55.210.75
[2026-01-26 15:38:27] [DEBUG] 限流器状态 - tokens=49, name=local
[2026-01-26 15:38:27] [INFO] 请求处理完成 - 请求id=88171eff-59a5-408e-886d-a2fe77505dc0, 请求方法=GET, 路径=/internal/luggage, 状态码=200, 使用时间=17.1817ms, 操作员=张三, 客户端IP=111.55.210.75
[2026-01-26 15:39:04] [DEBUG] 限流器状态 - tokens=49, name=local
[2026-01-26 15:39:04] [INFO] 请求处理完成 - 请求id=1a50332b-18da-4160-9741-cbbc8c79738b, 请求方法=GET, 路径=/internal/location, 状态码=200, 使用时间=18.1505ms, 操作员=张三, 客户端IP=111.55.210.75
[2026-01-26 15:39:23] [DEBUG] 限流器状态 - name=local, tokens=49
[2026-01-26 15:39:23] [INFO] 请求处理完成 - 请求id=5201053e-2f5d-4667-8b62-8571c945953f, 请求方法=GET, 路径=/internal/location, 状态码=200, 使用时间=19.3295ms, 操作员=张三, 客户端IP=111.55.210.75
[2026-01-26 15:39:34] [DEBUG] 限流器状态 - name=local, tokens=49
[2026-01-26 15:39:34] [INFO] 请求处理完成 - 请求id=b9cb1834-ea09-492c-a25d-a440b145415b, 请求方法=GET, 路径=/internal/luggage, 状态码=200, 使用时间=19.5811ms, 操作员=张三, 客户端IP=111.55.210.75
[2026-01-26 15:39:43] [DEBUG] 限流器状态 - name=local, tokens=49
[2026-01-26 15:39:43] [INFO] 请求处理完成 - 请求id=b3af3f34-7ac9-4257-9d07-0c2c0bc50360, 请求方法=GET, 路径=/internal/luggage, 状态码=200, 使用时间=18.4005ms, 操作员=张三, 客户端IP=111.55.210.75
[2026-01-26 15:39:50] [DEBUG] 限流器状态 - name=local, tokens=49
[2026-01-26 15:39:50] [INFO] 请求处理完成 - 请求id=1c9d83c0-d16a-430d-8591-b99b62e853d6, 请求方法=GET, 路径=/internal/luggage, 状态码=200, 使用时间=18.0958ms, 操作员=张三, 客户端IP=111.55.210.75
[2026-01-26 15:39:52] [DEBUG] 限流器状态 - name=local, tokens=49
[2026-01-26 15:39:52] [INFO] 请求处理完成 - 请求id=79debcea-4232-4a81-acdd-46dfe574ac9c, 请求方法=GET, 路径=/internal/luggage, 状态码=200, 使用时间=16.8811ms, 操作员=张三, 客户端IP=111.55.210.75
[2026-01-26 15:40:06] [DEBUG] 限流器状态 - tokens=49, name=local
[2026-01-26 15:40:06] [INFO] 请求处理完成 - 请求id=643c0bef-3742-4a68-bf6e-9a8168e3a2d3, 请求方法=GET, 路径=/internal/luggage, 状态码=200, 使用时间=17.3849ms, 操作员=张三, 客户端IP=111.55.210.75
[2026-01-26 15:40:10] [DEBUG] 限流器状态 - name=local, tokens=49
[2026-01-26 15:40:10] [INFO] 请求处理完成 - 请求id=4ac41802-0a75-4ba5-91d5-54696f561949, 请求方法=GET, 路径=/internal/location, 状态码=200, 使用时间=23.8284ms, 操作员=张三, 客户端IP=111.55.210.75
[2026-01-26 15:40:41] [DEBUG] 限流器状态 - name=local, tokens=49
[2026-01-26 15:40:41] [INFO] 请求处理完成 - 请求id=bae06d16-4351-436e-9870-cd1cab03b300, 请求方法=GET, 路径=/internal/luggageStorage, 状态码=200, 使用时间=17.9307ms, 操作员=, 客户端IP=::1
[2026-01-26 15:40:55] [DEBUG] 限流器状态 - name=local, tokens=49
[2026-01-26 15:40:55] [INFO] 请求处理完成 - 请求id=f8cfd79b-eb27-4900-a4c2-eaf11d4b5e20, 请求方法=GET, 路径=/internal/luggageStorage, 状态码=200, 使用时间=20.9585ms, 操作员=, 客户端IP=::1
[2026-01-26 15:41:08] [DEBUG] 限流器状态 - name=local, tokens=49
[2026-01-26 15:41:08] [INFO] 请求处理完成 - 请求id=de800c4e-169f-4af2-8f91-b0e7b0e40f6e, 请求方法=POST, 路径=/internal/luggageStorage/code/256131, 状态码=200, 使用时间=30.0114ms, 操作员=张三, 客户端IP=111.55.210.75
[2026-01-26 15:41:22] [DEBUG] 限流器状态 - tokens=49, name=local
[2026-01-26 15:41:22] [INFO] 请求处理完成 - 请求id=efe0c279-dc94-4333-8b2d-c1767980f7d3, 请求方法=POST, 路径=/internal/luggageStorage/code/216131, 状态码=404, 使用时间=47.3696ms, 操作员=张三, 客户端IP=111.55.210.75
[2026-01-26 15:41:57] [DEBUG] 限流器状态 - name=local, tokens=49
[2026-01-26 15:41:57] [INFO] 请求处理完成 - 请求id=0bab2a4f-4fde-4708-9811-6df722216f86, 请求方法=GET, 路径=/internal/luggage, 状态码=200, 使用时间=19.4663ms, 操作员=张三, 客户端IP=111.55.210.75
[2026-01-26 15:42:04] [DEBUG] 限流器状态 - name=local, tokens=49
[2026-01-26 15:42:04] [INFO] 请求处理完成 - 请求id=fce81edb-f589-43d5-b636-8d28abfffdb7, 请求方法=GET, 路径=/internal/luggage, 状态码=200, 使用时间=29.1898ms, 操作员=张三, 客户端IP=111.55.210.75
[2026-01-26 15:43:20] [DEBUG] 限流器状态 - name=local, tokens=49
[2026-01-26 15:43:20] [INFO] 请求处理完成 - 请求id=41104e8c-a854-4582-81cf-5aeaa3a87d4c, 请求方法=GET, 路径=/internal/tag, 状态码=200, 使用时间=17.8569ms, 操作员=张三, 客户端IP=111.55.210.75
[2026-01-26 15:44:30] [DEBUG] 限流器状态 - tokens=49, name=local
[2026-01-26 15:44:30] [INFO] 请求处理完成 - 请求id=8305ea1c-8d8f-4d5e-80eb-6c6ee44777f1, 请求方法=POST, 路径=/internal/tag, 状态码=401, 使用时间=520.2µs, 操作员=未知, 客户端IP=::1
[2026-01-26 15:44:31] [DEBUG] 限流器状态 - tokens=49, name=local
[2026-01-26 15:44:31] [INFO] 员工登录成功 - username=123456
[2026-01-26 15:44:31] [INFO] 请求处理完成 - 请求id=1afd4416-cd4d-4fc6-bbdc-822fee64eb72, 请求方法=POST, 路径=/login, 状态码=200, 使用时间=115.5118ms, 操作员=未知, 客户端IP=111.55.210.75
[2026-01-26 15:44:35] [DEBUG] 限流器状态 - tokens=49, name=local
[2026-01-26 15:44:35] [INFO] 员工登录成功 - username=admin
[2026-01-26 15:44:35] [INFO] 请求处理完成 - 请求id=f5a85f88-6991-45fc-81b6-351ae38e42d7, 请求方法=POST, 路径=/login, 状态码=200, 使用时间=118.3264ms, 操作员=未知, 客户端IP=::1
[2026-01-26 15:44:37] [DEBUG] 限流器状态 - tokens=49, name=local
[2026-01-26 15:44:37] [INFO] 请求处理完成 - 请求id=e167882f-b9bc-4a36-a508-4deb39466ac4, 请求方法=GET, 路径=/internal/tag, 状态码=200, 使用时间=11.3031ms, 操作员=张三, 客户端IP=111.55.210.75
[2026-01-26 15:44:38] [DEBUG] 限流器状态 - name=local, tokens=49
[2026-01-26 15:44:38] [INFO] 请求处理完成 - 请求id=e76ed708-9016-4916-bc37-e1548d671863, 请求方法=POST, 路径=/internal/tag, 状态码=200, 使用时间=17.2073ms, 操作员=, 客户端IP=::1
[2026-01-26 15:44:47] [DEBUG] 限流器状态 - name=local, tokens=49
[2026-01-26 15:44:47] [INFO] 请求处理完成 - 请求id=3bf6f7dd-8168-4914-9adb-410c2500e834, 请求方法=GET, 路径=/internal/tag, 状态码=200, 使用时间=15.8319ms, 操作员=, 客户端IP=::1
[2026-01-26 15:45:15] [DEBUG] 限流器状态 - tokens=49, name=local
[2026-01-26 15:45:15] [INFO] 请求处理完成 - 请求id=bf2ceffd-13d3-4f9c-a096-a1ec136504bf, 请求方法=POST, 路径=/internal/tag, 状态码=200, 使用时间=20.3729ms, 操作员=, 客户端IP=::1
[2026-01-26 15:45:21] [DEBUG] 限流器状态 - name=local, tokens=49
[2026-01-26 15:45:21] [INFO] 请求处理完成 - 请求id=102dab0f-79d6-4055-bd01-7ee3b5fe0f02, 请求方法=GET, 路径=/internal/tag, 状态码=200, 使用时间=16.187ms, 操作员=, 客户端IP=::1
[2026-01-26 15:45:34] [DEBUG] 限流器状态 - name=local, tokens=49
[2026-01-26 15:45:34] [INFO] 请求处理完成 - 请求id=c01787b9-0f50-4a84-8eac-53f883c44363, 请求方法=GET, 路径=/internal/tag, 状态码=200, 使用时间=16.8384ms, 操作员=张三, 客户端IP=111.55.210.75
[2026-01-26 15:46:02] [DEBUG] 限流器状态 - name=local, tokens=49
[2026-01-26 15:46:02] [INFO] 请求处理完成 - 请求id=ab490e9c-5f93-40b1-8813-c1483627816d, 请求方法=GET, 路径=/internal/luggage, 状态码=200, 使用时间=19.3798ms, 操作员=张三, 客户端IP=111.55.210.75
[2026-01-26 15:46:24] [DEBUG] 限流器状态 - name=local, tokens=49
[2026-01-26 15:46:24] [INFO] 请求处理完成 - 请求id=9d0773a3-fc14-4ddd-a180-11935a34b055, 请求方法=GET, 路径=/internal/luggage, 状态码=200, 使用时间=25.5391ms, 操作员=张三, 客户端IP=111.55.210.75
[2026-01-26 15:47:11] [DEBUG] 限流器状态 - name=local, tokens=49
[2026-01-26 15:47:11] [INFO] 员工登录成功 - username=123456
[2026-01-26 15:47:11] [INFO] 请求处理完成 - 请求id=d483be0a-85a6-40a5-becd-4fcaf991cf30, 请求方法=POST, 路径=/login, 状态码=200, 使用时间=124.7553ms, 操作员=未知, 客户端IP=111.55.210.75
[2026-01-26 15:47:16] [DEBUG] 限流器状态 - name=local, tokens=49
[2026-01-26 15:47:16] [INFO] 请求处理完成 - 请求id=c35cbd7b-d04a-4664-9240-9e18cb972450, 请求方法=GET, 路径=/internal/luggage, 状态码=200, 使用时间=20.6711ms, 操作员=张三, 客户端IP=111.55.210.75
[2026-01-26 15:53:11] [DEBUG] 限流器状态 - name=local, tokens=49
[2026-01-26 15:53:11] [INFO] 请求处理完成 - 请求id=bbb2a2f2-67bd-4385-996f-67b4ff909956, 请求方法=GET, 路径=/internal/luggage, 状态码=200, 使用时间=16.8975ms, 操作员=张三, 客户端IP=111.55.210.75
[2026-01-26 15:53:27] [DEBUG] 限流器状态 - name=local, tokens=49
[2026-01-26 15:53:27] [INFO] 请求处理完成 - 请求id=9a752eaf-b448-4817-b4b2-555416961702, 请求方法=GET, 路径=/internal/luggage, 状态码=401, 使用时间=1.5261ms, 操作员=未知, 客户端IP=111.55.210.75
[2026-01-26 15:53:59] [DEBUG] 限流器状态 - name=local, tokens=49
[2026-01-26 15:54:00] [INFO] 员工登录成功 - username=123456
[2026-01-26 15:54:00] [INFO] 请求处理完成 - 请求id=f252eab8-52f4-4cac-8ba9-56fad6cbede0, 请求方法=POST, 路径=/login, 状态码=200, 使用时间=116.9521ms, 操作员=未知, 客户端IP=111.55.210.75
[2026-01-26 15:54:05] [DEBUG] 限流器状态 - name=local, tokens=49
[2026-01-26 15:54:05] [INFO] 请求处理完成 - 请求id=d3dbf4c6-6c34-4f50-832a-c107646874c5, 请求方法=GET, 路径=/internal/luggage, 状态码=200, 使用时间=17.5233ms, 操作员=张三, 客户端IP=111.55.210.75
[2026-01-26 15:56:35] [DEBUG] 限流器状态 - name=local, tokens=49
[2026-01-26 15:56:35] [INFO] 请求处理完成 - 请求id=b3e98f24-563b-4d13-8012-5e99a01fc991, 请求方法=GET, 路径=/internal/tag, 状态码=401, 使用时间=1.1123ms, 操作员=未知, 客户端IP=111.55.210.75
[2026-01-26 15:56:35] [DEBUG] 限流器状态 - name=local, tokens=48
[2026-01-26 15:56:35] [INFO] 请求处理完成 - 请求id=80c22510-1e37-4ad1-84c6-736326020e3f, 请求方法=GET, 路径=/internal/luggageStorage, 状态码=401, 使用时间=1.1063ms, 操作员=未知, 客户端IP=111.55.210.75
[2026-01-26 15:56:36] [DEBUG] 限流器状态 - name=local, tokens=49
[2026-01-26 15:56:36] [INFO] 请求处理完成 - 请求id=a63d32ec-e54f-44e7-ad08-8f6f3f401c4e, 请求方法=GET, 路径=/internal/luggageStorage, 状态码=200, 使用时间=21.1853ms, 操作员=张三, 客户端IP=111.55.210.75
[2026-01-26 15:56:41] [DEBUG] 限流器状态 - name=local, tokens=49
[2026-01-26 15:56:41] [DEBUG] 限流器状态 - name=local, tokens=47
[2026-01-26 15:56:41] [INFO] 请求处理完成 - 请求id=7dcd8fe7-1ca2-4c10-9878-1c7903a9d890, 请求方法=GET, 路径=/internal/luggageStorage, 状态码=401, 使用时间=5.5748ms, 操作员=未知, 客户端IP=111.55.210.75
[2026-01-26 15:56:41] [INFO] 请求处理完成 - 请求id=b51f3213-0bcf-450b-917a-e917bddc69ba, 请求方法=GET, 路径=/internal/luggageStorage, 状态码=200, 使用时间=31.3367ms, 操作员=张三, 客户端IP=111.55.210.75
[2026-01-26 15:57:19] [DEBUG] 限流器状态 - name=local, tokens=49
[2026-01-26 15:57:19] [INFO] 请求处理完成 - 请求id=c1181fdd-b0f6-4b87-8b07-39b75d93a8d5, 请求方法=GET, 路径=/internal/luggageStorage, 状态码=200, 使用时间=22.6129ms, 操作员=张三, 客户端IP=111.55.210.75
[2026-01-26 15:58:06] [DEBUG] 限流器状态 - tokens=49, name=local
[2026-01-26 15:58:06] [INFO] 请求处理完成 - 请求id=c5ea003d-51fd-4e09-870a-74978f7869aa, 请求方法=GET, 路径=/internal/luggageStorage, 状态码=200, 使用时间=20.6259ms, 操作员=张三, 客户端IP=111.55.210.75
[2026-01-26 15:58:08] [DEBUG] 限流器状态 - name=local, tokens=49
[2026-01-26 15:58:08] [INFO] 请求处理完成 - 请求id=49915c3d-8981-4744-a095-96482d804f9d, 请求方法=GET, 路径=/internal/luggageStorage, 状态码=200, 使用时间=17.7473ms, 操作员=, 客户端IP=::1
[2026-01-26 15:58:15] [DEBUG] 限流器状态 - tokens=49, name=local
[2026-01-26 15:58:15] [INFO] 请求处理完成 - 请求id=6d751db1-0446-4da5-a74c-ab171896f6d6, 请求方法=GET, 路径=/internal/luggageStorage, 状态码=200, 使用时间=21.5952ms, 操作员=, 客户端IP=::1
[2026-01-26 16:02:35] [DEBUG] 限流器状态 - tokens=49, name=local
[2026-01-26 16:02:35] [DEBUG] 限流器状态 - name=local, tokens=48
[2026-01-26 16:02:35] [INFO] 请求处理完成 - 请求id=0b8c02ef-0abe-4d6a-8182-2d2f9152cc28, 请求方法=GET, 路径=/internal/luggageStorage, 状态码=401, 使用时间=511.6µs, 操作员=未知, 客户端IP=111.55.210.75
[2026-01-26 16:02:35] [INFO] 请求处理完成 - 请求id=69f6c27e-3185-4f2e-9981-81afff3dc572, 请求方法=GET, 路径=/internal/luggageStorage, 状态码=200, 使用时间=18.2465ms, 操作员=张三, 客户端IP=111.55.210.75
[2026-01-26 16:02:49] [DEBUG] 限流器状态 - name=local, tokens=49
[2026-01-26 16:02:49] [INFO] 请求处理完成 - 请求id=e5a89b99-0eb7-475f-9c03-506c5ed59a8c, 请求方法=GET, 路径=/internal/luggageStorage, 状态码=200, 使用时间=29.9799ms, 操作员=张三, 客户端IP=111.55.210.75
[2026-01-26 16:02:51] [DEBUG] 限流器状态 - name=local, tokens=49
[2026-01-26 16:02:51] [INFO] 请求处理完成 - 请求id=3fc346de-d9de-4d2f-925c-72367b5c3ab2, 请求方法=GET, 路径=/internal/luggageStorage, 状态码=200, 使用时间=20.7318ms, 操作员=张三, 客户端IP=111.55.210.75
[2026-01-26 16:05:21] [DEBUG] 限流器状态 - name=local, tokens=49
[2026-01-26 16:05:21] [INFO] 请求处理完成 - 请求id=271c6050-6161-4456-9a6f-68fb34ad8025, 请求方法=GET, 路径=/internal/location, 状态码=401, 使用时间=1.4558ms, 操作员=未知, 客户端IP=111.55.210.75
[2026-01-26 16:05:21] [DEBUG] 限流器状态 - name=local, tokens=49
[2026-01-26 16:05:21] [INFO] 请求处理完成 - 请求id=e06fb02b-78ef-47eb-bbfe-1cace9db76d6, 请求方法=GET, 路径=/internal/luggageStorage, 状态码=200, 使用时间=16.3008ms, 操作员=张三, 客户端IP=111.55.210.75
[2026-01-26 16:05:50] [DEBUG] 限流器状态 - name=local, tokens=49
[2026-01-26 16:05:50] [INFO] 请求处理完成 - 请求id=40e00c45-1239-47d0-8bdb-a7749ff71f27, 请求方法=GET, 路径=/internal/luggageStorage, 状态码=401, 使用时间=1.0047ms, 操作员=未知, 客户端IP=::1
[2026-01-26 16:05:56] [DEBUG] 限流器状态 - name=local, tokens=49
[2026-01-26 16:05:56] [INFO] 员工登录成功 - username=admin
[2026-01-26 16:05:56] [INFO] 请求处理完成 - 请求id=e5c58f5a-4841-470a-a4da-e022ed6775ed, 请求方法=POST, 路径=/login, 状态码=200, 使用时间=122.2144ms, 操作员=未知, 客户端IP=::1
[2026-01-26 16:06:00] [DEBUG] 限流器状态 - name=local, tokens=49
[2026-01-26 16:06:00] [INFO] 请求处理完成 - 请求id=dc37c022-8daa-4b8b-bd04-86ed694b6949, 请求方法=GET, 路径=/internal/luggageStorage, 状态码=200, 使用时间=18.747ms, 操作员=, 客户端IP=::1
[2026-01-26 16:07:23] [DEBUG] 限流器状态 - name=local, tokens=49
[2026-01-26 16:07:23] [INFO] 请求处理完成 - 请求id=c6ea6f08-892d-4d33-b7b7-926e4530e6c6, 请求方法=GET, 路径=/internal/location, 状态码=401, 使用时间=1.5484ms, 操作员=未知, 客户端IP=111.55.210.75
[2026-01-26 16:09:20] [DEBUG] 限流器状态 - name=local, tokens=49
[2026-01-26 16:09:20] [INFO] 请求处理完成 - 请求id=d359ec60-8109-421a-91e2-f8f0fc530a73, 请求方法=GET, 路径=/internal/luggageStorage, 状态码=401, 使用时间=1.1552ms, 操作员=未知, 客户端IP=111.55.210.75
[2026-01-26 16:09:25] [DEBUG] 限流器状态 - name=local, tokens=49
[2026-01-26 16:09:25] [INFO] 请求处理完成 - 请求id=9ab9557f-9ac7-431b-9c26-2ea4885523a4, 请求方法=GET, 路径=/internal/luggageStorage, 状态码=401, 使用时间=787.8µs, 操作员=未知, 客户端IP=111.55.210.75
[2026-01-26 16:09:31] [DEBUG] 限流器状态 - tokens=49, name=local
[2026-01-26 16:09:31] [INFO] 请求处理完成 - 请求id=9b70b1fd-d982-4171-92de-c946021568a2, 请求方法=GET, 路径=/internal/luggageStorage, 状态码=401, 使用时间=1.0618ms, 操作员=未知, 客户端IP=111.55.210.75
[2026-01-26 16:09:39] [DEBUG] 限流器状态 - name=local, tokens=49
[2026-01-26 16:09:39] [INFO] 请求处理完成 - 请求id=00912940-6b7f-4199-8df3-d77f94a8d6e0, 请求方法=POST, 路径=/login, 状态码=401, 使用时间=117.9573ms, 操作员=未知, 客户端IP=111.55.210.75
[2026-01-26 16:09:48] [DEBUG] 限流器状态 - name=local, tokens=49
[2026-01-26 16:09:48] [INFO] 员工登录成功 - username=123456
[2026-01-26 16:09:48] [INFO] 请求处理完成 - 请求id=09e08ad9-3581-45c3-a702-f97b3124e84d, 请求方法=POST, 路径=/login, 状态码=200, 使用时间=118.1907ms, 操作员=未知, 客户端IP=111.55.210.75
[2026-01-26 16:09:53] [DEBUG] 限流器状态 - tokens=49, name=local
[2026-01-26 16:09:53] [INFO] 请求处理完成 - 请求id=ee928688-6d17-4f74-b077-1b24cc16bcb8, 请求方法=GET, 路径=/internal/luggageStorage, 状态码=200, 使用时间=20.9483ms, 操作员=张三, 客户端IP=111.55.210.75
[2026-01-26 16:12:07] [DEBUG] 限流器状态 - name=local, tokens=49
[2026-01-26 16:12:07] [INFO] 请求处理完成 - 请求id=c1d34f64-35cf-4f07-bf12-37def420cf9d, 请求方法=GET, 路径=/internal/luggageStorage, 状态码=200, 使用时间=13.9883ms, 操作员=张三, 客户端IP=111.55.210.75
[2026-01-26 16:14:33] [DEBUG] 限流器状态 - tokens=49, name=local
[2026-01-26 16:14:33] [INFO] 请求处理完成 - 请求id=6b499dfa-b5d0-43e1-bdaf-e56da6e0b616, 请求方法=POST, 路径=/internal/luggageStorage, 状态码=201, 使用时间=51.9199ms, 操作员=, 客户端IP=::1
[2026-01-26 16:14:37] [DEBUG] 限流器状态 - name=local, tokens=49
[2026-01-26 16:14:37] [INFO] 请求处理完成 - 请求id=c02a8c51-14e1-4e4d-9079-7604905c5cdc, 请求方法=GET, 路径=/internal/luggageStorage, 状态码=200, 使用时间=19.2112ms, 操作员=, 客户端IP=::1
[2026-01-26 16:18:34] [DEBUG] 限流器状态 - name=local, tokens=49
[2026-01-26 16:18:34] [INFO] 请求处理完成 - 请求id=fa17656c-d829-4084-82c9-3ec4dbcaf241, 请求方法=GET, 路径=/internal/luggageStorage, 状态码=200, 使用时间=29.1041ms, 操作员=张三, 客户端IP=111.55.210.75
[2026-01-26 16:18:56] [DEBUG] 限流器状态 - name=local, tokens=49
[2026-01-26 16:18:56] [DEBUG] 限流器状态 - name=local, tokens=48
[2026-01-26 16:18:56] [INFO] 请求处理完成 - 请求id=8d1df973-4397-46c4-83a2-9b70dd9a5ee6, 请求方法=GET, 路径=/internal/luggageStorage, 状态码=200, 使用时间=21.0016ms, 操作员=张三, 客户端IP=111.55.210.75
[2026-01-26 16:18:56] [INFO] 请求处理完成 - 请求id=a11bedd0-5a41-416b-a66a-db1b3f7f1210, 请求方法=GET, 路径=/internal/luggageStorage, 状态码=200, 使用时间=22.4257ms, 操作员=张三, 客户端IP=111.55.210.75
[2026-01-26 16:21:13] [DEBUG] 限流器状态 - name=local, tokens=49
[2026-01-26 16:21:13] [INFO] 请求处理完成 - 请求id=2e3a2943-b8f3-4920-871d-817a1cca3964, 请求方法=GET, 路径=/internal/luggageStorage, 状态码=200, 使用时间=20.845ms, 操作员=张三, 客户端IP=111.55.210.75
[2026-01-26 16:21:41] [DEBUG] 限流器状态 - name=local, tokens=49
[2026-01-26 16:21:41] [INFO] 请求处理完成 - 请求id=bd488bfe-671a-4de2-9473-1eb1d7931228, 请求方法=GET, 路径=/internal/luggageStorage, 状态码=200, 使用时间=21.4502ms, 操作员=张三, 客户端IP=111.55.210.75
[2026-01-26 16:21:42] [DEBUG] 限流器状态 - tokens=49, name=local
[2026-01-26 16:21:42] [INFO] 请求处理完成 - 请求id=a7887b4d-8091-4f50-8bea-20c5c1a5d756, 请求方法=GET, 路径=/internal/luggageStorage, 状态码=200, 使用时间=14.0648ms, 操作员=张三, 客户端IP=111.55.210.75
[2026-01-26 16:23:01] [DEBUG] 限流器状态 - name=local, tokens=49
[2026-01-26 16:23:01] [INFO] 请求处理完成 - 请求id=0b4b62ed-55a9-4391-8c93-a291b6d3d59f, 请求方法=GET, 路径=/internal/luggageStorage, 状态码=200, 使用时间=21.4972ms, 操作员=张三, 客户端IP=111.55.210.75
[2026-01-26 16:23:16] [DEBUG] 限流器状态 - tokens=49, name=local
[2026-01-26 16:23:16] [INFO] 请求处理完成 - 请求id=a479cf67-1cde-4448-b7ad-ef0e304e6ac0, 请求方法=GET, 路径=/internal/luggageStorage, 状态码=200, 使用时间=21.8192ms, 操作员=张三, 客户端IP=111.55.210.75
[2026-01-26 16:23:20] [DEBUG] 限流器状态 - tokens=49, name=local
[2026-01-26 16:23:20] [INFO] 请求处理完成 - 请求id=355567c7-30c4-4967-a30c-b68072ee12fc, 请求方法=GET, 路径=/internal/luggageStorage, 状态码=200, 使用时间=21.9451ms, 操作员=张三, 客户端IP=111.55.210.75
[2026-01-26 16:23:22] [DEBUG] 限流器状态 - tokens=49, name=local
[2026-01-26 16:23:22] [INFO] 请求处理完成 - 请求id=00675658-f262-41b7-a552-bc84bde1dfc0, 请求方法=GET, 路径=/internal/luggageStorage, 状态码=200, 使用时间=32.3459ms, 操作员=张三, 客户端IP=111.55.210.75
[2026-01-26 16:23:26] [DEBUG] 限流器状态 - tokens=49, name=local
[2026-01-26 16:23:26] [INFO] 请求处理完成 - 请求id=531ee1f2-e37c-473b-b124-97399d62b57a, 请求方法=GET, 路径=/internal/luggageStorage, 状态码=200, 使用时间=18.697ms, 操作员=张三, 客户端IP=111.55.210.75
[2026-01-26 16:23:51] [DEBUG] 限流器状态 - name=local, tokens=49
[2026-01-26 16:23:51] [INFO] 请求处理完成 - 请求id=c607109a-cb87-46aa-ad0b-635cab2adab2, 请求方法=GET, 路径=/internal/luggageStorage, 状态码=200, 使用时间=17.4855ms, 操作员=张三, 客户端IP=111.55.210.75
[2026-01-26 16:23:57] [DEBUG] 限流器状态 - name=local, tokens=49
[2026-01-26 16:23:57] [INFO] 请求处理完成 - 请求id=1f9f4323-f834-4220-9a8f-c0f821d4befd, 请求方法=GET, 路径=/internal/luggageStorage, 状态码=200, 使用时间=22.2302ms, 操作员=张三, 客户端IP=111.55.210.75
[2026-01-26 16:25:45] [DEBUG] 限流器状态 - tokens=49, name=local
[2026-01-26 16:25:45] [INFO] 请求处理完成 - 请求id=5a6de337-72ab-4d68-83bc-7b59aca23a01, 请求方法=GET, 路径=/internal/luggageStorage, 状态码=401, 使用时间=3.8488ms, 操作员=未知, 客户端IP=111.55.210.75
[2026-01-26 16:25:59] [DEBUG] 限流器状态 - name=local, tokens=49
[2026-01-26 16:25:59] [INFO] 员工登录成功 - username=123456
[2026-01-26 16:25:59] [INFO] 请求处理完成 - 请求id=9cfea258-8328-4b8b-9614-90e9c5512f9b, 请求方法=POST, 路径=/login, 状态码=200, 使用时间=111.2951ms, 操作员=未知, 客户端IP=111.55.210.75
[2026-01-26 16:26:03] [DEBUG] 限流器状态 - name=local, tokens=49
[2026-01-26 16:26:03] [INFO] 请求处理完成 - 请求id=ef035608-6f70-4e8b-a8de-528b089e5141, 请求方法=GET, 路径=/internal/luggageStorage, 状态码=200, 使用时间=18.8684ms, 操作员=张三, 客户端IP=111.55.210.75
[2026-01-26 16:26:13] [DEBUG] 限流器状态 - name=local, tokens=49
[2026-01-26 16:26:13] [INFO] 请求处理完成 - 请求id=ba706aee-64cd-42eb-b8f5-464129242833, 请求方法=GET, 路径=/internal/luggageStorage, 状态码=200, 使用时间=27.6199ms, 操作员=张三, 客户端IP=111.55.210.75
[2026-01-26 16:26:31] [DEBUG] 限流器状态 - name=local, tokens=49
[2026-01-26 16:26:31] [INFO] 请求处理完成 - 请求id=55305e7f-ba16-4deb-8f83-bae5ffac4c16, 请求方法=GET, 路径=/internal/luggageStorage, 状态码=200, 使用时间=22.0999ms, 操作员=张三, 客户端IP=111.55.210.75
[2026-01-26 16:26:35] [DEBUG] 限流器状态 - name=local, tokens=49
[2026-01-26 16:26:35] [INFO] 请求处理完成 - 请求id=e20d723a-209c-49d2-91e0-f5a25f39ac4a, 请求方法=GET, 路径=/internal/luggageStorage, 状态码=200, 使用时间=25.1672ms, 操作员=张三, 客户端IP=111.55.210.75
[2026-01-26 16:26:39] [DEBUG] 限流器状态 - name=local, tokens=49
[2026-01-26 16:26:39] [INFO] 请求处理完成 - 请求id=5c7c5f6f-4a03-4fb5-bba7-feee544740d9, 请求方法=GET, 路径=/internal/luggageStorage, 状态码=200, 使用时间=20.5007ms, 操作员=张三, 客户端IP=111.55.210.75
[2026-01-26 16:43:32] [DEBUG] 限流器状态 - name=local, tokens=49
[2026-01-26 16:43:32] [INFO] 请求处理完成 - 请求id=31a76c58-f766-4554-9c72-45aec6042e55, 请求方法=GET, 路径=/internal/location, 状态码=401, 使用时间=549.8µs, 操作员=未知, 客户端IP=111.55.210.75
[2026-01-26 16:43:38] [DEBUG] 限流器状态 - name=local, tokens=49
[2026-01-26 16:43:38] [INFO] 请求处理完成 - 请求id=3dcdd878-a069-41fc-af71-9e04d1b3edb1, 请求方法=GET, 路径=/internal/luggageStorage, 状态码=401, 使用时间=0s, 操作员=未知, 客户端IP=111.55.210.75
[2026-01-26 16:48:23] [DEBUG] 限流器状态 - name=local, tokens=49
[2026-01-26 16:48:23] [INFO] 请求处理完成 - 请求id=43d54127-5922-4af8-8a76-3b0e6cdd8480, 请求方法=GET, 路径=/internal/luggageStorage, 状态码=401, 使用时间=1.5289ms, 操作员=未知, 客户端IP=111.55.210.75
[2026-01-26 16:49:13] [DEBUG] 限流器状态 - name=local, tokens=49
[2026-01-26 16:49:13] [INFO] 请求处理完成 - 请求id=405b5680-2357-4cbf-8c0d-329d152fe6e0, 请求方法=POST, 路径=/internal/luggageStorage/code/675081, 状态码=401, 使用时间=687µs, 操作员=未知, 客户端IP=111.55.210.75
[2026-01-26 16:50:56] [DEBUG] 限流器状态 - name=local, tokens=49
[2026-01-26 16:50:56] [INFO] 员工登录成功 - username=123456
[2026-01-26 16:50:56] [INFO] 请求处理完成 - 请求id=2a68be44-0413-4565-834c-9960b74d2966, 请求方法=POST, 路径=/login, 状态码=200, 使用时间=43.1425ms, 操作员=未知, 客户端IP=111.55.210.75
[2026-01-26 16:50:59] [DEBUG] 限流器状态 - name=local, tokens=49
[2026-01-26 16:50:59] [INFO] 请求处理完成 - 请求id=6874af90-b510-4f1f-90ac-ab9d76626b4f, 请求方法=GET, 路径=/internal/luggageStorage, 状态码=200, 使用时间=12.6358ms, 操作员=张三, 客户端IP=111.55.210.75
[2026-01-26 16:51:04] [DEBUG] 限流器状态 - tokens=49, name=local
[2026-01-26 16:51:04] [INFO] 请求处理完成 - 请求id=8fecf23d-0f41-4626-bdeb-53b47de610bc, 请求方法=GET, 路径=/internal/luggageStorage, 状态码=200, 使用时间=14.0997ms, 操作员=张三, 客户端IP=111.55.210.75
[2026-01-26 16:51:13] [DEBUG] 限流器状态 - name=local, tokens=49
[2026-01-26 16:51:13] [INFO] 请求处理完成 - 请求id=af0a1ee0-4087-4092-9108-292302aaedd0, 请求方法=GET, 路径=/internal/luggageStorage, 状态码=200, 使用时间=14.5519ms, 操作员=张三, 客户端IP=111.55.210.75
[2026-01-26 16:51:22] [DEBUG] 限流器状态 - name=local, tokens=49
[2026-01-26 16:51:22] [INFO] 请求处理完成 - 请求id=b6a5a58b-fbd2-4bae-8947-9821fb74e1bd, 请求方法=GET, 路径=/internal/luggageStorage, 状态码=200, 使用时间=28.0009ms, 操作员=张三, 客户端IP=111.55.210.75
[2026-01-26 16:51:27] [DEBUG] 限流器状态 - name=local, tokens=49
[2026-01-26 16:51:27] [INFO] 请求处理完成 - 请求id=c113ad3a-f3c3-452e-86f8-d720d293f0ca, 请求方法=GET, 路径=/internal/luggageStorage, 状态码=200, 使用时间=13.5511ms, 操作员=张三, 客户端IP=111.55.210.75
[2026-01-26 16:51:38] [DEBUG] 限流器状态 - name=local, tokens=49
[2026-01-26 16:51:38] [INFO] 请求处理完成 - 请求id=c473282c-9a58-4e8b-b72c-b85ffa0796be, 请求方法=GET, 路径=/internal/luggageStorage, 状态码=200, 使用时间=7.2578ms, 操作员=张三, 客户端IP=111.55.210.75
[2026-01-26 16:51:52] [DEBUG] 限流器状态 - name=local, tokens=49
[2026-01-26 16:51:52] [INFO] 请求处理完成 - 请求id=fcb90608-cab1-42ae-a53b-f7762bd1382b, 请求方法=GET, 路径=/internal/tag, 状态码=200, 使用时间=11.3509ms, 操作员=张三, 客户端IP=111.55.210.75
[2026-01-26 16:52:03] [DEBUG] 限流器状态 - name=local, tokens=49
[2026-01-26 16:52:03] [INFO] 请求处理完成 - 请求id=fd86c307-18d5-49f0-80de-f852e33e06ff, 请求方法=GET, 路径=/internal/location, 状态码=200, 使用时间=10.531ms, 操作员=张三, 客户端IP=111.55.210.75
[2026-01-26 16:52:05] [DEBUG] 限流器状态 - name=local, tokens=49
[2026-01-26 16:52:05] [INFO] 请求处理完成 - 请求id=b1a66fdd-9422-45ba-8a54-2bb54952ce7b, 请求方法=GET, 路径=/internal/location, 状态码=200, 使用时间=14.1169ms, 操作员=张三, 客户端IP=111.55.210.75
[2026-01-26 16:52:27] [DEBUG] 限流器状态 - name=local, tokens=49
[2026-01-26 16:52:27] [INFO] 请求处理完成 - 请求id=5d5b19f7-daa5-49eb-9061-f237f8422fda, 请求方法=POST, 路径=/internal/luggageStorage/code/675081, 状态码=404, 使用时间=11.7124ms, 操作员=张三, 客户端IP=111.55.210.75
[2026-01-26 16:52:28] [DEBUG] 限流器状态 - tokens=49, name=local
[2026-01-26 16:52:28] [INFO] 请求处理完成 - 请求id=2f65d6ef-b252-46ab-8ef0-0e5898418784, 请求方法=POST, 路径=/internal/luggageStorage/code/675081, 状态码=404, 使用时间=11.437ms, 操作员=张三, 客户端IP=111.55.210.75
[2026-01-26 16:56:14] [DEBUG] 限流器状态 - name=local, tokens=49
[2026-01-26 16:56:14] [INFO] 请求处理完成 - 请求id=f87dd9a5-8441-4f68-917b-5f6a9e445b10, 请求方法=GET, 路径=/internal/luggageStorage, 状态码=200, 使用时间=11.7683ms, 操作员=张三, 客户端IP=111.55.210.75
[2026-01-26 17:06:43] [DEBUG] 限流器状态 - name=local, tokens=49
[2026-01-26 17:06:43] [INFO] 请求处理完成 - 请求id=6df9c388-dd74-4b1f-8fb1-cd91bd6a4b3a, 请求方法=GET, 路径=/internal/luggageStorage, 状态码=401, 使用时间=695.2µs, 操作员=未知, 客户端IP=111.55.210.75
[2026-01-26 17:16:23] [INFO] 数据库表创建成功
[2026-01-26 17:16:23] [INFO] 服务器启动 - mode=debug
[2026-01-26 17:30:32] [INFO] 数据库表创建成功
[2026-01-26 17:30:32] [INFO] 服务器启动 - mode=debug
[2026-01-26 17:30:36] [DEBUG] 限流器状态 - tokens=49, name=local
[2026-01-26 17:30:36] [INFO] 请求处理完成 - 请求id=31681b94-3238-4002-a7bd-0869b836ee52, 请求方法=POST, 路径=/internal/photo, 状态码=401, 使用时间=530µs, 操作员=未知, 客户端IP=::1
[2026-01-26 17:30:41] [DEBUG] 限流器状态 - name=local, tokens=49
[2026-01-26 17:30:41] [INFO] 员工登录成功 - username=admin
[2026-01-26 17:30:41] [INFO] 请求处理完成 - 请求id=818b9f6f-6a76-43b1-aa78-99999d0c4aff, 请求方法=POST, 路径=/login, 状态码=200, 使用时间=47.2171ms, 操作员=未知, 客户端IP=::1
[2026-01-26 17:30:43] [DEBUG] 限流器状态 - tokens=49, name=local
[2026-01-26 17:30:44] [INFO] 请求处理完成 - 请求id=2bed7094-3193-4086-8dbb-98218cf1fde3, 请求方法=POST, 路径=/internal/photo, 状态码=200, 使用时间=497.9922ms, 操作员=, 客户端IP=::1
[2026-01-26 17:31:19] [INFO] 数据库表创建成功
[2026-01-26 17:31:19] [INFO] 服务器启动 - mode=debug
[2026-01-26 17:31:22] [DEBUG] 限流器状态 - tokens=49, name=local
[2026-01-26 17:31:22] [INFO] 请求处理完成 - 请求id=223734be-4d34-4513-bca3-d5ee15394488, 请求方法=POST, 路径=/internal/photo, 状态码=200, 使用时间=262.2692ms, 操作员=, 客户端IP=::1
[2026-01-26 17:34:29] [INFO] 数据库表创建成功
[2026-01-26 17:34:29] [INFO] 服务器启动 - mode=debug
[2026-01-26 17:34:31] [DEBUG] 限流器状态 - tokens=49, name=local
[2026-01-26 17:34:32] [INFO] 请求处理完成 - 请求id=01b33547-3c13-4b3c-b554-36723315d2af, 请求方法=POST, 路径=/internal/photo, 状态码=200, 使用时间=1.3567536s, 操作员=, 客户端IP=::1
[2026-01-26 17:35:37] [INFO] 数据库表创建成功
[2026-01-26 17:35:37] [INFO] 服务器启动 - mode=debug
[2026-01-26 17:35:39] [DEBUG] 限流器状态 - tokens=49, name=local
[2026-01-26 17:35:40] [INFO] 请求处理完成 - 请求id=1f84ef95-c27b-47be-a881-30f1f3ad9051, 请求方法=POST, 路径=/internal/photo, 状态码=200, 使用时间=393.2745ms, 操作员=, 客户端IP=::1
[2026-01-26 17:36:06] [INFO] 数据库表创建成功
[2026-01-26 17:36:06] [INFO] 服务器启动 - mode=debug
[2026-01-26 17:49:10] [INFO] 数据库表创建成功
[2026-01-26 17:49:10] [INFO] 服务器启动 - mode=debug
[2026-01-26 17:49:14] [DEBUG] 限流器状态 - tokens=49, name=local
[2026-01-26 17:49:14] [INFO] 员工登录成功 - username=admin
[2026-01-26 17:49:14] [INFO] 请求处理完成 - 请求id=57720c45-1acc-4883-aad8-66c23bb4ee0a, 请求方法=POST, 路径=/login, 状态码=200, 使用时间=44.7179ms, 操作员=未知, 客户端IP=::1
[2026-01-26 17:49:18] [DEBUG] 限流器状态 - name=local, tokens=49
[2026-01-26 17:49:18] [INFO] 请求处理完成 - 请求id=f4ff419e-be39-4472-8809-2faba436550f, 请求方法=GET, 路径=/internal/tag, 状态码=200, 使用时间=13.5613ms, 操作员=, 客户端IP=::1
[2026-01-26 18:30:28] [INFO] 数据库表创建成功
[2026-01-26 18:30:30] [INFO] 服务器启动 - mode=debug
[2026-01-26 18:54:07] [DEBUG] 限流器状态 - name=local, tokens=49
[2026-01-26 18:54:07] [INFO] 请求处理完成 - 请求id=35a2ea2e-9b95-4d77-8ad7-fb0ef1a1f2c5, 请求方法=GET, 路径=/, 状态码=404, 使用时间=4.7591ms, 操作员=未知, 客户端IP=183.11.219.56
[2026-01-26 18:54:07] [DEBUG] 限流器状态 - name=local, tokens=49
[2026-01-26 18:54:07] [INFO] 请求处理完成 - 请求id=33862509-d324-418e-b73b-e537bde3ce3b, 请求方法=GET, 路径=/favicon.ico, 状态码=404, 使用时间=1.1144ms, 操作员=未知, 客户端IP=183.11.219.56
[2026-01-27 08:45:16] [DEBUG] 限流器状态 - name=local, tokens=49
[2026-01-27 08:45:16] [DEBUG] 限流器状态 - name=local, tokens=48
[2026-01-27 08:45:16] [INFO] 请求处理完成 - 请求id=98afbb34-3a0a-4bb4-aecc-2fcfe4ec8b90, 请求方法=GET, 路径=/internal/location, 状态码=401, 使用时间=8.1059ms, 操作员=未知, 客户端IP=183.36.189.165
[2026-01-27 08:45:16] [DEBUG] 限流器状态 - name=local, tokens=47
[2026-01-27 08:45:16] [DEBUG] 限流器状态 - name=local, tokens=46
[2026-01-27 08:45:16] [INFO] 请求处理完成 - 请求id=9441d234-13e5-428e-9d0f-e2affa9be35c, 请求方法=GET, 路径=/internal/tag, 状态码=401, 使用时间=7.5317ms, 操作员=未知, 客户端IP=183.36.189.165
[2026-01-27 08:45:16] [DEBUG] 限流器状态 - tokens=45, name=local
[2026-01-27 08:45:16] [INFO] 请求处理完成 - 请求id=aca80b82-9407-4902-9022-75babfebcf12, 请求方法=GET, 路径=/internal/location, 状态码=401, 使用时间=6.736ms, 操作员=未知, 客户端IP=183.36.189.165
[2026-01-27 08:45:16] [DEBUG] 限流器状态 - tokens=44, name=local
[2026-01-27 08:45:16] [INFO] 请求处理完成 - 请求id=1d534b36-9501-47c4-b11b-241e37df997c, 请求方法=GET, 路径=/, 状态码=404, 使用时间=6.1301ms, 操作员=未知, 客户端IP=113.215.189.190
[2026-01-27 08:45:16] [DEBUG] 限流器状态 - name=local, tokens=42
[2026-01-27 08:45:16] [INFO] 员工登录成功 - username=123456
[2026-01-27 08:45:16] [INFO] 请求处理完成 - 请求id=1e850a9d-6455-4cf2-a9ea-bc2133f4aca5, 请求方法=POST, 路径=/login, 状态码=200, 使用时间=68.6661ms, 操作员=未知, 客户端IP=183.36.189.165
[2026-01-27 08:45:16] [INFO] 员工登录成功 - username=123456
[2026-01-27 08:45:16] [INFO] 请求处理完成 - 请求id=986b9fde-f544-477b-ac0c-736750e0ecac, 请求方法=POST, 路径=/login, 状态码=200, 使用时间=62.3367ms, 操作员=未知, 客户端IP=183.36.189.165
[2026-01-27 08:45:16] [INFO] 员工登录成功 - username=123456
[2026-01-27 08:45:16] [INFO] 请求处理完成 - 请求id=66635950-6c0a-4371-855a-d0dedb91089d, 请求方法=POST, 路径=/login, 状态码=200, 使用时间=68.5895ms, 操作员=未知, 客户端IP=183.36.189.165
[2026-01-27 08:48:24] [DEBUG] 限流器状态 - name=local, tokens=49
[2026-01-27 08:48:24] [INFO] 员工登录成功 - username=123456
[2026-01-27 08:48:24] [INFO] 请求处理完成 - 请求id=61b9a25d-1a9b-496c-bb51-fb8960885e69, 请求方法=POST, 路径=/login, 状态码=200, 使用时间=47.9665ms, 操作员=未知, 客户端IP=183.36.189.165
[2026-01-27 08:48:59] [DEBUG] 限流器状态 - name=local, tokens=49
[2026-01-27 08:48:59] [INFO] 请求处理完成 - 请求id=ced850e0-23d8-45e0-84f9-3061d717ffc0, 请求方法=GET, 路径=/internal/location, 状态码=200, 使用时间=16.444ms, 操作员=张三, 客户端IP=183.36.189.165
[2026-01-27 08:49:02] [DEBUG] 限流器状态 - tokens=49, name=local
[2026-01-27 08:49:02] [INFO] 请求处理完成 - 请求id=cbd34ba0-9411-4350-afe6-eacfee6da838, 请求方法=GET, 路径=/internal/location, 状态码=200, 使用时间=15.0342ms, 操作员=张三, 客户端IP=183.36.189.165
[2026-01-27 08:49:05] [DEBUG] 限流器状态 - tokens=49, name=local
[2026-01-27 08:49:05] [INFO] 请求处理完成 - 请求id=9aa80714-97fc-4e93-9d18-df57ecf731b8, 请求方法=GET, 路径=/internal/location, 状态码=200, 使用时间=12.9829ms, 操作员=张三, 客户端IP=183.36.189.165
[2026-01-27 09:29:09] [DEBUG] 限流器状态 - tokens=49, name=local
[2026-01-27 09:29:09] [INFO] 请求处理完成 - 请求id=4c379ea1-2564-488d-9728-703d9cefcf95, 请求方法=GET, 路径=/internal/location, 状态码=401, 使用时间=4.0028ms, 操作员=未知, 客户端IP=183.11.219.32
[2026-01-27 09:29:19] [DEBUG] 限流器状态 - name=local, tokens=49
[2026-01-27 09:29:19] [INFO] 员工登录成功 - username=123456
[2026-01-27 09:29:19] [INFO] 请求处理完成 - 请求id=8f49372b-62e6-4ebc-8326-d64384f4e2b3, 请求方法=POST, 路径=/login, 状态码=200, 使用时间=50.1099ms, 操作员=未知, 客户端IP=183.11.219.32
[2026-01-27 09:29:28] [DEBUG] 限流器状态 - name=local, tokens=49
[2026-01-27 09:29:28] [INFO] 请求处理完成 - 请求id=6987c463-1244-489c-8107-f04285210423, 请求方法=GET, 路径=/internal/location, 状态码=200, 使用时间=12.8063ms, 操作员=张三, 客户端IP=183.11.219.32
[2026-01-27 09:29:52] [DEBUG] 限流器状态 - name=local, tokens=49
[2026-01-27 09:29:52] [INFO] 请求处理完成 - 请求id=329c33a4-480e-4014-a3d5-70e4a6e62f22, 请求方法=GET, 路径=/internal/location, 状态码=200, 使用时间=9.5281ms, 操作员=张三, 客户端IP=183.11.219.32
[2026-01-27 09:30:29] [DEBUG] 限流器状态 - name=local, tokens=49
[2026-01-27 09:30:29] [INFO] 请求处理完成 - 请求id=6ef529ab-244d-4157-99b0-3878f1fde96b, 请求方法=POST, 路径=/internal/location, 状态码=201, 使用时间=33.4016ms, 操作员=张三, 客户端IP=183.11.219.32
[2026-01-27 09:30:30] [DEBUG] 限流器状态 - name=local, tokens=49
[2026-01-27 09:30:30] [INFO] 请求处理完成 - 请求id=652dfda2-d302-43d2-8d16-7c0ea83ecb6c, 请求方法=GET, 路径=/internal/location, 状态码=200, 使用时间=33.8865ms, 操作员=张三, 客户端IP=183.11.219.32
[2026-01-27 09:30:30] [DEBUG] 限流器状态 - tokens=49, name=local
[2026-01-27 09:30:30] [INFO] 请求处理完成 - 请求id=62e17053-4dc5-456e-a134-69d0bae7f23f, 请求方法=POST, 路径=/internal/location, 状态码=201, 使用时间=11.0792ms, 操作员=张三, 客户端IP=183.11.219.32
[2026-01-27 09:30:34] [DEBUG] 限流器状态 - tokens=49, name=local
[2026-01-27 09:30:34] [INFO] 请求处理完成 - 请求id=e1f06f0f-a566-4a9b-9129-eb43ae6aa9d9, 请求方法=GET, 路径=/internal/location, 状态码=200, 使用时间=15.8065ms, 操作员=张三, 客户端IP=183.11.219.32
[2026-01-27 09:30:49] [DEBUG] 限流器状态 - name=local, tokens=49
[2026-01-27 09:30:49] [INFO] 请求处理完成 - 请求id=276c5cd4-b877-447e-8911-34699b9af58b, 请求方法=DELETE, 路径=/internal/location/6, 状态码=200, 使用时间=17.6645ms, 操作员=张三, 客户端IP=183.11.219.32
[2026-01-27 09:30:49] [DEBUG] 限流器状态 - tokens=49, name=local
[2026-01-27 09:30:49] [INFO] 请求处理完成 - 请求id=809b1b85-f0f7-4325-94d8-cc4f1bd1ea09, 请求方法=GET, 路径=/internal/location, 状态码=200, 使用时间=27.4546ms, 操作员=张三, 客户端IP=183.11.219.32
[2026-01-27 09:37:33] [DEBUG] 限流器状态 - tokens=49, name=local
[2026-01-27 09:37:50] [INFO] 请求处理完成 - 请求id=02f5a17e-2a87-4535-ac14-47e43e7b386a, 请求方法=POST, 路径=/internal/photo, 状态码=200, 使用时间=17.2559171s, 操作员=张三, 客户端IP=183.11.219.32
[2026-01-27 09:38:12] [DEBUG] 限流器状态 - name=local, tokens=49
[2026-01-27 09:38:26] [INFO] 请求处理完成 - 请求id=35c825f6-d5a6-4a2a-8364-c04e315b67ee, 请求方法=POST, 路径=/internal/photo, 状态码=200, 使用时间=14.2826499s, 操作员=张三, 客户端IP=183.11.219.32
[2026-01-27 09:43:35] [DEBUG] 限流器状态 - tokens=49, name=local
[2026-01-27 09:43:35] [INFO] 请求处理完成 - 请求id=0a9dea96-6297-4cde-acff-da4816e39426, 请求方法=GET, 路径=/internal/location, 状态码=200, 使用时间=62.1093ms, 操作员=张三, 客户端IP=183.11.219.32
[2026-01-27 09:45:10] [DEBUG] 限流器状态 - name=local, tokens=49
[2026-01-27 09:45:10] [INFO] 请求处理完成 - 请求id=7b341873-8c18-4785-933d-a6a9cec20294, 请求方法=POST, 路径=/internal/photo, 状态码=401, 使用时间=1.2569ms, 操作员=未知, 客户端IP=183.11.219.32
[2026-01-27 09:45:19] [DEBUG] 限流器状态 - name=local, tokens=49
[2026-01-27 09:45:19] [INFO] 员工登录成功 - username=123456
[2026-01-27 09:45:19] [INFO] 请求处理完成 - 请求id=068ab925-e139-401f-bd7a-30ce67121117, 请求方法=POST, 路径=/login, 状态码=200, 使用时间=47.2135ms, 操作员=未知, 客户端IP=183.11.219.32
[2026-01-27 09:45:38] [DEBUG] 限流器状态 - name=local, tokens=49
[2026-01-27 09:45:56] [INFO] 请求处理完成 - 请求id=e04e168b-3f04-4163-9821-493bf4de1712, 请求方法=POST, 路径=/internal/photo, 状态码=200, 使用时间=17.9043476s, 操作员=张三, 客户端IP=183.11.219.32
[2026-01-27 09:46:10] [DEBUG] 限流器状态 - name=local, tokens=49
[2026-01-27 09:46:25] [INFO] 请求处理完成 - 请求id=4cfa5d47-1f54-4c92-9a2f-1a177e47330b, 请求方法=POST, 路径=/internal/photo, 状态码=200, 使用时间=14.3116749s, 操作员=张三, 客户端IP=183.11.219.32
[2026-01-27 09:47:06] [DEBUG] 限流器状态 - name=local, tokens=49
[2026-01-27 09:47:06] [INFO] 请求处理完成 - 请求id=8363756a-9ee8-4b19-9896-cef518465eb8, 请求方法=GET, 路径=/internal/location, 状态码=200, 使用时间=27.4794ms, 操作员=张三, 客户端IP=183.11.219.32
[2026-01-27 09:51:01] [DEBUG] 限流器状态 - name=local, tokens=49
[2026-01-27 09:51:01] [INFO] 请求处理完成 - 请求id=1484f172-3efa-4224-87cc-6dcbbf04767d, 请求方法=GET, 路径=/internal/tag, 状态码=200, 使用时间=26.8462ms, 操作员=张三, 客户端IP=183.11.219.32
[2026-01-27 09:51:18] [DEBUG] 限流器状态 - name=local, tokens=49
[2026-01-27 09:51:18] [INFO] 请求处理完成 - 请求id=a0102caf-9143-43a6-846e-4c9414a20e37, 请求方法=POST, 路径=/internal/tag, 状态码=200, 使用时间=29.1171ms, 操作员=张三, 客户端IP=183.11.219.32
[2026-01-27 09:51:20] [DEBUG] 限流器状态 - name=local, tokens=49
[2026-01-27 09:51:20] [INFO] 请求处理完成 - 请求id=8d55711f-41dc-49ba-85f8-c24770680fd7, 请求方法=GET, 路径=/internal/tag, 状态码=200, 使用时间=22.6113ms, 操作员=张三, 客户端IP=183.11.219.32
[2026-01-27 09:51:43] [DEBUG] 限流器状态 - name=local, tokens=49
[2026-01-27 09:51:43] [INFO] 请求处理完成 - 请求id=19ee18f2-bec4-4aa5-b82a-850f86b0225e, 请求方法=GET, 路径=/internal/location, 状态码=200, 使用时间=72.8557ms, 操作员=张三, 客户端IP=183.11.219.32
[2026-01-27 09:52:31] [DEBUG] 限流器状态 - name=local, tokens=49
[2026-01-27 09:52:31] [INFO] 请求处理完成 - 请求id=f64c0d62-6685-4ec8-8d1e-64d8eef9b6d1, 请求方法=GET, 路径=/internal/tag, 状态码=200, 使用时间=13.2408ms, 操作员=张三, 客户端IP=183.11.219.32
[2026-01-27 09:52:39] [DEBUG] 限流器状态 - tokens=49, name=local
[2026-01-27 09:52:39] [INFO] 请求处理完成 - 请求id=d58a0a15-96a3-4913-b229-5b400ae0dd59, 请求方法=GET, 路径=/internal/location, 状态码=200, 使用时间=13.9742ms, 操作员=张三, 客户端IP=183.11.219.32
[2026-01-27 09:52:47] [DEBUG] 限流器状态 - name=local, tokens=49
[2026-01-27 09:52:47] [INFO] 请求处理完成 - 请求id=7f64357d-79ed-456f-8231-78d583afc29f, 请求方法=GET, 路径=/internal/tag, 状态码=200, 使用时间=105.8382ms, 操作员=张三, 客户端IP=183.11.219.32
[2026-01-27 09:53:12] [DEBUG] 限流器状态 - name=local, tokens=49
[2026-01-27 09:53:12] [INFO] 请求处理完成 - 请求id=529d0503-ae80-4cea-a8a8-155a7070fc36, 请求方法=GET, 路径=/internal/location, 状态码=200, 使用时间=19.1023ms, 操作员=张三, 客户端IP=183.11.219.32
[2026-01-27 09:57:14] [DEBUG] 限流器状态 - name=local, tokens=49
[2026-01-27 09:57:14] [INFO] 请求处理完成 - 请求id=3a9632dc-7f2b-466d-a6e0-4b90f5992451, 请求方法=GET, 路径=/internal/location, 状态码=200, 使用时间=12.7352ms, 操作员=张三, 客户端IP=183.11.219.32
[2026-01-27 09:57:20] [DEBUG] 限流器状态 - name=local, tokens=49
[2026-01-27 09:57:21] [INFO] 请求处理完成 - 请求id=8f1f76a6-b8f1-4c39-8729-5c72a514436b, 请求方法=GET, 路径=/internal/location, 状态码=200, 使用时间=13.5829ms, 操作员=张三, 客户端IP=183.11.219.32
[2026-01-27 09:58:48] [DEBUG] 限流器状态 - tokens=49, name=local
[2026-01-27 09:58:48] [INFO] 请求处理完成 - 请求id=62d3ed43-8711-49f8-84a5-6f8bdf5f6bc3, 请求方法=GET, 路径=/internal/tag, 状态码=200, 使用时间=12.7669ms, 操作员=张三, 客户端IP=183.11.219.32
[2026-01-27 10:01:40] [DEBUG] 限流器状态 - name=local, tokens=49
[2026-01-27 10:01:40] [INFO] 请求处理完成 - 请求id=08a4c3f1-b06f-4a90-944c-9f9a456150a9, 请求方法=POST, 路径=/internal/photo, 状态码=401, 使用时间=1.1355ms, 操作员=未知, 客户端IP=183.11.219.32
[2026-01-27 10:01:54] [DEBUG] 限流器状态 - tokens=49, name=local
[2026-01-27 10:01:54] [INFO] 员工登录成功 - username=123456
[2026-01-27 10:01:54] [INFO] 请求处理完成 - 请求id=b7c41e48-f607-443b-b082-befd85e0598c, 请求方法=POST, 路径=/login, 状态码=200, 使用时间=50.4975ms, 操作员=未知, 客户端IP=183.11.219.32
[2026-01-27 10:02:17] [DEBUG] 限流器状态 - name=local, tokens=49
[2026-01-27 10:02:34] [INFO] 请求处理完成 - 请求id=a549507f-4e62-4db3-a307-6fbe28c0d1e5, 请求方法=POST, 路径=/internal/photo, 状态码=200, 使用时间=17.4053254s, 操作员=张三, 客户端IP=183.11.219.32
[2026-01-27 10:03:14] [DEBUG] 限流器状态 - name=local, tokens=49
[2026-01-27 10:03:14] [INFO] 请求处理完成 - 请求id=fa49c532-3855-45ed-ab74-0cb7500e6e43, 请求方法=GET, 路径=/internal/location, 状态码=200, 使用时间=12.6757ms, 操作员=张三, 客户端IP=183.11.219.32
[2026-01-27 10:03:24] [DEBUG] 限流器状态 - name=local, tokens=49
[2026-01-27 10:03:24] [INFO] 请求处理完成 - 请求id=13e2508d-a09b-48be-96ee-72427814ff1b, 请求方法=GET, 路径=/internal/tag, 状态码=200, 使用时间=12.7674ms, 操作员=张三, 客户端IP=183.11.219.32
[2026-01-27 10:03:31] [DEBUG] 限流器状态 - name=local, tokens=49
[2026-01-27 10:03:31] [INFO] 请求处理完成 - 请求id=329c975d-d06d-43fc-89ee-467c1d9d59fa, 请求方法=GET, 路径=/internal/location, 状态码=200, 使用时间=14.3556ms, 操作员=张三, 客户端IP=183.11.219.32
[2026-01-27 10:03:38] [DEBUG] 限流器状态 - name=local, tokens=49
[2026-01-27 10:03:38] [INFO] 请求处理完成 - 请求id=fe7da8b5-5f6e-4eac-a039-6a457bf11d38, 请求方法=GET, 路径=/internal/location, 状态码=200, 使用时间=9.2031ms, 操作员=张三, 客户端IP=183.11.219.32
[2026-01-27 10:05:14] [DEBUG] 限流器状态 - name=local, tokens=49
[2026-01-27 10:05:14] [INFO] 请求处理完成 - 请求id=5fb18941-f1b2-45fc-b54d-c7f70d6a6c70, 请求方法=GET, 路径=/internal/location, 状态码=200, 使用时间=16.5003ms, 操作员=张三, 客户端IP=183.11.219.32
[2026-01-27 10:33:06] [DEBUG] 限流器状态 - name=local, tokens=49
[2026-01-27 10:33:06] [INFO] 请求处理完成 - 请求id=4aa7a020-3205-47da-a56a-3c505ffce3d6, 请求方法=POST, 路径=/internal/photo, 状态码=401, 使用时间=600.1µs, 操作员=未知, 客户端IP=183.11.219.32
[2026-01-27 10:33:15] [DEBUG] 限流器状态 - name=local, tokens=49
[2026-01-27 10:33:15] [INFO] 员工登录成功 - username=123456
[2026-01-27 10:33:15] [INFO] 请求处理完成 - 请求id=ecb465ae-551f-4611-9ad9-da3fbbae0b22, 请求方法=POST, 路径=/login, 状态码=200, 使用时间=51.3655ms, 操作员=未知, 客户端IP=183.11.219.32
[2026-01-27 10:33:53] [DEBUG] 限流器状态 - name=local, tokens=49
[2026-01-27 10:34:11] [INFO] 请求处理完成 - 请求id=5e98c531-4811-4f08-a77b-a76eb57022b1, 请求方法=POST, 路径=/internal/photo, 状态码=200, 使用时间=17.5682444s, 操作员=张三, 客户端IP=183.11.219.32
[2026-01-27 10:34:44] [DEBUG] 限流器状态 - name=local, tokens=49
[2026-01-27 10:34:44] [INFO] 请求处理完成 - 请求id=a8af4c44-3b97-46bf-82a4-fa14108dc7d8, 请求方法=GET, 路径=/internal/location, 状态码=200, 使用时间=12.9469ms, 操作员=张三, 客户端IP=183.11.219.32
[2026-01-27 10:35:03] [DEBUG] 限流器状态 - name=local, tokens=49
[2026-01-27 10:35:03] [INFO] 请求处理完成 - 请求id=1b436e0b-ee07-4ca6-8c11-af8551c34caf, 请求方法=GET, 路径=/internal/tag, 状态码=200, 使用时间=14.1234ms, 操作员=张三, 客户端IP=183.11.219.32
[2026-01-27 10:36:00] [DEBUG] 限流器状态 - tokens=49, name=local
[2026-01-27 10:36:00] [INFO] 请求处理完成 - 请求id=0efca959-35c2-4ff5-8949-fc6299d753f2, 请求方法=POST, 路径=/internal/luggageStorage, 状态码=201, 使用时间=93.0257ms, 操作员=张三, 客户端IP=183.11.219.32
[2026-01-27 10:36:00] [DEBUG] 限流器状态 - tokens=49, name=local
[2026-01-27 10:36:00] [INFO] 请求处理完成 - 请求id=40abba50-0b5c-4508-96fe-852534a5198e, 请求方法=POST, 路径=/internal/luggageStorage, 状态码=201, 使用时间=17.5176ms, 操作员=张三, 客户端IP=183.11.219.32
[2026-01-27 10:37:11] [DEBUG] 限流器状态 - name=local, tokens=49
[2026-01-27 10:37:11] [INFO] 请求处理完成 - 请求id=107d034b-5193-4649-8308-dadc54dce7ef, 请求方法=POST, 路径=/internal/luggageStorage/code/642943, 状态码=404, 使用时间=11.9166ms, 操作员=张三, 客户端IP=183.11.219.32
[2026-01-27 10:37:45] [DEBUG] 限流器状态 - name=local, tokens=49
[2026-01-27 10:37:45] [INFO] 请求处理完成 - 请求id=fb261d95-641c-40ed-8372-ea079860c21c, 请求方法=GET, 路径=/internal/luggageStorage, 状态码=401, 使用时间=1.0017ms, 操作员=未知, 客户端IP=::1
[2026-01-27 10:37:49] [DEBUG] 限流器状态 - name=local, tokens=49
[2026-01-27 10:37:49] [INFO] 员工登录成功 - username=admin
[2026-01-27 10:37:49] [INFO] 请求处理完成 - 请求id=62bc4e30-e53a-4f11-a671-47e907170054, 请求方法=POST, 路径=/login, 状态码=200, 使用时间=51.6981ms, 操作员=未知, 客户端IP=::1
[2026-01-27 10:37:50] [DEBUG] 限流器状态 - name=local, tokens=49
[2026-01-27 10:37:50] [INFO] 请求处理完成 - 请求id=e57446c9-a55b-4cbf-bccf-d869c398102c, 请求方法=GET, 路径=/internal/luggageStorage, 状态码=200, 使用时间=14.7134ms, 操作员=, 客户端IP=::1
[2026-01-27 10:38:24] [DEBUG] 限流器状态 - name=local, tokens=49
[2026-01-27 10:38:24] [INFO] 请求处理完成 - 请求id=f435f322-4feb-4c49-b843-942637a9d0b4, 请求方法=GET, 路径=/internal/location, 状态码=200, 使用时间=16.204ms, 操作员=张三, 客户端IP=183.11.219.32
[2026-01-27 10:38:29] [DEBUG] 限流器状态 - name=local, tokens=49
[2026-01-27 10:38:29] [INFO] 请求处理完成 - 请求id=cd00c79a-e2e0-45b6-8995-810eb384dbe8, 请求方法=GET, 路径=/internal/location, 状态码=200, 使用时间=12.353ms, 操作员=张三, 客户端IP=183.11.219.32
[2026-01-27 10:39:20] [DEBUG] 限流器状态 - tokens=49, name=local
[2026-01-27 10:39:20] [INFO] 请求处理完成 - 请求id=e4d5d0a7-3dfc-46be-99b1-7a88f1b83c03, 请求方法=POST, 路径=/internal/luggageStorage, 状态码=401, 使用时间=505µs, 操作员=未知, 客户端IP=::1
[2026-01-27 10:39:24] [DEBUG] 限流器状态 - name=local, tokens=49
[2026-01-27 10:39:24] [INFO] 员工登录成功 - username=admin
[2026-01-27 10:39:24] [INFO] 请求处理完成 - 请求id=3724b874-022b-4be9-8f5e-9f5b9700afbe, 请求方法=POST, 路径=/login, 状态码=200, 使用时间=47.0982ms, 操作员=未知, 客户端IP=::1
[2026-01-27 10:39:26] [DEBUG] 限流器状态 - name=local, tokens=49
[2026-01-27 10:39:26] [INFO] 请求处理完成 - 请求id=fe016a52-1f53-4af6-9fca-f59aedd48b77, 请求方法=POST, 路径=/internal/luggageStorage, 状态码=201, 使用时间=26.3541ms, 操作员=, 客户端IP=::1
[2026-01-27 10:39:38] [DEBUG] 限流器状态 - tokens=49, name=local
[2026-01-27 10:39:38] [INFO] 请求处理完成 - 请求id=412437ac-55d6-4b9c-8454-8ff4cd9c9dc3, 请求方法=GET, 路径=/internal/luggageStorage, 状态码=200, 使用时间=17.0774ms, 操作员=, 客户端IP=::1
[2026-01-27 10:39:49] [DEBUG] 限流器状态 - name=local, tokens=49
[2026-01-27 10:39:49] [INFO] 请求处理完成 - 请求id=657ae542-adb1-4094-a739-1767cb15d158, 请求方法=GET, 路径=/internal/location, 状态码=200, 使用时间=13.6503ms, 操作员=张三, 客户端IP=183.11.219.32
[2026-01-27 10:41:41] [INFO] 数据库表创建成功
[2026-01-27 10:41:41] [INFO] 服务器启动 - mode=debug
[2026-01-27 10:42:22] [DEBUG] 限流器状态 - name=local, tokens=49
[2026-01-27 10:42:22] [INFO] 员工登录成功 - username=123456
[2026-01-27 10:42:22] [INFO] 请求处理完成 - 请求id=58a19055-7112-4309-aee6-5466be88041e, 请求方法=POST, 路径=/login, 状态码=200, 使用时间=45.8466ms, 操作员=未知, 客户端IP=183.11.219.32
[2026-01-27 10:43:16] [DEBUG] 限流器状态 - name=local, tokens=49
[2026-01-27 10:43:34] [INFO] 请求处理完成 - 请求id=e630fa3c-579f-41c8-9979-4afd153cd18e, 请求方法=POST, 路径=/internal/photo, 状态码=200, 使用时间=17.7384005s, 操作员=张三, 客户端IP=183.11.219.32
[2026-01-27 10:44:02] [DEBUG] 限流器状态 - name=local, tokens=49
[2026-01-27 10:44:02] [INFO] 请求处理完成 - 请求id=9c782623-4323-46c7-a613-7ff7769a695a, 请求方法=GET, 路径=/internal/location, 状态码=200, 使用时间=10.5391ms, 操作员=张三, 客户端IP=183.11.219.32
[2026-01-27 10:44:15] [DEBUG] 限流器状态 - tokens=49, name=local
[2026-01-27 10:44:15] [INFO] 请求处理完成 - 请求id=0b34e7e2-0eca-4a0d-855f-8569d2e86c33, 请求方法=GET, 路径=/internal/tag, 状态码=200, 使用时间=11.3968ms, 操作员=张三, 客户端IP=183.11.219.32
[2026-01-27 10:44:22] [DEBUG] 限流器状态 - name=local, tokens=49
[2026-01-27 10:44:22] [INFO] 请求处理完成 - 请求id=9fb209ec-7a33-4923-85c3-0d4016dc2a64, 请求方法=POST, 路径=/internal/luggageStorage, 状态码=201, 使用时间=44.4135ms, 操作员=张三, 客户端IP=183.11.219.32
[2026-01-27 10:48:49] [INFO] 数据库表创建成功
[2026-01-27 10:48:49] [INFO] 服务器启动 - mode=debug
[2026-01-27 10:49:18] [DEBUG] 限流器状态 - name=local, tokens=49
[2026-01-27 10:49:27] [INFO] 请求处理完成 - 请求id=15f0364e-2583-496f-b2af-d73dd232eb1a, 请求方法=POST, 路径=/internal/photo, 状态码=200, 使用时间=8.6549172s, 操作员=张三, 客户端IP=183.11.219.32
[2026-01-27 10:49:32] [DEBUG] 限流器状态 - tokens=49, name=local
[2026-01-27 10:49:32] [INFO] 请求处理完成 - 请求id=9dc55cc6-245d-4b4a-b4d8-4559da7ca19d, 请求方法=POST, 路径=/internal/luggageStorage, 状态码=201, 使用时间=21.8513ms, 操作员=张三, 客户端IP=183.11.219.32
[2026-01-27 10:51:03] [INFO] 数据库表创建成功
[2026-01-27 10:51:03] [INFO] 服务器启动 - mode=debug
[2026-01-27 10:51:17] [DEBUG] 限流器状态 - name=local, tokens=49
[2026-01-27 10:51:17] [INFO] 请求处理完成 - 请求id=9f715f57-d2ec-4712-acaf-fdda99efa646, 请求方法=POST, 路径=/internal/luggageStorage, 状态码=201, 使用时间=16.6177ms, 操作员=张三, 客户端IP=183.11.219.32
[2026-01-27 10:53:35] [INFO] 数据库表创建成功
[2026-01-27 10:53:35] [INFO] 服务器启动 - mode=debug
[2026-01-27 10:53:48] [DEBUG] 限流器状态 - name=local, tokens=49
[2026-01-27 10:53:48] [INFO] 行李添加成功 - 请求id=0, luggage_storage_id=28, pick_up_code=379127
[2026-01-27 10:53:48] [INFO] 请求处理完成 - 请求id=a7cfa95e-439e-4830-9782-4491ce8ed50f, 请求方法=POST, 路径=/internal/luggageStorage, 状态码=201, 使用时间=19.5575ms, 操作员=张三, 客户端IP=183.11.219.32
[2026-01-27 10:55:41] [INFO] 数据库表创建成功
[2026-01-27 10:55:41] [INFO] 服务器启动 - mode=debug
[2026-01-27 10:55:48] [DEBUG] 限流器状态 - name=local, tokens=49
[2026-01-27 10:55:48] [INFO] 请求处理完成 - 请求id=4c8e57c8-950d-44ca-b253-5d4ad3da9d64, 请求方法=POST, 路径=/internal/luggageStorage, 状态码=401, 使用时间=522.7µs, 操作员=未知, 客户端IP=::1
[2026-01-27 10:55:51] [DEBUG] 限流器状态 - name=local, tokens=49
[2026-01-27 10:55:51] [INFO] 员工登录成功 - username=admin
[2026-01-27 10:55:51] [INFO] 请求处理完成 - 请求id=e046c598-55a8-4a5c-9c1a-41ad7d215d34, 请求方法=POST, 路径=/login, 状态码=200, 使用时间=50.8127ms, 操作员=未知, 客户端IP=::1
[2026-01-27 10:55:52] [DEBUG] 限流器状态 - name=local, tokens=49
[2026-01-27 10:55:52] [INFO] 行李添加成功 - 请求id=0, pick_up_code=642338, luggage_storage_id=29
[2026-01-27 10:55:52] [INFO] 请求处理完成 - 请求id=ff976be7-1615-4eb6-a0d5-3718158ed3b3, 请求方法=POST, 路径=/internal/luggageStorage, 状态码=201, 使用时间=20.8652ms, 操作员=, 客户端IP=::1
[2026-01-27 10:57:47] [DEBUG] 限流器状态 - name=local, tokens=49
[2026-01-27 10:57:47] [INFO] 行李添加成功 - 请求id=0, luggage_storage_id=30, pick_up_code=919981
[2026-01-27 10:57:47] [INFO] 请求处理完成 - 请求id=aaa3a77e-b542-4bf1-acb1-4d3b4cacd4b5, 请求方法=POST, 路径=/internal/luggageStorage, 状态码=201, 使用时间=15.3475ms, 操作员=, 客户端IP=::1
[2026-01-27 10:58:45] [INFO] 数据库表创建成功
[2026-01-27 10:58:45] [INFO] 服务器启动 - mode=debug
[2026-01-27 10:58:48] [DEBUG] 限流器状态 - tokens=49, name=local
[2026-01-27 10:58:48] [INFO] 行李数据绑定成功 - 请求id=0
[2026-01-27 10:58:48] [INFO] 行李添加成功 - 请求id=0, luggage_storage_id=31, pick_up_code=485300
[2026-01-27 10:58:48] [INFO] 请求处理完成 - 请求id=2e0ea329-4e21-4999-8358-6602198470ba, 请求方法=POST, 路径=/internal/luggageStorage, 状态码=201, 使用时间=22.6854ms, 操作员=, 客户端IP=::1
[2026-01-27 10:59:11] [INFO] 数据库表创建成功
[2026-01-27 10:59:11] [INFO] 服务器启动 - mode=debug
[2026-01-27 10:59:16] [DEBUG] 限流器状态 - name=local, tokens=49
[2026-01-27 10:59:16] [INFO] 请求处理完成 - 请求id=bccedfc6-a9d5-4682-ad19-cca40a5e414f, 请求方法=POST, 路径=/internal/luggageStorage, 状态码=401, 使用时间=674.7µs, 操作员=未知, 客户端IP=183.11.219.32
[2026-01-27 10:59:26] [DEBUG] 限流器状态 - name=local, tokens=49
[2026-01-27 10:59:26] [INFO] 员工登录成功 - username=123456
[2026-01-27 10:59:26] [INFO] 请求处理完成 - 请求id=92189134-992f-48f8-beab-70e0a3fb1628, 请求方法=POST, 路径=/login, 状态码=200, 使用时间=47.2085ms, 操作员=未知, 客户端IP=183.11.219.32
[2026-01-27 10:59:39] [DEBUG] 限流器状态 - name=local, tokens=49
[2026-01-27 10:59:39] [INFO] 行李添加成功 - 请求id=0, luggage_storage_id=32, pick_up_code=796823
[2026-01-27 10:59:39] [INFO] 请求处理完成 - 请求id=6aeee961-f640-4ead-909c-e25b3d7e1906, 请求方法=POST, 路径=/internal/luggageStorage, 状态码=201, 使用时间=19.4239ms, 操作员=张三, 客户端IP=183.11.219.32
[2026-01-27 11:00:00] [DEBUG] 限流器状态 - name=local, tokens=49
[2026-01-27 11:00:00] [INFO] 行李添加成功 - 请求id=0, luggage_storage_id=33, pick_up_code=489928
[2026-01-27 11:00:00] [INFO] 请求处理完成 - 请求id=3db05eda-4c1d-4bd0-bf07-440b9d13afdd, 请求方法=POST, 路径=/internal/luggageStorage, 状态码=201, 使用时间=30.7063ms, 操作员=, 客户端IP=::1
[2026-01-27 11:00:04] [DEBUG] 限流器状态 - name=local, tokens=49
[2026-01-27 11:00:04] [INFO] 行李添加成功 - 请求id=0, pick_up_code=613303, luggage_storage_id=34
[2026-01-27 11:00:04] [INFO] 请求处理完成 - 请求id=818859eb-2718-4aa3-82f9-ab5049a01747, 请求方法=POST, 路径=/internal/luggageStorage, 状态码=201, 使用时间=31.5119ms, 操作员=, 客户端IP=::1
[2026-01-27 11:02:25] [DEBUG] 限流器状态 - name=local, tokens=49
[2026-01-27 11:02:25] [INFO] 请求处理完成 - 请求id=6d3f6552-7497-45c5-a4e6-7698ac0b8a35, 请求方法=GET, 路径=/internal/location, 状态码=200, 使用时间=13.993ms, 操作员=张三, 客户端IP=183.11.219.32
[2026-01-27 11:02:27] [DEBUG] 限流器状态 - tokens=49, name=local
[2026-01-27 11:02:27] [INFO] 行李添加成功 - 请求id=0, luggage_storage_id=35, pick_up_code=396263
[2026-01-27 11:02:27] [INFO] 请求处理完成 - 请求id=816d9648-c2c2-4198-8457-c49e7f495a96, 请求方法=POST, 路径=/internal/luggageStorage, 状态码=201, 使用时间=17.7329ms, 操作员=张三, 客户端IP=183.11.219.32
[2026-01-27 11:03:47] [DEBUG] 限流器状态 - name=local, tokens=49
[2026-01-27 11:03:47] [INFO] 行李添加成功 - 请求id=0, luggage_storage_id=36, pick_up_code=257265
[2026-01-27 11:03:47] [INFO] 请求处理完成 - 请求id=11bbc1f4-7cb8-4c1f-b8fc-25a19b688739, 请求方法=POST, 路径=/internal/luggageStorage, 状态码=201, 使用时间=18.1642ms, 操作员=张三, 客户端IP=183.11.219.32
[2026-01-27 11:10:59] [DEBUG] 限流器状态 - tokens=49, name=local
[2026-01-27 11:10:59] [INFO] 请求处理完成 - 请求id=df072616-e22d-4c51-8d57-4ca574c39c31, 请求方法=GET, 路径=/internal/luggageStorage, 状态码=200, 使用时间=21.2114ms, 操作员=张三, 客户端IP=183.11.219.32
[2026-01-27 11:16:10] [DEBUG] 限流器状态 - tokens=49, name=local
[2026-01-27 11:16:10] [INFO] 请求处理完成 - 请求id=4e4d3374-554a-4ff9-bf79-a04c919b5a24, 请求方法=GET, 路径=/internal/location, 状态码=401, 使用时间=547.9µs, 操作员=未知, 客户端IP=183.11.219.32
[2026-01-27 11:16:24] [DEBUG] 限流器状态 - tokens=49, name=local
[2026-01-27 11:16:24] [INFO] 员工登录成功 - username=123456
[2026-01-27 11:16:24] [INFO] 请求处理完成 - 请求id=51295c5a-a001-419f-b99b-21f0922efee0, 请求方法=POST, 路径=/login, 状态码=200, 使用时间=48.0113ms, 操作员=未知, 客户端IP=183.11.219.32
[2026-01-27 11:17:07] [DEBUG] 限流器状态 - name=local, tokens=49
[2026-01-27 11:17:25] [INFO] 请求处理完成 - 请求id=81b2f356-ec39-41aa-9f68-23366d59d4aa, 请求方法=POST, 路径=/internal/photo, 状态码=200, 使用时间=18.1201405s, 操作员=张三, 客户端IP=183.11.219.32
[2026-01-27 11:17:34] [DEBUG] 限流器状态 - tokens=49, name=local
[2026-01-27 11:17:34] [INFO] 请求处理完成 - 请求id=1d06fee5-f73b-4b50-bc54-75877645b218, 请求方法=GET, 路径=/internal/location, 状态码=200, 使用时间=6.5357ms, 操作员=张三, 客户端IP=183.11.219.32
[2026-01-27 11:17:53] [DEBUG] 限流器状态 - name=local, tokens=49
[2026-01-27 11:17:53] [INFO] 请求处理完成 - 请求id=c3c84e10-22c2-43fe-afb3-d6923d7d6ccf, 请求方法=GET, 路径=/internal/tag, 状态码=200, 使用时间=11.4748ms, 操作员=张三, 客户端IP=183.11.219.32
[2026-01-27 11:19:49] [DEBUG] 限流器状态 - name=local, tokens=49
[2026-01-27 11:19:49] [INFO] 行李添加成功 - 请求id=0, luggage_storage_id=37, pick_up_code=114105
[2026-01-27 11:19:49] [INFO] 请求处理完成 - 请求id=04409ae4-7019-4977-bf1f-c1010fb6185e, 请求方法=POST, 路径=/internal/luggageStorage, 状态码=201, 使用时间=26.962ms, 操作员=张三, 客户端IP=183.11.219.32
[2026-01-27 11:20:48] [DEBUG] 限流器状态 - tokens=49, name=local
[2026-01-27 11:20:48] [INFO] 请求处理完成 - 请求id=419508a6-917d-4d0d-bef7-2723e7f4bbb1, 请求方法=GET, 路径=/internal/tag, 状态码=200, 使用时间=9.8829ms, 操作员=张三, 客户端IP=183.11.219.32
[2026-01-27 11:22:43] [INFO] 数据库表创建成功
[2026-01-27 11:22:43] [INFO] 服务器启动 - mode=debug
[2026-01-27 11:22:58] [DEBUG] 限流器状态 - name=local, tokens=49
[2026-01-27 11:22:58] [INFO] 请求处理完成 - 请求id=3577c401-91e9-4811-b13a-15e2f4a44b44, 请求方法=GET, 路径=/internal/tag, 状态码=401, 使用时间=1.0046ms, 操作员=未知, 客户端IP=::1
[2026-01-27 11:23:00] [DEBUG] 限流器状态 - tokens=49, name=local
[2026-01-27 11:23:00] [INFO] 员工登录成功 - username=admin
[2026-01-27 11:23:00] [INFO] 请求处理完成 - 请求id=17cfdd8f-c047-48e6-97d6-26d0db1e8750, 请求方法=POST, 路径=/login, 状态码=200, 使用时间=48.2275ms, 操作员=未知, 客户端IP=::1
[2026-01-27 11:23:02] [DEBUG] 限流器状态 - name=local, tokens=49
[2026-01-27 11:23:02] [INFO] 请求处理完成 - 请求id=f9ddfe4d-e0a5-447e-be8e-0db2a06a0d3f, 请求方法=GET, 路径=/internal/tag, 状态码=200, 使用时间=17.5239ms, 操作员=, 客户端IP=::1
[2026-01-27 11:23:09] [DEBUG] 限流器状态 - name=local, tokens=49
[2026-01-27 11:23:09] [INFO] 请求处理完成 - 请求id=06160bde-b010-46cb-a51b-c38d4d4595e0, 请求方法=GET, 路径=/internal/tag, 状态码=200, 使用时间=10.1336ms, 操作员=, 客户端IP=::1
[2026-01-27 11:23:23] [DEBUG] 限流器状态 - name=local, tokens=49
[2026-01-27 11:23:23] [INFO] 请求处理完成 - 请求id=976fc46d-4791-46cf-809b-8967b1d349e9, 请求方法=GET, 路径=/internal/tag, 状态码=200, 使用时间=12.2423ms, 操作员=张三, 客户端IP=183.11.219.32
[2026-01-27 11:23:24] [DEBUG] 限流器状态 - tokens=49, name=local
[2026-01-27 11:23:24] [INFO] 请求处理完成 - 请求id=c5c93000-1d4d-4646-9abd-6d0db22181b9, 请求方法=GET, 路径=/internal/luggageStorage, 状态码=200, 使用时间=20.3508ms, 操作员=, 客户端IP=::1
[2026-01-27 11:23:32] [DEBUG] 限流器状态 - name=local, tokens=49
[2026-01-27 11:23:32] [INFO] 请求处理完成 - 请求id=eddf5974-de6a-4536-bceb-a55844a24aba, 请求方法=GET, 路径=/internal/tag, 状态码=200, 使用时间=11.7072ms, 操作员=张三, 客户端IP=183.11.219.32
[2026-01-27 11:24:33] [DEBUG] 限流器状态 - name=local, tokens=49
[2026-01-27 11:24:33] [INFO] 请求处理完成 - 请求id=00ef0b18-9dde-4d74-b163-8bc2b5e392b1, 请求方法=GET, 路径=/internal/tag, 状态码=200, 使用时间=12.6125ms, 操作员=张三, 客户端IP=183.11.219.32
[2026-01-27 11:25:39] [DEBUG] 限流器状态 - name=local, tokens=49
[2026-01-27 11:25:39] [INFO] 请求处理完成 - 请求id=2f589109-d067-4f72-b1f9-dbf3b2e8daea, 请求方法=GET, 路径=/internal/tag, 状态码=200, 使用时间=11.7917ms, 操作员=, 客户端IP=::1
[2026-01-27 11:25:42] [DEBUG] 限流器状态 - name=local, tokens=49
[2026-01-27 11:25:42] [INFO] 请求处理完成 - 请求id=f48f09f0-ff0b-4e88-847a-d67954ca9921, 请求方法=GET, 路径=/internal/tag, 状态码=200, 使用时间=10.1227ms, 操作员=, 客户端IP=::1
[2026-01-27 11:26:29] [DEBUG] 限流器状态 - name=local, tokens=49
[2026-01-27 11:26:29] [INFO] 请求处理完成 - 请求id=b5e73cd8-7e12-4719-9ecd-ab92fe0611cf, 请求方法=POST, 路径=/internal/luggageStorage/code/114105, 状态码=200, 使用时间=15.9509ms, 操作员=张三, 客户端IP=183.11.219.32
[2026-01-27 11:26:32] [DEBUG] 限流器状态 - name=local, tokens=49
[2026-01-27 11:26:32] [INFO] 请求处理完成 - 请求id=1bef606a-be9a-4cdc-b9ea-00d7530541fc, 请求方法=GET, 路径=/internal/luggageStorage, 状态码=200, 使用时间=9.6718ms, 操作员=张三, 客户端IP=183.11.219.32
[2026-01-27 11:26:44] [DEBUG] 限流器状态 - tokens=49, name=local
[2026-01-27 11:26:44] [INFO] 请求处理完成 - 请求id=cb34b23a-58be-4231-8b28-a21dbd61de95, 请求方法=GET, 路径=/internal/tag, 状态码=200, 使用时间=11.7454ms, 操作员=张三, 客户端IP=183.11.219.32
[2026-01-27 11:27:10] [DEBUG] 限流器状态 - name=local, tokens=49
[2026-01-27 11:27:10] [INFO] 请求处理完成 - 请求id=834b8ac7-4fce-4ba8-b0be-07d5712d8d47, 请求方法=GET, 路径=/internal/location, 状态码=200, 使用时间=16.7393ms, 操作员=张三, 客户端IP=183.11.219.32
[2026-01-27 11:27:20] [DEBUG] 限流器状态 - tokens=49, name=local
[2026-01-27 11:27:20] [INFO] 请求处理完成 - 请求id=1f43fff8-8750-49b4-8078-f046a709dddf, 请求方法=GET, 路径=/internal/tag, 状态码=200, 使用时间=16.9489ms, 操作员=张三, 客户端IP=183.11.219.32
[2026-01-27 11:27:31] [DEBUG] 限流器状态 - name=local, tokens=49
[2026-01-27 11:27:31] [INFO] 请求处理完成 - 请求id=935462e2-97d7-4b2d-b944-a3762436cbb6, 请求方法=GET, 路径=/internal/location, 状态码=200, 使用时间=16.8644ms, 操作员=张三, 客户端IP=183.11.219.32
[2026-01-27 11:27:42] [DEBUG] 限流器状态 - name=local, tokens=49
[2026-01-27 11:27:42] [INFO] 请求处理完成 - 请求id=ed9f470c-962f-4b8e-ba08-c32b56c1d806, 请求方法=GET, 路径=/internal/tag, 状态码=200, 使用时间=11.7575ms, 操作员=张三, 客户端IP=183.11.219.32
[2026-01-27 11:28:59] [DEBUG] 限流器状态 - tokens=49, name=local
[2026-01-27 11:28:59] [INFO] 请求处理完成 - 请求id=4812e305-2256-4d6a-b1b6-b56d438ef606, 请求方法=GET, 路径=/internal/location, 状态码=200, 使用时间=10.2316ms, 操作员=张三, 客户端IP=183.11.219.32
[2026-01-27 11:29:24] [DEBUG] 限流器状态 - name=local, tokens=49
[2026-01-27 11:29:24] [INFO] 请求处理完成 - 请求id=a8d0b6bc-96ae-4725-a8f8-eaa92469afd7, 请求方法=GET, 路径=/internal/location, 状态码=200, 使用时间=13.1193ms, 操作员=张三, 客户端IP=183.11.219.32
[2026-01-27 11:29:29] [DEBUG] 限流器状态 - name=local, tokens=49
[2026-01-27 11:29:29] [INFO] 请求处理完成 - 请求id=bfdc0402-f8a2-4807-95a8-6c2d7ce97dd9, 请求方法=GET, 路径=/internal/tag, 状态码=200, 使用时间=14.2481ms, 操作员=张三, 客户端IP=183.11.219.32
[2026-01-27 11:29:37] [DEBUG] 限流器状态 - name=local, tokens=49
[2026-01-27 11:29:37] [INFO] 请求处理完成 - 请求id=dcb9f21e-5933-4092-8bb9-1cb427ab5da1, 请求方法=POST, 路径=/internal/luggageStorage, 状态码=201, 使用时间=25.0764ms, 操作员=张三, 客户端IP=183.11.219.32
[2026-01-27 11:29:41] [DEBUG] 限流器状态 - name=local, tokens=49
[2026-01-27 11:29:41] [INFO] 请求处理完成 - 请求id=80a0e3a0-5f4d-4aa6-9124-e043d63e691e, 请求方法=GET, 路径=/internal/luggageStorage, 状态码=200, 使用时间=19.4521ms, 操作员=, 客户端IP=::1
[2026-01-27 11:29:56] [DEBUG] 限流器状态 - tokens=49, name=local
[2026-01-27 11:29:56] [INFO] 请求处理完成 - 请求id=124f0476-fba2-4d47-b397-517f075f6c7e, 请求方法=GET, 路径=/internal/tag, 状态码=200, 使用时间=12.3568ms, 操作员=张三, 客户端IP=183.11.219.32
[2026-01-27 11:30:07] [DEBUG] 限流器状态 - name=local, tokens=49
[2026-01-27 11:30:07] [INFO] 请求处理完成 - 请求id=cdf9baca-c1af-4eea-9dd7-32c9bd12a641, 请求方法=GET, 路径=/internal/luggageStorage, 状态码=200, 使用时间=16.0003ms, 操作员=张三, 客户端IP=183.11.219.32
[2026-01-27 11:34:32] [DEBUG] 限流器状态 - tokens=49, name=local
[2026-01-27 11:34:32] [INFO] 请求处理完成 - 请求id=f92bcaf5-88a5-46ba-bb31-6c0297f2e5e9, 请求方法=GET, 路径=/internal/luggageStorage, 状态码=401, 使用时间=1.2825ms, 操作员=未知, 客户端IP=183.11.219.32
[2026-01-27 11:35:06] [DEBUG] 限流器状态 - name=local, tokens=49
[2026-01-27 11:35:06] [INFO] 员工登录成功 - username=123456
[2026-01-27 11:35:06] [INFO] 请求处理完成 - 请求id=62d65bc5-a2f0-4e1d-8984-6db87074ca9c, 请求方法=POST, 路径=/login, 状态码=200, 使用时间=48.854ms, 操作员=未知, 客户端IP=183.11.219.32
[2026-01-27 11:35:20] [DEBUG] 限流器状态 - name=local, tokens=49
[2026-01-27 11:35:20] [INFO] 请求处理完成 - 请求id=a6dfe7e7-142c-4109-9496-42d560fb7ad3, 请求方法=GET, 路径=/internal/luggageStorage, 状态码=200, 使用时间=16.6273ms, 操作员=张三, 客户端IP=183.11.219.32
[2026-01-27 11:35:27] [DEBUG] 限流器状态 - tokens=49, name=local
[2026-01-27 11:35:27] [INFO] 请求处理完成 - 请求id=4e488d3d-ec01-4649-b3b7-25bc0f410193, 请求方法=PUT, 路径=/internal/luggageStorage/20/pickup, 状态码=404, 使用时间=905µs, 操作员=未知, 客户端IP=183.11.219.32
[2026-01-27 11:38:27] [DEBUG] 限流器状态 - name=local, tokens=49
[2026-01-27 11:38:27] [INFO] 请求处理完成 - 请求id=a3fddd72-5fb2-46ab-aee6-ca964f0638ad, 请求方法=GET, 路径=/internal/luggageStorage, 状态码=200, 使用时间=16.18ms, 操作员=张三, 客户端IP=183.11.219.32
[2026-01-27 11:38:46] [DEBUG] 限流器状态 - name=local, tokens=49
[2026-01-27 11:38:46] [INFO] 请求处理完成 - 请求id=f73b1f58-2466-4ec4-8f53-2a3a11b95cfa, 请求方法=GET, 路径=/internal/luggageStorage, 状态码=200, 使用时间=14.7956ms, 操作员=张三, 客户端IP=183.11.219.32
[2026-01-27 11:39:00] [DEBUG] 限流器状态 - tokens=49, name=local
[2026-01-27 11:39:00] [INFO] 请求处理完成 - 请求id=b463321d-56f8-4f55-8104-c07c72097f36, 请求方法=GET, 路径=/internal/luggageStorage, 状态码=200, 使用时间=13.472ms, 操作员=张三, 客户端IP=183.11.219.32
[2026-01-27 11:39:10] [DEBUG] 限流器状态 - tokens=49, name=local
[2026-01-27 11:39:11] [INFO] 请求处理完成 - 请求id=798ea845-b5ba-4418-b774-092116949c05, 请求方法=GET, 路径=/internal/luggageStorage, 状态码=200, 使用时间=12.1295ms, 操作员=张三, 客户端IP=183.11.219.32
[2026-01-27 11:39:40] [DEBUG] 限流器状态 - name=local, tokens=49
[2026-01-27 11:39:40] [INFO] 请求处理完成 - 请求id=c3bd1d4c-eca1-4c6f-b2fc-e969e00c67a1, 请求方法=PUT, 路径=/internal/luggageStorage/20/pickup, 状态码=404, 使用时间=770.4µs, 操作员=未知, 客户端IP=183.11.219.32
[2026-01-27 11:42:45] [INFO] 数据库表创建成功
[2026-01-27 11:42:45] [INFO] 服务器启动 - mode=debug
[2026-01-27 11:43:01] [DEBUG] 限流器状态 - tokens=49, name=local
[2026-01-27 11:43:01] [INFO] 请求处理完成 - 请求id=add6406a-7f2b-4ce0-b0e0-bc4b6113e533, 请求方法=GET, 路径=/internal/luggageStorage, 状态码=200, 使用时间=14.0083ms, 操作员=张三, 客户端IP=183.11.219.32
[2026-01-27 11:43:04] [DEBUG] 限流器状态 - name=local, tokens=49
[2026-01-27 11:43:04] [INFO] 请求处理完成 - 请求id=69374570-67be-4539-81d0-49e19f23be49, 请求方法=PUT, 路径=/internal/luggageStorage/20/pickup, 状态码=404, 使用时间=0s, 操作员=未知, 客户端IP=183.11.219.32
[2026-01-27 11:44:47] [DEBUG] 限流器状态 - tokens=49, name=local
[2026-01-27 11:44:47] [INFO] 请求处理完成 - 请求id=501b7f16-ab22-4c56-890d-c727b9e5a53f, 请求方法=GET, 路径=/internal/luggageStorage, 状态码=200, 使用时间=10.8487ms, 操作员=张三, 客户端IP=183.11.219.32
[2026-01-27 11:45:09] [DEBUG] 限流器状态 - name=local, tokens=49
[2026-01-27 11:45:09] [INFO] 请求处理完成 - 请求id=a4720164-58dc-4708-b1b8-1ce90c2803f6, 请求方法=GET, 路径=/internal/luggageStorage, 状态码=200, 使用时间=15.3679ms, 操作员=张三, 客户端IP=183.11.219.32
[2026-01-27 11:45:13] [DEBUG] 限流器状态 - tokens=49, name=local
[2026-01-27 11:45:13] [INFO] 请求处理完成 - 请求id=8724df3a-2566-40bf-ae37-e0f24a510c97, 请求方法=PUT, 路径=/internal/luggageStorage/20/pickup, 状态码=404, 使用时间=798.8µs, 操作员=未知, 客户端IP=183.11.219.32
[2026-01-27 11:46:27] [DEBUG] 限流器状态 - name=local, tokens=49
[2026-01-27 11:46:27] [INFO] 请求处理完成 - 请求id=0b0b0662-341d-4356-83f7-4a4819ee3954, 请求方法=GET, 路径=/internal/luggageStorage, 状态码=200, 使用时间=11.8836ms, 操作员=张三, 客户端IP=183.11.219.32
[2026-01-27 11:46:38] [DEBUG] 限流器状态 - name=local, tokens=49
[2026-01-27 11:46:38] [INFO] 请求处理完成 - 请求id=fbeb441e-dbd6-47bb-8be9-80ee3a110a1e, 请求方法=GET, 路径=/internal/luggageStorage, 状态码=200, 使用时间=14.5227ms, 操作员=张三, 客户端IP=183.11.219.32
[2026-01-27 11:46:48] [DEBUG] 限流器状态 - tokens=49, name=local
[2026-01-27 11:46:48] [INFO] 请求处理完成 - 请求id=7564f536-77bc-4c91-81c0-d4288b63774d, 请求方法=PUT, 路径=/internal/luggageStorage/20/pickup, 状态码=404, 使用时间=0s, 操作员=未知, 客户端IP=183.11.219.32
[2026-01-27 11:50:02] [DEBUG] 限流器状态 - name=local, tokens=49
[2026-01-27 11:50:02] [INFO] 请求处理完成 - 请求id=e76f7a22-56d7-46db-8496-fe2031b8ee82, 请求方法=GET, 路径=/internal/luggageStorage, 状态码=200, 使用时间=12.5112ms, 操作员=张三, 客户端IP=183.11.219.32
[2026-01-27 11:50:02] [DEBUG] 限流器状态 - tokens=49, name=local
[2026-01-27 11:50:02] [DEBUG] 限流器状态 - tokens=48, name=local
[2026-01-27 11:50:02] [INFO] 请求处理完成 - 请求id=48e244c1-de00-4806-9edc-7fa61ca17b9e, 请求方法=GET, 路径=/internal/luggageStorage, 状态码=200, 使用时间=7.6888ms, 操作员=张三, 客户端IP=183.11.219.32
[2026-01-27 11:50:02] [INFO] 请求处理完成 - 请求id=a24525bb-6f95-466f-888d-c457c5368e3c, 请求方法=GET, 路径=/internal/luggageStorage, 状态码=200, 使用时间=9.2916ms, 操作员=张三, 客户端IP=183.11.219.32
[2026-01-27 11:50:56] [DEBUG] 限流器状态 - name=local, tokens=49
[2026-01-27 11:50:56] [INFO] 请求处理完成 - 请求id=5621e093-cc5d-442f-8b7b-55421d3bbbe5, 请求方法=PUT, 路径=/internal/luggageStorage/20/pickup, 状态码=404, 使用时间=509.3µs, 操作员=未知, 客户端IP=183.11.219.32
[2026-01-27 11:55:02] [DEBUG] 限流器状态 - tokens=49, name=local
[2026-01-27 11:55:02] [INFO] 请求处理完成 - 请求id=b398da7f-707e-45e0-adaa-4e9720a6afb8, 请求方法=GET, 路径=/internal/luggageStorage, 状态码=401, 使用时间=982.7µs, 操作员=未知, 客户端IP=183.11.219.32
[2026-01-27 11:56:13] [DEBUG] 限流器状态 - name=local, tokens=49
[2026-01-27 11:56:13] [INFO] 员工登录成功 - username=123456
[2026-01-27 11:56:13] [INFO] 请求处理完成 - 请求id=5ff4687d-525e-4e7d-890f-dc9b36582256, 请求方法=POST, 路径=/login, 状态码=200, 使用时间=45.2072ms, 操作员=未知, 客户端IP=183.11.219.32
[2026-01-27 12:01:01] [DEBUG] 限流器状态 - name=local, tokens=49
[2026-01-27 12:01:01] [INFO] 请求处理完成 - 请求id=34a52888-4f67-427d-83a0-d17283b9cc7f, 请求方法=GET, 路径=/internal/luggageStorage, 状态码=200, 使用时间=12.6833ms, 操作员=张三, 客户端IP=183.11.219.32
[2026-01-27 12:01:11] [DEBUG] 限流器状态 - tokens=49, name=local
[2026-01-27 12:01:11] [INFO] 请求处理完成 - 请求id=80ba9fab-2451-4c40-b5a1-6e205d431a34, 请求方法=POST, 路径=/internal/luggageStorage/code/375898, 状态码=200, 使用时间=19.0304ms, 操作员=张三, 客户端IP=183.11.219.32
[2026-01-27 12:01:14] [DEBUG] 限流器状态 - name=local, tokens=49
[2026-01-27 12:01:14] [INFO] 请求处理完成 - 请求id=cbb6b042-59ec-41de-bb38-6eb5b2788b4b, 请求方法=GET, 路径=/internal/luggageStorage, 状态码=200, 使用时间=23.963ms, 操作员=张三, 客户端IP=183.11.219.32
[2026-01-27 12:01:18] [DEBUG] 限流器状态 - tokens=49, name=local
[2026-01-27 12:01:18] [INFO] 请求处理完成 - 请求id=adc76fdb-d807-47a1-aab1-2a1c63f150a3, 请求方法=POST, 路径=/internal/luggageStorage/code/420064, 状态码=200, 使用时间=23.0701ms, 操作员=张三, 客户端IP=183.11.219.32
[2026-01-27 12:01:20] [DEBUG] 限流器状态 - name=local, tokens=49
[2026-01-27 12:01:20] [INFO] 请求处理完成 - 请求id=f52dcea5-185c-485e-9472-538e59b77624, 请求方法=GET, 路径=/internal/luggageStorage, 状态码=200, 使用时间=11.1079ms, 操作员=张三, 客户端IP=183.11.219.32
[2026-01-27 12:01:24] [DEBUG] 限流器状态 - name=local, tokens=49
[2026-01-27 12:01:24] [INFO] 请求处理完成 - 请求id=1564f243-32aa-496d-8dc0-fcc7bbc22b8b, 请求方法=POST, 路径=/internal/luggageStorage/code/335834, 状态码=200, 使用时间=23.7425ms, 操作员=张三, 客户端IP=183.11.219.32
[2026-01-27 12:01:27] [DEBUG] 限流器状态 - name=local, tokens=49
[2026-01-27 12:01:27] [INFO] 请求处理完成 - 请求id=ff524367-d75f-4169-aec4-a1a46d904f19, 请求方法=GET, 路径=/internal/luggageStorage, 状态码=200, 使用时间=15.8528ms, 操作员=张三, 客户端IP=183.11.219.32
[2026-01-27 12:01:29] [DEBUG] 限流器状态 - tokens=49, name=local
[2026-01-27 12:01:29] [INFO] 请求处理完成 - 请求id=5b8ec6b9-5cfc-4979-83a0-681b83e67c01, 请求方法=POST, 路径=/internal/luggageStorage/code/301479, 状态码=200, 使用时间=23.4698ms, 操作员=张三, 客户端IP=183.11.219.32
[2026-01-27 12:01:32] [DEBUG] 限流器状态 - name=local, tokens=49
[2026-01-27 12:01:32] [INFO] 请求处理完成 - 请求id=ec77828d-8a5c-413b-95e0-c061ea119a18, 请求方法=GET, 路径=/internal/luggageStorage, 状态码=200, 使用时间=12.7399ms, 操作员=张三, 客户端IP=183.11.219.32
[2026-01-27 12:01:35] [DEBUG] 限流器状态 - name=local, tokens=49
[2026-01-27 12:01:35] [INFO] 请求处理完成 - 请求id=f8d1fcec-02bc-429a-a5d4-7eff88e842d3, 请求方法=POST, 路径=/internal/luggageStorage/code/156407, 状态码=200, 使用时间=13.9556ms, 操作员=张三, 客户端IP=183.11.219.32
[2026-01-27 12:01:36] [DEBUG] 限流器状态 - tokens=49, name=local
[2026-01-27 12:01:36] [INFO] 请求处理完成 - 请求id=39b25dbd-2814-486b-b403-a00dadc7121d, 请求方法=GET, 路径=/internal/luggageStorage, 状态码=200, 使用时间=18.0204ms, 操作员=张三, 客户端IP=183.11.219.32
[2026-01-27 12:01:40] [DEBUG] 限流器状态 - name=local, tokens=49
[2026-01-27 12:01:40] [INFO] 请求处理完成 - 请求id=71823c59-a8e3-4d9d-93c4-689da06481ac, 请求方法=POST, 路径=/internal/luggageStorage/code/567757, 状态码=200, 使用时间=12.7535ms, 操作员=张三, 客户端IP=183.11.219.32
[2026-01-27 12:01:41] [DEBUG] 限流器状态 - name=local, tokens=49
[2026-01-27 12:01:41] [INFO] 请求处理完成 - 请求id=40f868ff-a82f-4689-be74-e1199c75a09b, 请求方法=GET, 路径=/internal/luggageStorage, 状态码=200, 使用时间=15.1815ms, 操作员=张三, 客户端IP=183.11.219.32
[2026-01-27 12:01:44] [DEBUG] 限流器状态 - name=local, tokens=49
[2026-01-27 12:01:44] [INFO] 请求处理完成 - 请求id=712a2504-bb4d-4884-9357-4344210cde79, 请求方法=POST, 路径=/internal/luggageStorage/code/250484, 状态码=200, 使用时间=17.8678ms, 操作员=张三, 客户端IP=183.11.219.32
[2026-01-27 12:01:46] [DEBUG] 限流器状态 - name=local, tokens=49
[2026-01-27 12:01:46] [INFO] 请求处理完成 - 请求id=7da3d6cd-7ecb-42ba-a9a9-26b405ef5f4e, 请求方法=GET, 路径=/internal/luggageStorage, 状态码=200, 使用时间=14.031ms, 操作员=张三, 客户端IP=183.11.219.32
[2026-01-27 12:01:54] [DEBUG] 限流器状态 - name=local, tokens=49
[2026-01-27 12:01:54] [INFO] 请求处理完成 - 请求id=557b47cc-09f7-4b03-9aaa-c14afd1dd88f, 请求方法=POST, 路径=/internal/luggageStorage/code/181525, 状态码=200, 使用时间=19.9121ms, 操作员=张三, 客户端IP=183.11.219.32
[2026-01-27 12:01:55] [DEBUG] 限流器状态 - name=local, tokens=49
[2026-01-27 12:01:55] [INFO] 请求处理完成 - 请求id=124ae23c-1552-4015-b48a-83377b2fc226, 请求方法=GET, 路径=/internal/luggageStorage, 状态码=200, 使用时间=13.8046ms, 操作员=张三, 客户端IP=183.11.219.32
[2026-01-27 12:01:59] [DEBUG] 限流器状态 - tokens=49, name=local
[2026-01-27 12:01:59] [INFO] 请求处理完成 - 请求id=ee1650d7-52ef-407f-ab9e-c80c3d12207b, 请求方法=POST, 路径=/internal/luggageStorage/code/257265, 状态码=200, 使用时间=23.8333ms, 操作员=张三, 客户端IP=183.11.219.32
[2026-01-27 12:02:00] [DEBUG] 限流器状态 - name=local, tokens=49
[2026-01-27 12:02:00] [INFO] 请求处理完成 - 请求id=72a879c5-37b1-467b-b3e9-07df9bbe41f7, 请求方法=GET, 路径=/internal/luggageStorage, 状态码=200, 使用时间=15.6037ms, 操作员=张三, 客户端IP=183.11.219.32
[2026-01-27 12:02:05] [DEBUG] 限流器状态 - name=local, tokens=49
[2026-01-27 12:02:05] [INFO] 请求处理完成 - 请求id=9fe904a9-bf17-49ec-9554-be10ba5cf5d0, 请求方法=POST, 路径=/internal/luggageStorage/code/396263, 状态码=200, 使用时间=16.0389ms, 操作员=张三, 客户端IP=183.11.219.32
[2026-01-27 12:02:08] [DEBUG] 限流器状态 - name=local, tokens=49
[2026-01-27 12:02:08] [INFO] 请求处理完成 - 请求id=ba42a77b-eda5-49df-84a4-ddc3f66858a1, 请求方法=GET, 路径=/internal/luggageStorage, 状态码=200, 使用时间=13.9221ms, 操作员=张三, 客户端IP=183.11.219.32
[2026-01-27 12:02:11] [DEBUG] 限流器状态 - name=local, tokens=49
[2026-01-27 12:02:11] [INFO] 请求处理完成 - 请求id=e36355bf-cc8e-4074-ba91-723fb10ce768, 请求方法=POST, 路径=/internal/luggageStorage/code/489928, 状态码=200, 使用时间=19.6249ms, 操作员=张三, 客户端IP=183.11.219.32
[2026-01-27 12:02:12] [DEBUG] 限流器状态 - name=local, tokens=49
[2026-01-27 12:02:12] [INFO] 请求处理完成 - 请求id=de194edc-1da8-447b-ad72-6c4041c4cf10, 请求方法=GET, 路径=/internal/luggageStorage, 状态码=200, 使用时间=10.0891ms, 操作员=张三, 客户端IP=183.11.219.32
[2026-01-27 12:02:14] [DEBUG] 限流器状态 - name=local, tokens=49
[2026-01-27 12:02:14] [INFO] 请求处理完成 - 请求id=72f7274f-071c-4641-be18-a04e46123bfb, 请求方法=POST, 路径=/internal/luggageStorage/code/796823, 状态码=200, 使用时间=21.3067ms, 操作员=张三, 客户端IP=183.11.219.32
[2026-01-27 12:02:16] [DEBUG] 限流器状态 - name=local, tokens=49
[2026-01-27 12:02:16] [INFO] 请求处理完成 - 请求id=75ea382a-225b-4a1b-80d5-ba7673733db8, 请求方法=GET, 路径=/internal/luggageStorage, 状态码=200, 使用时间=21.0065ms, 操作员=张三, 客户端IP=183.11.219.32
[2026-01-27 12:02:19] [DEBUG] 限流器状态 - name=local, tokens=49
[2026-01-27 12:02:19] [INFO] 请求处理完成 - 请求id=190bc2c6-0263-4ac2-af8a-e9001f30fba4, 请求方法=POST, 路径=/internal/luggageStorage/code/485300, 状态码=200, 使用时间=25.0644ms, 操作员=张三, 客户端IP=183.11.219.32
[2026-01-27 12:02:21] [DEBUG] 限流器状态 - name=local, tokens=49
[2026-01-27 12:02:21] [INFO] 请求处理完成 - 请求id=dcb08bb2-2d16-4d6e-a8c4-e70901872695, 请求方法=GET, 路径=/internal/luggageStorage, 状态码=200, 使用时间=10.9972ms, 操作员=张三, 客户端IP=183.11.219.32
[2026-01-27 12:02:24] [DEBUG] 限流器状态 - name=local, tokens=49
[2026-01-27 12:02:24] [INFO] 请求处理完成 - 请求id=763bff27-2fec-4ff2-aaf4-53701315bac1, 请求方法=POST, 路径=/internal/luggageStorage/code/919981, 状态码=200, 使用时间=15.1914ms, 操作员=张三, 客户端IP=183.11.219.32
[2026-01-27 12:02:26] [DEBUG] 限流器状态 - tokens=49, name=local
[2026-01-27 12:02:26] [INFO] 请求处理完成 - 请求id=a81fd29e-829c-4c66-bedc-878407fabdfe, 请求方法=GET, 路径=/internal/luggageStorage, 状态码=200, 使用时间=10.911ms, 操作员=张三, 客户端IP=183.11.219.32
[2026-01-27 12:02:31] [DEBUG] 限流器状态 - name=local, tokens=49
[2026-01-27 12:02:31] [INFO] 请求处理完成 - 请求id=9201430c-5efa-4820-8f22-50738f9558bb, 请求方法=POST, 路径=/internal/luggageStorage/code/613303, 状态码=200, 使用时间=18.3769ms, 操作员=张三, 客户端IP=183.11.219.32
[2026-01-27 12:02:33] [DEBUG] 限流器状态 - name=local, tokens=49
[2026-01-27 12:02:33] [INFO] 请求处理完成 - 请求id=4a447714-b4ae-4670-b9fe-e93c52b69ad9, 请求方法=GET, 路径=/internal/luggageStorage, 状态码=200, 使用时间=16.8573ms, 操作员=张三, 客户端IP=183.11.219.32
[2026-01-27 12:02:35] [DEBUG] 限流器状态 - name=local, tokens=49
[2026-01-27 12:02:35] [INFO] 请求处理完成 - 请求id=0bdef0da-1a28-42ca-a1b5-49da9ac3d0d8, 请求方法=POST, 路径=/internal/luggageStorage/code/379127, 状态码=200, 使用时间=54.6129ms, 操作员=张三, 客户端IP=183.11.219.32
[2026-01-27 12:02:36] [DEBUG] 限流器状态 - name=local, tokens=49
[2026-01-27 12:02:36] [INFO] 请求处理完成 - 请求id=bef74b3d-b783-48d0-b40e-e548464c0caf, 请求方法=GET, 路径=/internal/luggageStorage, 状态码=200, 使用时间=9.3173ms, 操作员=张三, 客户端IP=183.11.219.32
[2026-01-27 12:02:38] [DEBUG] 限流器状态 - name=local, tokens=49
[2026-01-27 12:02:38] [INFO] 请求处理完成 - 请求id=0d59a868-1f9c-4790-9e6f-fb3fe66cb398, 请求方法=POST, 路径=/internal/luggageStorage/code/200744, 状态码=200, 使用时间=63.2909ms, 操作员=张三, 客户端IP=183.11.219.32
[2026-01-27 12:02:41] [DEBUG] 限流器状态 - tokens=49, name=local
[2026-01-27 12:02:41] [INFO] 请求处理完成 - 请求id=765e518d-da88-4fdc-9de7-54e5fb4aeb2d, 请求方法=GET, 路径=/internal/luggageStorage, 状态码=200, 使用时间=11.9713ms, 操作员=张三, 客户端IP=183.11.219.32
[2026-01-27 12:02:44] [DEBUG] 限流器状态 - name=local, tokens=49
[2026-01-27 12:02:44] [INFO] 请求处理完成 - 请求id=e1dda1ee-c582-4edc-9fae-3d0fe16a06ba, 请求方法=POST, 路径=/internal/luggageStorage/code/642338, 状态码=200, 使用时间=22.7491ms, 操作员=张三, 客户端IP=183.11.219.32
[2026-01-27 12:02:46] [DEBUG] 限流器状态 - name=local, tokens=49
[2026-01-27 12:02:46] [INFO] 请求处理完成 - 请求id=a92a2d43-cea0-4ffd-9e23-15b477749aee, 请求方法=GET, 路径=/internal/luggageStorage, 状态码=200, 使用时间=11.2085ms, 操作员=张三, 客户端IP=183.11.219.32
[2026-01-27 12:02:54] [DEBUG] 限流器状态 - name=local, tokens=49
[2026-01-27 12:02:54] [INFO] 请求处理完成 - 请求id=f7693a25-b39a-4c77-83aa-6d66cc6ff0fe, 请求方法=GET, 路径=/internal/luggageStorage, 状态码=200, 使用时间=9.1334ms, 操作员=张三, 客户端IP=183.11.219.32
[2026-01-27 12:02:57] [DEBUG] 限流器状态 - name=local, tokens=49
[2026-01-27 12:02:57] [INFO] 请求处理完成 - 请求id=01b7abba-9cae-4a31-a665-df09d4b8ee49, 请求方法=GET, 路径=/internal/luggageStorage, 状态码=200, 使用时间=9.0044ms, 操作员=张三, 客户端IP=183.11.219.32
[2026-01-27 12:03:14] [DEBUG] 限流器状态 - name=local, tokens=49
[2026-01-27 12:03:14] [INFO] 请求处理完成 - 请求id=f21ae414-2322-4807-ab54-e2b650f1e68c, 请求方法=GET, 路径=/internal/location, 状态码=200, 使用时间=14.126ms, 操作员=张三, 客户端IP=183.11.219.32
[2026-01-27 12:04:04] [DEBUG] 限流器状态 - name=local, tokens=49
[2026-01-27 12:04:04] [INFO] 请求处理完成 - 请求id=d66293f0-63a7-4ab1-8941-3481ca363899, 请求方法=GET, 路径=/internal/tag, 状态码=200, 使用时间=16.3229ms, 操作员=张三, 客户端IP=183.11.219.32
[2026-01-27 12:04:17] [DEBUG] 限流器状态 - name=local, tokens=49
[2026-01-27 12:04:17] [INFO] 请求处理完成 - 请求id=9125ca9e-6257-418b-a14c-e6466bf8d81b, 请求方法=POST, 路径=/internal/luggageStorage, 状态码=201, 使用时间=17.0874ms, 操作员=张三, 客户端IP=183.11.219.32
[2026-01-27 12:04:26] [DEBUG] 限流器状态 - name=local, tokens=49
[2026-01-27 12:04:26] [INFO] 请求处理完成 - 请求id=46536529-f4c5-4dae-af32-506657cfc456, 请求方法=GET, 路径=/internal/luggageStorage, 状态码=200, 使用时间=15.8229ms, 操作员=张三, 客户端IP=183.11.219.32
[2026-01-27 12:04:38] [DEBUG] 限流器状态 - name=local, tokens=49
[2026-01-27 12:04:38] [INFO] 请求处理完成 - 请求id=372d48df-2af3-4f13-845f-1a085966de51, 请求方法=GET, 路径=/internal/location, 状态码=200, 使用时间=8.4837ms, 操作员=张三, 客户端IP=183.11.219.32
[2026-01-27 12:04:45] [DEBUG] 限流器状态 - tokens=49, name=local
[2026-01-27 12:04:45] [INFO] 请求处理完成 - 请求id=5a64b5ab-b38f-4c1d-99c7-fd50e143558e, 请求方法=GET, 路径=/internal/tag, 状态码=200, 使用时间=11.8693ms, 操作员=张三, 客户端IP=183.11.219.32
[2026-01-27 12:04:55] [DEBUG] 限流器状态 - tokens=49, name=local
[2026-01-27 12:04:55] [INFO] 请求处理完成 - 请求id=17c2ab7b-04fa-49a3-b449-917499b5f44f, 请求方法=POST, 路径=/internal/luggageStorage, 状态码=201, 使用时间=21.2887ms, 操作员=张三, 客户端IP=183.11.219.32
[2026-01-27 12:05:02] [DEBUG] 限流器状态 - tokens=49, name=local
[2026-01-27 12:05:02] [INFO] 请求处理完成 - 请求id=8cf6c752-b011-49b5-bf62-bcdc243cb98b, 请求方法=GET, 路径=/internal/tag, 状态码=200, 使用时间=24.7163ms, 操作员=张三, 客户端IP=183.11.219.32
[2026-01-27 12:05:11] [DEBUG] 限流器状态 - name=local, tokens=49
[2026-01-27 12:05:11] [INFO] 员工登录成功 - username=admin
[2026-01-27 12:05:11] [INFO] 请求处理完成 - 请求id=bbd61057-0d73-455b-8b03-3a90645f3170, 请求方法=POST, 路径=/login, 状态码=200, 使用时间=43.5399ms, 操作员=未知, 客户端IP=::1
[2026-01-27 12:05:12] [DEBUG] 限流器状态 - tokens=49, name=local
[2026-01-27 12:05:12] [INFO] 请求处理完成 - 请求id=4a56d6c8-f07e-48c8-8c92-6d317da61e2e, 请求方法=POST, 路径=/internal/tag, 状态码=200, 使用时间=17.1194ms, 操作员=张三, 客户端IP=183.11.219.32
[2026-01-27 12:05:13] [DEBUG] 限流器状态 - name=local, tokens=49
[2026-01-27 12:05:13] [INFO] 请求处理完成 - 请求id=71eb2903-ab47-4150-bd1b-649c2b6d7e79, 请求方法=GET, 路径=/internal/tag, 状态码=200, 使用时间=14.7375ms, 操作员=, 客户端IP=::1
[2026-01-27 12:05:14] [DEBUG] 限流器状态 - name=local, tokens=49
[2026-01-27 12:05:14] [INFO] 请求处理完成 - 请求id=5e43c7d3-4308-455f-b640-1afa72c7391c, 请求方法=GET, 路径=/internal/tag, 状态码=200, 使用时间=9.4818ms, 操作员=张三, 客户端IP=183.11.219.32
[2026-01-27 12:05:17] [DEBUG] 限流器状态 - name=local, tokens=49
[2026-01-27 12:05:17] [INFO] 请求处理完成 - 请求id=f2066432-896f-4871-981d-bc7debf100e2, 请求方法=GET, 路径=/internal/tag, 状态码=200, 使用时间=17.3198ms, 操作员=张三, 客户端IP=183.11.219.32
[2026-01-27 12:05:24] [DEBUG] 限流器状态 - name=local, tokens=49
[2026-01-27 12:05:24] [INFO] 请求处理完成 - 请求id=3fb6fe16-5a1f-48ad-b22b-4a7230f859bf, 请求方法=POST, 路径=/internal/tag, 状态码=409, 使用时间=14.2462ms, 操作员=张三, 客户端IP=183.11.219.32
[2026-01-27 12:05:35] [DEBUG] 限流器状态 - name=local, tokens=49
[2026-01-27 12:05:35] [INFO] 请求处理完成 - 请求id=4b6934d2-b404-42d0-9384-a1c3635e9986, 请求方法=POST, 路径=/internal/tag, 状态码=200, 使用时间=13.2099ms, 操作员=张三, 客户端IP=183.11.219.32
[2026-01-27 12:05:38] [DEBUG] 限流器状态 - tokens=49, name=local
[2026-01-27 12:05:38] [INFO] 请求处理完成 - 请求id=8efc8efd-b33a-47d9-9907-de2c9edc547e, 请求方法=GET, 路径=/internal/tag, 状态码=200, 使用时间=7.8896ms, 操作员=张三, 客户端IP=183.11.219.32
[2026-01-27 12:05:42] [DEBUG] 限流器状态 - tokens=49, name=local
[2026-01-27 12:05:42] [INFO] 请求处理完成 - 请求id=58b33474-989f-42f9-a50b-71c87bc8d6e7, 请求方法=GET, 路径=/internal/luggageStorage, 状态码=200, 使用时间=17.5675ms, 操作员=张三, 客户端IP=183.11.219.32
[2026-01-27 12:06:44] [DEBUG] 限流器状态 - tokens=49, name=local
[2026-01-27 12:06:44] [INFO] 请求处理完成 - 请求id=ad7f0f6b-75bb-4547-90a8-7e2376c169e2, 请求方法=GET, 路径=/internal/luggageStorage, 状态码=200, 使用时间=15.4249ms, 操作员=张三, 客户端IP=183.11.219.32
[2026-01-27 12:06:46] [DEBUG] 限流器状态 - name=local, tokens=49
[2026-01-27 12:06:46] [INFO] 请求处理完成 - 请求id=00279fbf-87b6-4c28-a30c-034491311e27, 请求方法=POST, 路径=/internal/luggageStorage/code/589865, 状态码=200, 使用时间=18.5849ms, 操作员=张三, 客户端IP=183.11.219.32
[2026-01-27 12:06:49] [DEBUG] 限流器状态 - name=local, tokens=49
[2026-01-27 12:06:49] [INFO] 请求处理完成 - 请求id=da12455f-324b-4d2e-9050-ae5944170598, 请求方法=GET, 路径=/internal/luggageStorage, 状态码=200, 使用时间=17.4065ms, 操作员=张三, 客户端IP=183.11.219.32
[2026-01-27 12:06:52] [DEBUG] 限流器状态 - tokens=49, name=local
[2026-01-27 12:06:52] [INFO] 请求处理完成 - 请求id=b2c3f87b-4973-4c91-b5aa-57ee9684a5a9, 请求方法=POST, 路径=/internal/luggageStorage/code/854055, 状态码=200, 使用时间=14.6896ms, 操作员=张三, 客户端IP=183.11.219.32
[2026-01-27 12:06:54] [DEBUG] 限流器状态 - tokens=49, name=local
[2026-01-27 12:06:54] [INFO] 请求处理完成 - 请求id=3d060bda-31cc-4342-a053-eef96b936146, 请求方法=GET, 路径=/internal/luggageStorage, 状态码=200, 使用时间=12.4444ms, 操作员=张三, 客户端IP=183.11.219.32
[2026-01-27 12:07:18] [DEBUG] 限流器状态 - name=local, tokens=49
[2026-01-27 12:07:18] [INFO] 请求处理完成 - 请求id=10ddd80e-471b-41bd-af3f-acced1a03f3a, 请求方法=GET, 路径=/internal/location, 状态码=200, 使用时间=11.2828ms, 操作员=张三, 客户端IP=183.11.219.32
[2026-01-27 12:07:26] [DEBUG] 限流器状态 - name=local, tokens=49
[2026-01-27 12:07:26] [INFO] 请求处理完成 - 请求id=930f2421-7f4b-4dec-8e3e-78207600b9ef, 请求方法=GET, 路径=/internal/tag, 状态码=200, 使用时间=10.4383ms, 操作员=张三, 客户端IP=183.11.219.32
[2026-01-27 12:07:32] [DEBUG] 限流器状态 - tokens=49, name=local
[2026-01-27 12:07:32] [INFO] 请求处理完成 - 请求id=58bf23a2-2fa2-48e2-a528-351f51d28e04, 请求方法=POST, 路径=/internal/luggageStorage, 状态码=201, 使用时间=15.5327ms, 操作员=张三, 客户端IP=183.11.219.32
[2026-01-27 12:07:52] [DEBUG] 限流器状态 - name=local, tokens=49
[2026-01-27 12:07:52] [INFO] 请求处理完成 - 请求id=011a8b8a-69b2-4d5a-a852-f0dc3ce38513, 请求方法=GET, 路径=/internal/location, 状态码=200, 使用时间=11.5506ms, 操作员=张三, 客户端IP=183.11.219.32
[2026-01-27 12:07:59] [DEBUG] 限流器状态 - name=local, tokens=49
[2026-01-27 12:07:59] [INFO] 请求处理完成 - 请求id=2d5c1200-d47d-4de9-99dd-de42cb1422f1, 请求方法=GET, 路径=/internal/tag, 状态码=200, 使用时间=12.2074ms, 操作员=张三, 客户端IP=183.11.219.32
[2026-01-27 12:08:03] [DEBUG] 限流器状态 - name=local, tokens=49
[2026-01-27 12:08:03] [INFO] 请求处理完成 - 请求id=32b1c9fb-b9eb-4d75-9ec4-a71cf9b9d4f8, 请求方法=POST, 路径=/internal/luggageStorage, 状态码=201, 使用时间=18.571ms, 操作员=张三, 客户端IP=183.11.219.32
[2026-01-27 12:08:16] [DEBUG] 限流器状态 - name=local, tokens=49
[2026-01-27 12:08:16] [INFO] 请求处理完成 - 请求id=58cf9550-82c8-4877-b8e0-9b28613db5ca, 请求方法=GET, 路径=/internal/luggageStorage, 状态码=200, 使用时间=12.5587ms, 操作员=张三, 客户端IP=183.11.219.32
[2026-01-27 12:08:23] [DEBUG] 限流器状态 - tokens=49, name=local
[2026-01-27 12:08:23] [INFO] 请求处理完成 - 请求id=e0b76f10-5cc4-4385-993d-87748e864606, 请求方法=GET, 路径=/internal/luggageStorage, 状态码=200, 使用时间=13.4601ms, 操作员=张三, 客户端IP=183.11.219.32
[2026-01-27 12:08:27] [DEBUG] 限流器状态 - name=local, tokens=49
[2026-01-27 12:08:27] [INFO] 请求处理完成 - 请求id=a5b9bb92-cd93-443e-885d-e1f62164d1c9, 请求方法=GET, 路径=/internal/luggageStorage, 状态码=200, 使用时间=8.8169ms, 操作员=张三, 客户端IP=183.11.219.32
[2026-01-27 12:10:12] [DEBUG] 限流器状态 - name=local, tokens=49
[2026-01-27 12:10:12] [INFO] 请求处理完成 - 请求id=fb0e2ba4-0a48-4a72-816f-a7c72c0e744f, 请求方法=GET, 路径=/internal/luggageStorage, 状态码=200, 使用时间=16.5741ms, 操作员=张三, 客户端IP=183.11.219.32
[2026-01-27 12:10:28] [DEBUG] 限流器状态 - name=local, tokens=49
[2026-01-27 12:10:28] [INFO] 请求处理完成 - 请求id=c7f6af4d-a99f-4985-9dd2-e18a83713c51, 请求方法=GET, 路径=/internal/luggageStorage, 状态码=200, 使用时间=10.6162ms, 操作员=张三, 客户端IP=183.11.219.32
[2026-01-27 12:10:30] [DEBUG] 限流器状态 - name=local, tokens=49
[2026-01-27 12:10:30] [INFO] 请求处理完成 - 请求id=de019b8c-7373-4595-b5cf-79cbb63c3257, 请求方法=GET, 路径=/internal/luggageStorage, 状态码=200, 使用时间=19.8752ms, 操作员=张三, 客户端IP=183.11.219.32
[2026-01-27 12:10:32] [DEBUG] 限流器状态 - name=local, tokens=49
[2026-01-27 12:10:32] [INFO] 请求处理完成 - 请求id=fe98e10f-9103-4272-8176-9eba17e579f5, 请求方法=GET, 路径=/internal/luggageStorage, 状态码=200, 使用时间=22.0703ms, 操作员=张三, 客户端IP=183.11.219.32
[2026-01-27 12:54:42] [DEBUG] 限流器状态 - tokens=49, name=local
[2026-01-27 12:54:42] [INFO] 请求处理完成 - 请求id=d1763110-83cf-4fbe-a9bd-24141c8edf2e, 请求方法=GET, 路径=/internal/luggageStorage, 状态码=401, 使用时间=2.7633ms, 操作员=未知, 客户端IP=183.11.219.32
[2026-01-27 13:20:53] [DEBUG] 限流器状态 - name=local, tokens=49
[2026-01-27 13:20:53] [INFO] 员工登录成功 - username=123456
[2026-01-27 13:20:53] [INFO] 请求处理完成 - 请求id=f7e4ef6a-50a5-48d7-8c32-cb2394849d36, 请求方法=POST, 路径=/login, 状态码=200, 使用时间=48.1837ms, 操作员=未知, 客户端IP=183.11.219.32
[2026-01-27 13:20:57] [DEBUG] 限流器状态 - name=local, tokens=49
[2026-01-27 13:20:57] [INFO] 请求处理完成 - 请求id=58ad8e51-a6c7-4726-bf6c-6cad28220995, 请求方法=GET, 路径=/internal/luggageStorage, 状态码=200, 使用时间=14.4051ms, 操作员=张三, 客户端IP=183.11.219.32
[2026-01-27 13:23:14] [DEBUG] 限流器状态 - name=local, tokens=49
[2026-01-27 13:23:14] [INFO] 请求处理完成 - 请求id=1cdadf50-e34d-4cc4-9c3f-73843ee9e709, 请求方法=GET, 路径=/internal/luggageStorage, 状态码=200, 使用时间=9.5196ms, 操作员=张三, 客户端IP=183.11.219.32
[2026-01-27 13:25:15] [DEBUG] 限流器状态 - tokens=49, name=local
[2026-01-27 13:25:15] [INFO] 请求处理完成 - 请求id=bbd79939-52b0-4229-bd0e-861e3e50ebdb, 请求方法=GET, 路径=/internal/luggageStorage, 状态码=200, 使用时间=12.6641ms, 操作员=张三, 客户端IP=183.11.219.32
[2026-01-27 13:25:26] [DEBUG] 限流器状态 - name=local, tokens=49
[2026-01-27 13:25:26] [INFO] 请求处理完成 - 请求id=472f743d-752a-4553-9d61-56fcab9a8b88, 请求方法=GET, 路径=/internal/luggageStorage, 状态码=200, 使用时间=10.5259ms, 操作员=张三, 客户端IP=183.11.219.32
[2026-01-27 13:26:16] [DEBUG] 限流器状态 - name=local, tokens=49
[2026-01-27 13:26:16] [INFO] 请求处理完成 - 请求id=f8b078c6-9e87-4e5e-a7f2-e727131b1cd2, 请求方法=GET, 路径=/internal/luggageStorage, 状态码=200, 使用时间=16.2285ms, 操作员=张三, 客户端IP=183.11.219.32
[2026-01-27 13:26:23] [DEBUG] 限流器状态 - tokens=49, name=local
[2026-01-27 13:26:23] [INFO] 请求处理完成 - 请求id=3ee5517b-b153-4616-947c-84d120d8fa1d, 请求方法=GET, 路径=/internal/luggageStorage, 状态码=200, 使用时间=14.8811ms, 操作员=张三, 客户端IP=183.11.219.32
[2026-01-27 13:26:42] [DEBUG] 限流器状态 - tokens=49, name=local
[2026-01-27 13:26:42] [INFO] 请求处理完成 - 请求id=4cd76706-3ab8-4c1f-bd23-8ceff193fff3, 请求方法=GET, 路径=/internal/luggageStorage, 状态码=200, 使用时间=15.5805ms, 操作员=张三, 客户端IP=183.11.219.32
[2026-01-27 13:26:44] [DEBUG] 限流器状态 - name=local, tokens=49
[2026-01-27 13:26:44] [INFO] 请求处理完成 - 请求id=abf98fff-f102-4e3f-9e3a-03c658111baf, 请求方法=GET, 路径=/internal/luggageStorage, 状态码=200, 使用时间=11.7415ms, 操作员=张三, 客户端IP=183.11.219.32
[2026-01-27 13:26:47] [DEBUG] 限流器状态 - name=local, tokens=49
[2026-01-27 13:26:47] [INFO] 请求处理完成 - 请求id=42d98a2e-8f40-43ea-b0c3-abcf7209fdcd, 请求方法=GET, 路径=/internal/luggageStorage, 状态码=200, 使用时间=11.9877ms, 操作员=张三, 客户端IP=183.11.219.32
[2026-01-27 13:32:31] [DEBUG] 限流器状态 - name=local, tokens=49
[2026-01-27 13:32:31] [INFO] 请求处理完成 - 请求id=eeb739b4-98cb-42f4-b04c-bbfddbed9a7e, 请求方法=GET, 路径=/internal/tag, 状态码=200, 使用时间=6.7313ms, 操作员=张三, 客户端IP=183.11.219.32
[2026-01-27 13:33:27] [DEBUG] 限流器状态 - name=local, tokens=49
[2026-01-27 13:33:27] [INFO] 请求处理完成 - 请求id=0b3ca6b0-496b-4d8a-a688-eb59c406dd6c, 请求方法=GET, 路径=/internal/luggageStorage, 状态码=200, 使用时间=15.9946ms, 操作员=张三, 客户端IP=183.11.219.32
[2026-01-27 13:35:04] [DEBUG] 限流器状态 - name=local, tokens=49
[2026-01-27 13:35:04] [INFO] 请求处理完成 - 请求id=7b1ee7fc-ab13-4ca5-8bbe-a27cd45794c3, 请求方法=GET, 路径=/internal/luggageStorage, 状态码=200, 使用时间=10.2356ms, 操作员=张三, 客户端IP=183.11.219.32
[2026-01-27 13:36:54] [DEBUG] 限流器状态 - tokens=49, name=local
[2026-01-27 13:36:54] [INFO] 请求处理完成 - 请求id=ba56d143-bcdd-4140-9fea-ae49666edf95, 请求方法=GET, 路径=/internal/luggageStorage, 状态码=401, 使用时间=1.1997ms, 操作员=未知, 客户端IP=183.11.219.32
[2026-01-27 13:37:07] [DEBUG] 限流器状态 - name=local, tokens=49
[2026-01-27 13:37:07] [INFO] 员工登录成功 - username=123456
[2026-01-27 13:37:07] [INFO] 请求处理完成 - 请求id=a7ffa34c-9d87-4c36-86d6-770d6f00e4d5, 请求方法=POST, 路径=/login, 状态码=200, 使用时间=44.4237ms, 操作员=未知, 客户端IP=183.11.219.32
[2026-01-27 13:37:11] [DEBUG] 限流器状态 - tokens=49, name=local
[2026-01-27 13:37:11] [INFO] 请求处理完成 - 请求id=e0bf0499-9335-4d73-a9d6-0a22b41ca3e2, 请求方法=GET, 路径=/internal/luggageStorage, 状态码=200, 使用时间=12.7905ms, 操作员=张三, 客户端IP=183.11.219.32
[2026-01-27 13:37:17] [DEBUG] 限流器状态 - tokens=49, name=local
[2026-01-27 13:37:17] [INFO] 请求处理完成 - 请求id=aeb10a6d-ff56-4ce9-866d-7f6c68c22ced, 请求方法=GET, 路径=/internal/luggageStorage, 状态码=200, 使用时间=9.7102ms, 操作员=张三, 客户端IP=183.11.219.32
[2026-01-27 13:37:20] [DEBUG] 限流器状态 - name=local, tokens=49
[2026-01-27 13:37:20] [INFO] 请求处理完成 - 请求id=fc63b44a-3f3d-4555-be2c-9f3af57cee05, 请求方法=GET, 路径=/internal/luggageStorage, 状态码=200, 使用时间=12.082ms, 操作员=张三, 客户端IP=183.11.219.32
[2026-01-27 13:38:46] [DEBUG] 限流器状态 - name=local, tokens=49
[2026-01-27 13:38:46] [INFO] 请求处理完成 - 请求id=928408f9-83b5-4ea4-a7f4-70a0c06dfb53, 请求方法=GET, 路径=/internal/luggageStorage, 状态码=200, 使用时间=10.6414ms, 操作员=张三, 客户端IP=183.11.219.32
[2026-01-27 13:40:13] [DEBUG] 限流器状态 - name=local, tokens=49
[2026-01-27 13:40:13] [INFO] 请求处理完成 - 请求id=5b5b0983-6f68-46f5-8c6e-02ca7f773dad, 请求方法=GET, 路径=/internal/luggageStorage, 状态码=200, 使用时间=14.556ms, 操作员=张三, 客户端IP=183.11.219.32
[2026-01-27 13:43:41] [DEBUG] 限流器状态 - name=local, tokens=49
[2026-01-27 13:43:41] [INFO] 请求处理完成 - 请求id=3f21d45b-5cee-40c8-af11-c4a0c604ba15, 请求方法=GET, 路径=/internal/luggageStorage, 状态码=200, 使用时间=24.0078ms, 操作员=张三, 客户端IP=183.11.219.32
[2026-01-27 13:45:40] [DEBUG] 限流器状态 - name=local, tokens=49
[2026-01-27 13:45:40] [INFO] 员工登录成功 - username=123456
[2026-01-27 13:45:40] [INFO] 请求处理完成 - 请求id=956cb6b9-f045-41ee-beb4-7ffd4738c1b5, 请求方法=POST, 路径=/login, 状态码=200, 使用时间=43.0374ms, 操作员=未知, 客户端IP=183.11.219.32
[2026-01-27 13:45:44] [DEBUG] 限流器状态 - name=local, tokens=49
[2026-01-27 13:45:44] [INFO] 请求处理完成 - 请求id=76eb1029-5440-403b-9516-4edba2eafa5a, 请求方法=GET, 路径=/internal/luggageStorage, 状态码=200, 使用时间=47.3244ms, 操作员=张三, 客户端IP=183.11.219.32
[2026-01-27 13:45:46] [DEBUG] 限流器状态 - tokens=49, name=local
[2026-01-27 13:45:46] [INFO] 请求处理完成 - 请求id=9397d60a-04fe-42aa-a7d7-46150e6304f0, 请求方法=GET, 路径=/internal/luggageStorage, 状态码=200, 使用时间=11.5647ms, 操作员=张三, 客户端IP=183.11.219.32
[2026-01-27 13:45:49] [DEBUG] 限流器状态 - tokens=49, name=local
[2026-01-27 13:45:49] [INFO] 请求处理完成 - 请求id=25f8fbc1-e0e0-4461-ac1a-817d00668073, 请求方法=GET, 路径=/internal/luggageStorage, 状态码=200, 使用时间=11.2356ms, 操作员=张三, 客户端IP=183.11.219.32
[2026-01-27 13:45:59] [DEBUG] 限流器状态 - name=local, tokens=49
[2026-01-27 13:45:59] [INFO] 请求处理完成 - 请求id=80f9b4e5-1e22-4ee5-9a21-05b49d033712, 请求方法=GET, 路径=/internal/luggageStorage, 状态码=401, 使用时间=842.6µs, 操作员=未知, 客户端IP=183.11.219.32
[2026-01-27 13:47:17] [DEBUG] 限流器状态 - name=local, tokens=49
[2026-01-27 13:47:17] [INFO] 请求处理完成 - 请求id=1eef188f-740e-45ce-bbfe-0cc4be96629a, 请求方法=GET, 路径=/internal/luggageStorage, 状态码=200, 使用时间=13.3252ms, 操作员=张三, 客户端IP=183.11.219.32
[2026-01-27 13:47:18] [DEBUG] 限流器状态 - name=local, tokens=49
[2026-01-27 13:47:18] [INFO] 请求处理完成 - 请求id=183fbab5-7f0c-47da-80af-759fa70c2e2b, 请求方法=GET, 路径=/internal/luggageStorage, 状态码=200, 使用时间=20.7968ms, 操作员=张三, 客户端IP=183.11.219.32
[2026-01-27 13:56:47] [DEBUG] 限流器状态 - name=local, tokens=49
[2026-01-27 13:56:47] [INFO] 请求处理完成 - 请求id=51fe573e-b80c-41b5-b357-565db9ad4d0a, 请求方法=GET, 路径=/internal/luggageStorage, 状态码=200, 使用时间=11.8005ms, 操作员=张三, 客户端IP=183.11.219.32
[2026-01-27 13:56:48] [DEBUG] 限流器状态 - name=local, tokens=49
[2026-01-27 13:56:48] [INFO] 请求处理完成 - 请求id=9de7b475-39fa-4fab-b533-0743782702c8, 请求方法=GET, 路径=/internal/luggageStorage, 状态码=200, 使用时间=8.4742ms, 操作员=张三, 客户端IP=183.11.219.32
[2026-01-27 13:57:17] [DEBUG] 限流器状态 - tokens=49, name=local
[2026-01-27 13:57:17] [INFO] 请求处理完成 - 请求id=30e110fb-3b6e-45d5-a745-51201350cd68, 请求方法=GET, 路径=/internal/luggageStorage, 状态码=200, 使用时间=12.4115ms, 操作员=张三, 客户端IP=183.11.219.32
[2026-01-27 13:57:30] [DEBUG] 限流器状态 - tokens=49, name=local
[2026-01-27 13:57:30] [INFO] 请求处理完成 - 请求id=cf1f6977-d563-4948-8ad4-d60acfb327b0, 请求方法=GET, 路径=/internal/luggageStorage, 状态码=200, 使用时间=11.7385ms, 操作员=张三, 客户端IP=183.11.219.32
[2026-01-27 13:58:06] [DEBUG] 限流器状态 - name=local, tokens=49
[2026-01-27 13:58:06] [INFO] 请求处理完成 - 请求id=f052299d-dd21-4e97-b44d-04f89b661ef0, 请求方法=GET, 路径=/internal/luggageStorage, 状态码=200, 使用时间=11.9527ms, 操作员=张三, 客户端IP=183.11.219.32
[2026-01-27 13:59:03] [DEBUG] 限流器状态 - name=local, tokens=49
[2026-01-27 13:59:03] [INFO] 请求处理完成 - 请求id=03c02885-48b3-40f6-85ea-b06990e843e3, 请求方法=GET, 路径=/internal/luggageStorage, 状态码=200, 使用时间=15.8115ms, 操作员=张三, 客户端IP=183.11.219.32
[2026-01-27 13:59:08] [DEBUG] 限流器状态 - name=local, tokens=49
[2026-01-27 13:59:08] [INFO] 请求处理完成 - 请求id=a3139d79-7123-4aa4-85d6-020d54024e03, 请求方法=GET, 路径=/internal/luggageStorage, 状态码=200, 使用时间=11.7581ms, 操作员=张三, 客户端IP=183.11.219.32
